2026.09.20 16:54:20 INFO  Started: Metals version 1.6.9 in folders 'C:\CARMOVO_PROY\CARMOVO\backend' for client Visual Studio Code 1.137.0.
2026.09.20 16:54:20 INFO  Memory monitor started
2026.09.20 16:54:22 WARN  Using H2 2.5.250 which is newer than the version Flyway has been verified with. The latest verified version of H2 is 2.3.232.
2026.09.20 16:54:29 INFO  running 'C:\Program Files\Java\jdk-25\bin\java.exe -Dfile.encoding=UTF-8 -Dmaven.multiModuleProjectDirectory=C:\CARMOVO_PROY\CARMOVO\backend -Dmaven.home=C:\Users\hp\AppData\Local\Temp\metals1186982657925369748 -cp C:\Users\hp\AppData\Local\Temp\metals1186982657925369748\maven-wrapper.jar org.apache.maven.wrapper.MavenWrapperMain generate-sources ch.epfl.scala:bloop-maven-plugin:2.0.5:bloopInstall -DdownloadSources=true'
2026.09.20 16:54:35 ERROR WARNING: A restricted method in java.lang.System has been called
2026.09.20 16:54:35 ERROR WARNING: java.lang.System::load has been called by org.fusesource.jansi.internal.JansiLoader in an unnamed module (file:/C:/Users/hp/.m2/wrapper/dists/apache-maven-3.9.9-bin/33b4b2b4/apache-maven-3.9.9/lib/jansi-2.4.1.jar)
2026.09.20 16:54:35 ERROR WARNING: Use --enable-native-access=ALL-UNNAMED to avoid a warning for callers in this module
2026.09.20 16:54:35 ERROR WARNING: Restricted methods will be blocked in a future release unless native access is enabled
2026.09.20 16:54:35 ERROR 
2026.09.20 16:54:35 ERROR WARNING: A terminally deprecated method in sun.misc.Unsafe has been called
2026.09.20 16:54:35 ERROR WARNING: sun.misc.Unsafe::objectFieldOffset has been called by com.google.common.util.concurrent.AbstractFuture$UnsafeAtomicHelper (file:/C:/Users/hp/.m2/wrapper/dists/apache-maven-3.9.9-bin/33b4b2b4/apache-maven-3.9.9/lib/guava-33.2.1-jre.jar)
2026.09.20 16:54:35 ERROR WARNING: Please consider reporting this to the maintainers of class com.google.common.util.concurrent.AbstractFuture$UnsafeAtomicHelper
2026.09.20 16:54:35 ERROR WARNING: sun.misc.Unsafe::objectFieldOffset will be removed in a future release
2026.09.20 16:54:37 INFO  [INFO] Scanning for projects...
2026.09.20 16:54:37 INFO  Downloading from central: https://repo.maven.apache.org/maven2/ch/epfl/scala/bloop-maven-plugin/2.0.5/bloop-maven-plugin-2.0.5.pom
2026.09.20 16:54:37 INFO  Progress (1): 1.1 kB
2026.09.20 16:54:37 INFO  Progress (1): 2.5 kB
2026.09.20 16:54:37 INFO  Progress (1): 5.6 kB
2026.09.20 16:54:37 INFO  Progress (1): 8.0 kB
2026.09.20 16:54:37 INFO                      
2026.09.20 16:54:37 INFO  Downloaded from central: https://repo.maven.apache.org/maven2/ch/epfl/scala/bloop-maven-plugin/2.0.5/bloop-maven-plugin-2.0.5.pom (8.0 kB at 29 kB/s)
2026.09.20 16:54:37 INFO  Downloading from central: https://repo.maven.apache.org/maven2/ch/epfl/scala/bloop-maven-plugin/2.0.5/bloop-maven-plugin-2.0.5.jar
2026.09.20 16:54:37 INFO  Progress (1): 0.9/53 kB
2026.09.20 16:54:37 INFO  Progress (1): 2.3/53 kB
2026.09.20 16:54:37 INFO  Progress (1): 3.1/53 kB
2026.09.20 16:54:37 INFO  Progress (1): 4.5/53 kB
2026.09.20 16:54:37 INFO  Progress (1): 5.9/53 kB
2026.09.20 16:54:37 INFO  Progress (1): 7.3/53 kB
2026.09.20 16:54:37 INFO  Progress (1): 8.6/53 kB
2026.09.20 16:54:37 INFO  Progress (1): 10.0/53 kB
2026.09.20 16:54:37 INFO  Progress (1): 11/53 kB  
2026.09.20 16:54:37 INFO  Progress (1): 13/53 kB
2026.09.20 16:54:37 INFO  Progress (1): 14/53 kB
2026.09.20 16:54:37 INFO  Progress (1): 15/53 kB
2026.09.20 16:54:37 INFO  Progress (1): 17/53 kB
2026.09.20 16:54:37 INFO  Progress (1): 18/53 kB
2026.09.20 16:54:37 INFO  Progress (1): 20/53 kB
2026.09.20 16:54:37 INFO  Progress (1): 21/53 kB
2026.09.20 16:54:37 INFO  Progress (1): 22/53 kB
2026.09.20 16:54:37 INFO  Progress (1): 24/53 kB
2026.09.20 16:54:37 INFO  Progress (1): 25/53 kB
2026.09.20 16:54:37 INFO  Progress (1): 26/53 kB
2026.09.20 16:54:37 INFO  Progress (1): 28/53 kB
2026.09.20 16:54:37 INFO  Progress (1): 29/53 kB
2026.09.20 16:54:37 INFO  Progress (1): 30/53 kB
2026.09.20 16:54:37 INFO  Progress (1): 32/53 kB
2026.09.20 16:54:37 INFO  Progress (1): 33/53 kB
2026.09.20 16:54:37 INFO  Progress (1): 35/53 kB
2026.09.20 16:54:37 INFO  Progress (1): 36/53 kB
2026.09.20 16:54:37 INFO  Progress (1): 37/53 kB
2026.09.20 16:54:37 INFO  Progress (1): 39/53 kB
2026.09.20 16:54:37 INFO  Progress (1): 40/53 kB
2026.09.20 16:54:37 INFO  Progress (1): 41/53 kB
2026.09.20 16:54:37 INFO  Progress (1): 43/53 kB
2026.09.20 16:54:37 INFO  Progress (1): 44/53 kB
2026.09.20 16:54:37 INFO  Progress (1): 46/53 kB
2026.09.20 16:54:37 INFO  Progress (1): 47/53 kB
2026.09.20 16:54:37 INFO  Progress (1): 48/53 kB
2026.09.20 16:54:37 INFO  Progress (1): 50/53 kB
2026.09.20 16:54:37 INFO  Progress (1): 51/53 kB
2026.09.20 16:54:37 INFO  Progress (1): 53 kB   
2026.09.20 16:54:38 INFO                     
2026.09.20 16:54:38 INFO  Downloaded from central: https://repo.maven.apache.org/maven2/ch/epfl/scala/bloop-maven-plugin/2.0.5/bloop-maven-plugin-2.0.5.jar (53 kB at 410 kB/s)
2026.09.20 16:54:38 INFO  [INFO] 
2026.09.20 16:54:38 INFO  [INFO] ------------------------< com.carmovo:backend >-------------------------
2026.09.20 16:54:38 INFO  [INFO] Building  0.0.1-SNAPSHOT
2026.09.20 16:54:38 INFO  [INFO]   from pom.xml
2026.09.20 16:54:38 INFO  [INFO] --------------------------------[ jar ]---------------------------------
2026.09.20 16:54:38 INFO  [INFO] 
2026.09.20 16:54:38 INFO  [INFO] --- bloop:2.0.5:bloopInstall (default-cli) @ backend ---
2026.09.20 16:54:38 INFO  Downloading from central: https://repo.maven.apache.org/maven2/org/scala-lang/scala-library/2.13.8/scala-library-2.13.8.pom
2026.09.20 16:54:38 INFO  Progress (1): 1.2 kB
2026.09.20 16:54:38 INFO  Progress (1): 1.6 kB
2026.09.20 16:54:38 INFO                      
2026.09.20 16:54:38 INFO  Downloaded from central: https://repo.maven.apache.org/maven2/org/scala-lang/scala-library/2.13.8/scala-library-2.13.8.pom (1.6 kB at 15 kB/s)
2026.09.20 16:54:38 INFO  Downloading from central: https://repo.maven.apache.org/maven2/ch/epfl/scala/bloop-config_2.13/2.3.3/bloop-config_2.13-2.3.3.pom
2026.09.20 16:54:39 INFO  Progress (1): 1.4 kB
2026.09.20 16:54:39 INFO  Progress (1): 2.3 kB
2026.09.20 16:54:39 INFO                      
2026.09.20 16:54:39 INFO  Downloaded from central: https://repo.maven.apache.org/maven2/ch/epfl/scala/bloop-config_2.13/2.3.3/bloop-config_2.13-2.3.3.pom (2.3 kB at 23 kB/s)
2026.09.20 16:54:39 INFO  Downloading from central: https://repo.maven.apache.org/maven2/com/github/plokhotnyuk/jsoniter-scala/jsoniter-scala-core_2.13/2.13.5.2/jsoniter-scala-core_2.13-2.13.5.2.pom
2026.09.20 16:54:39 INFO  Progress (1): 1.4 kB
2026.09.20 16:54:39 INFO  Progress (1): 2.4 kB
2026.09.20 16:54:39 INFO                      
2026.09.20 16:54:39 INFO  Downloaded from central: https://repo.maven.apache.org/maven2/com/github/plokhotnyuk/jsoniter-scala/jsoniter-scala-core_2.13/2.13.5.2/jsoniter-scala-core_2.13-2.13.5.2.pom (2.4 kB at 26 kB/s)
2026.09.20 16:54:39 INFO  Downloading from central: https://repo.maven.apache.org/maven2/com/lihaoyi/unroll-annotation_2.13/0.1.12/unroll-annotation_2.13-0.1.12.pom
2026.09.20 16:54:39 INFO  Progress (1): 1.3 kB
2026.09.20 16:54:39 INFO  Progress (1): 1.5 kB
2026.09.20 16:54:39 INFO                      
2026.09.20 16:54:39 INFO  Downloaded from central: https://repo.maven.apache.org/maven2/com/lihaoyi/unroll-annotation_2.13/0.1.12/unroll-annotation_2.13-0.1.12.pom (1.5 kB at 15 kB/s)
2026.09.20 16:54:39 INFO  Downloading from central: https://repo.maven.apache.org/maven2/org/scala-lang/scala-library/2.13.12/scala-library-2.13.12.pom
2026.09.20 16:54:39 INFO  Progress (1): 1.2 kB
2026.09.20 16:54:39 INFO  Progress (1): 1.6 kB
2026.09.20 16:54:39 INFO                      
2026.09.20 16:54:39 INFO  Downloaded from central: https://repo.maven.apache.org/maven2/org/scala-lang/scala-library/2.13.12/scala-library-2.13.12.pom (1.6 kB at 21 kB/s)
2026.09.20 16:54:39 INFO  Downloading from central: https://repo.maven.apache.org/maven2/org/scala-lang/scala-library/2.13.16/scala-library-2.13.16.pom
2026.09.20 16:54:39 INFO  Progress (1): 1.1 kB
2026.09.20 16:54:39 INFO  Progress (1): 1.6 kB
2026.09.20 16:54:39 INFO                      
2026.09.20 16:54:39 INFO  Downloaded from central: https://repo.maven.apache.org/maven2/org/scala-lang/scala-library/2.13.16/scala-library-2.13.16.pom (1.6 kB at 21 kB/s)
2026.09.20 16:54:39 INFO  Downloading from central: https://repo.maven.apache.org/maven2/net/alchim31/maven/scala-maven-plugin/4.8.0/scala-maven-plugin-4.8.0.pom
2026.09.20 16:54:39 INFO  Progress (1): 995 B
2026.09.20 16:54:39 INFO  Progress (1): 3.5 kB
2026.09.20 16:54:39 INFO  Progress (1): 5.9 kB
2026.09.20 16:54:39 INFO  Progress (1): 11 kB 
2026.09.20 16:54:39 INFO  Progress (1): 14 kB
2026.09.20 16:54:39 INFO  Progress (1): 17 kB
2026.09.20 16:54:39 INFO  Progress (1): 21 kB
2026.09.20 16:54:39 INFO  Progress (1): 24 kB
2026.09.20 16:54:39 INFO  Progress (1): 26 kB
2026.09.20 16:54:39 INFO                     
2026.09.20 16:54:39 INFO  Downloaded from central: https://repo.maven.apache.org/maven2/net/alchim31/maven/scala-maven-plugin/4.8.0/scala-maven-plugin-4.8.0.pom (26 kB at 274 kB/s)
2026.09.20 16:54:39 INFO  Downloading from central: https://repo.maven.apache.org/maven2/org/apache/maven/shared/maven-dependency-tree/3.2.1/maven-dependency-tree-3.2.1.pom
2026.09.20 16:54:39 INFO  Progress (1): 786 B
2026.09.20 16:54:39 INFO  Progress (1): 2.2 kB
2026.09.20 16:54:39 INFO  Progress (1): 4.4 kB
2026.09.20 16:54:39 INFO  Progress (1): 6.2 kB
2026.09.20 16:54:39 INFO                      
2026.09.20 16:54:39 INFO  Downloaded from central: https://repo.maven.apache.org/maven2/org/apache/maven/shared/maven-dependency-tree/3.2.1/maven-dependency-tree-3.2.1.pom (6.2 kB at 75 kB/s)
2026.09.20 16:54:39 INFO  Downloading from central: https://repo.maven.apache.org/maven2/org/apache/maven/shared/maven-shared-components/37/maven-shared-components-37.pom
2026.09.20 16:54:39 INFO  Progress (1): 781 B
2026.09.20 16:54:39 INFO  Progress (1): 2.3 kB
2026.09.20 16:54:39 INFO  Progress (1): 4.5 kB
2026.09.20 16:54:39 INFO  Progress (1): 4.9 kB
2026.09.20 16:54:39 INFO                      
2026.09.20 16:54:39 INFO  Downloaded from central: https://repo.maven.apache.org/maven2/org/apache/maven/shared/maven-shared-components/37/maven-shared-components-37.pom (4.9 kB at 66 kB/s)
2026.09.20 16:54:39 INFO  Downloading from central: https://repo.maven.apache.org/maven2/org/apache/maven/maven-parent/37/maven-parent-37.pom
2026.09.20 16:54:39 INFO  Progress (1): 721 B
2026.09.20 16:54:39 INFO  Progress (1): 1.9 kB
2026.09.20 16:54:39 INFO  Progress (1): 5.4 kB
2026.09.20 16:54:39 INFO  Progress (1): 9.5 kB
2026.09.20 16:54:39 INFO  Progress (1): 14 kB 
2026.09.20 16:54:39 INFO  Progress (1): 19 kB
2026.09.20 16:54:39 INFO  Progress (1): 23 kB
2026.09.20 16:54:39 INFO  Progress (1): 25 kB
2026.09.20 16:54:39 INFO  Progress (1): 27 kB
2026.09.20 16:54:39 INFO  Progress (1): 28 kB
2026.09.20 16:54:39 INFO  Progress (1): 31 kB
2026.09.20 16:54:39 INFO  Progress (1): 35 kB
2026.09.20 16:54:39 INFO  Progress (1): 38 kB
2026.09.20 16:54:39 INFO  Progress (1): 41 kB
2026.09.20 16:54:39 INFO  Progress (1): 46 kB
2026.09.20 16:54:39 INFO                     
2026.09.20 16:54:39 INFO  Downloaded from central: https://repo.maven.apache.org/maven2/org/apache/maven/maven-parent/37/maven-parent-37.pom (46 kB at 452 kB/s)
2026.09.20 16:54:39 INFO  Downloading from central: https://repo.maven.apache.org/maven2/org/apache/maven/maven-archiver/3.6.0/maven-archiver-3.6.0.pom
2026.09.20 16:54:39 INFO  Progress (1): 796 B
2026.09.20 16:54:39 INFO  Progress (1): 2.2 kB
2026.09.20 16:54:39 INFO  Progress (1): 3.9 kB
2026.09.20 16:54:39 INFO                      
2026.09.20 16:54:39 INFO  Downloaded from central: https://repo.maven.apache.org/maven2/org/apache/maven/maven-archiver/3.6.0/maven-archiver-3.6.0.pom (3.9 kB at 47 kB/s)
2026.09.20 16:54:39 INFO  Downloading from central: https://repo.maven.apache.org/maven2/org/codehaus/plexus/plexus-io/3.4.0/plexus-io-3.4.0.pom
2026.09.20 16:54:40 INFO  Progress (1): 1.2 kB
2026.09.20 16:54:40 INFO  Progress (1): 3.8 kB
2026.09.20 16:54:40 INFO  Progress (1): 6.0 kB
2026.09.20 16:54:40 INFO                      
2026.09.20 16:54:40 INFO  Downloaded from central: https://repo.maven.apache.org/maven2/org/codehaus/plexus/plexus-io/3.4.0/plexus-io-3.4.0.pom (6.0 kB at 67 kB/s)
2026.09.20 16:54:40 INFO  Downloading from central: https://repo.maven.apache.org/maven2/org/codehaus/plexus/plexus-archiver/4.4.0/plexus-archiver-4.4.0.pom
2026.09.20 16:54:40 INFO  Progress (1): 1.2 kB
2026.09.20 16:54:40 INFO  Progress (1): 4.0 kB
2026.09.20 16:54:40 INFO  Progress (1): 6.2 kB
2026.09.20 16:54:40 INFO  Progress (1): 6.3 kB
2026.09.20 16:54:40 INFO                      
2026.09.20 16:54:40 INFO  Downloaded from central: https://repo.maven.apache.org/maven2/org/codehaus/plexus/plexus-archiver/4.4.0/plexus-archiver-4.4.0.pom (6.3 kB at 65 kB/s)
2026.09.20 16:54:40 INFO  Downloading from central: https://repo.maven.apache.org/maven2/org/codehaus/plexus/plexus-archiver/4.6.0/plexus-archiver-4.6.0.pom
2026.09.20 16:54:40 INFO  Progress (1): 1.2 kB
2026.09.20 16:54:40 INFO  Progress (1): 4.1 kB
2026.09.20 16:54:40 INFO  Progress (1): 6.3 kB
2026.09.20 16:54:40 INFO  Progress (1): 6.5 kB
2026.09.20 16:54:40 INFO                      
2026.09.20 16:54:40 INFO  Downloaded from central: https://repo.maven.apache.org/maven2/org/codehaus/plexus/plexus-archiver/4.6.0/plexus-archiver-4.6.0.pom (6.5 kB at 70 kB/s)
2026.09.20 16:54:40 INFO  Downloading from central: https://repo.maven.apache.org/maven2/com/github/luben/zstd-jni/1.5.2-5/zstd-jni-1.5.2-5.pom
2026.09.20 16:54:40 INFO  Progress (1): 1.1 kB
2026.09.20 16:54:40 INFO  Progress (1): 1.9 kB
2026.09.20 16:54:40 INFO                      
2026.09.20 16:54:40 INFO  Downloaded from central: https://repo.maven.apache.org/maven2/com/github/luben/zstd-jni/1.5.2-5/zstd-jni-1.5.2-5.pom (1.9 kB at 24 kB/s)
2026.09.20 16:54:40 INFO  Downloading from central: https://repo.maven.apache.org/maven2/org/codehaus/plexus/plexus-classworlds/2.7.0/plexus-classworlds-2.7.0.pom
2026.09.20 16:54:40 INFO  Progress (1): 915 B
2026.09.20 16:54:40 INFO  Progress (1): 2.5 kB
2026.09.20 16:54:40 INFO  Progress (1): 5.7 kB
2026.09.20 16:54:40 INFO  Progress (1): 7.6 kB
2026.09.20 16:54:40 INFO                      
2026.09.20 16:54:40 INFO  Downloaded from central: https://repo.maven.apache.org/maven2/org/codehaus/plexus/plexus-classworlds/2.7.0/plexus-classworlds-2.7.0.pom (7.6 kB at 81 kB/s)
2026.09.20 16:54:40 INFO  Downloading from central: https://repo.maven.apache.org/maven2/org/scala-sbt/zinc_2.13/1.8.0/zinc_2.13-1.8.0.pom
2026.09.20 16:54:40 INFO  Progress (1): 1.3 kB
2026.09.20 16:54:40 INFO  Progress (1): 4.1 kB
2026.09.20 16:54:40 INFO                      
2026.09.20 16:54:40 INFO  Downloaded from central: https://repo.maven.apache.org/maven2/org/scala-sbt/zinc_2.13/1.8.0/zinc_2.13-1.8.0.pom (4.1 kB at 47 kB/s)
2026.09.20 16:54:40 INFO  Downloading from central: https://repo.maven.apache.org/maven2/org/scala-sbt/zinc-core_2.13/1.8.0/zinc-core_2.13-1.8.0.pom
2026.09.20 16:54:40 INFO  Progress (1): 1.3 kB
2026.09.20 16:54:40 INFO  Progress (1): 5.3 kB
2026.09.20 16:54:40 INFO                      
2026.09.20 16:54:40 INFO  Downloaded from central: https://repo.maven.apache.org/maven2/org/scala-sbt/zinc-core_2.13/1.8.0/zinc-core_2.13-1.8.0.pom (5.3 kB at 65 kB/s)
2026.09.20 16:54:40 INFO  Downloading from central: https://repo.maven.apache.org/maven2/org/scala-sbt/zinc-compile-core_2.13/1.8.0/zinc-compile-core_2.13-1.8.0.pom
2026.09.20 16:54:40 INFO  Progress (1): 1.2 kB
2026.09.20 16:54:40 INFO  Progress (1): 5.5 kB
2026.09.20 16:54:40 INFO                      
2026.09.20 16:54:40 INFO  Downloaded from central: https://repo.maven.apache.org/maven2/org/scala-sbt/zinc-compile-core_2.13/1.8.0/zinc-compile-core_2.13-1.8.0.pom (5.5 kB at 64 kB/s)
2026.09.20 16:54:40 INFO  Downloading from central: https://repo.maven.apache.org/maven2/org/scala-sbt/compiler-interface/1.8.0/compiler-interface-1.8.0.pom
2026.09.20 16:54:40 INFO  Progress (1): 1.3 kB
2026.09.20 16:54:40 INFO  Progress (1): 3.0 kB
2026.09.20 16:54:40 INFO                      
2026.09.20 16:54:40 INFO  Downloaded from central: https://repo.maven.apache.org/maven2/org/scala-sbt/compiler-interface/1.8.0/compiler-interface-1.8.0.pom (3.0 kB at 34 kB/s)
2026.09.20 16:54:40 INFO  Downloading from central: https://repo.maven.apache.org/maven2/org/scala-sbt/util-interface/1.8.0/util-interface-1.8.0.pom
2026.09.20 16:54:40 INFO  Progress (1): 1.3 kB
2026.09.20 16:54:40 INFO  Progress (1): 2.6 kB
2026.09.20 16:54:41 INFO                      
2026.09.20 16:54:41 INFO  Downloaded from central: https://repo.maven.apache.org/maven2/org/scala-sbt/util-interface/1.8.0/util-interface-1.8.0.pom (2.6 kB at 32 kB/s)
2026.09.20 16:54:41 INFO  Downloading from central: https://repo.maven.apache.org/maven2/org/scala-sbt/zinc-classpath_2.13/1.8.0/zinc-classpath_2.13-1.8.0.pom
2026.09.20 16:54:41 INFO  Progress (1): 1.3 kB
2026.09.20 16:54:41 INFO  Progress (1): 3.9 kB
2026.09.20 16:54:41 INFO                      
2026.09.20 16:54:41 INFO  Downloaded from central: https://repo.maven.apache.org/maven2/org/scala-sbt/zinc-classpath_2.13/1.8.0/zinc-classpath_2.13-1.8.0.pom (3.9 kB at 39 kB/s)
2026.09.20 16:54:41 INFO  Downloading from central: https://repo.maven.apache.org/maven2/org/scala-lang/scala-compiler/2.13.8/scala-compiler-2.13.8.pom
2026.09.20 16:54:41 INFO  Progress (1): 1.2 kB
2026.09.20 16:54:41 INFO  Progress (1): 2.3 kB
2026.09.20 16:54:41 INFO                      
2026.09.20 16:54:41 INFO  Downloaded from central: https://repo.maven.apache.org/maven2/org/scala-lang/scala-compiler/2.13.8/scala-compiler-2.13.8.pom (2.3 kB at 26 kB/s)
2026.09.20 16:54:41 INFO  Downloading from central: https://repo.maven.apache.org/maven2/org/scala-lang/scala-reflect/2.13.8/scala-reflect-2.13.8.pom
2026.09.20 16:54:41 INFO  Progress (1): 1.2 kB
2026.09.20 16:54:41 INFO  Progress (1): 1.8 kB
2026.09.20 16:54:41 INFO                      
2026.09.20 16:54:41 INFO  Downloaded from central: https://repo.maven.apache.org/maven2/org/scala-lang/scala-reflect/2.13.8/scala-reflect-2.13.8.pom (1.8 kB at 20 kB/s)
2026.09.20 16:54:41 INFO  Downloading from central: https://repo.maven.apache.org/maven2/net/java/dev/jna/jna/5.9.0/jna-5.9.0.pom
2026.09.20 16:54:41 INFO  Progress (1): 1.4 kB
2026.09.20 16:54:41 INFO  Progress (1): 2.0 kB
2026.09.20 16:54:41 INFO                      
2026.09.20 16:54:41 INFO  Downloaded from central: https://repo.maven.apache.org/maven2/net/java/dev/jna/jna/5.9.0/jna-5.9.0.pom (2.0 kB at 26 kB/s)
2026.09.20 16:54:41 INFO  Downloading from central: https://repo.maven.apache.org/maven2/org/scala-sbt/io_2.13/1.8.0/io_2.13-1.8.0.pom
2026.09.20 16:54:41 INFO  Progress (1): 1.4 kB
2026.09.20 16:54:41 INFO  Progress (1): 3.3 kB
2026.09.20 16:54:41 INFO                      
2026.09.20 16:54:41 INFO  Downloaded from central: https://repo.maven.apache.org/maven2/org/scala-sbt/io_2.13/1.8.0/io_2.13-1.8.0.pom (3.3 kB at 37 kB/s)
2026.09.20 16:54:41 INFO  Downloading from central: https://repo.maven.apache.org/maven2/com/swoval/file-tree-views/2.1.9/file-tree-views-2.1.9.pom
2026.09.20 16:54:41 INFO  Progress (1): 1.4 kB
2026.09.20 16:54:41 INFO  Progress (1): 1.7 kB
2026.09.20 16:54:41 INFO                      
2026.09.20 16:54:41 INFO  Downloaded from central: https://repo.maven.apache.org/maven2/com/swoval/file-tree-views/2.1.9/file-tree-views-2.1.9.pom (1.7 kB at 15 kB/s)
2026.09.20 16:54:41 INFO  Downloading from central: https://repo.maven.apache.org/maven2/net/java/dev/jna/jna/5.12.0/jna-5.12.0.pom
2026.09.20 16:54:41 INFO  Progress (1): 1.4 kB
2026.09.20 16:54:41 INFO  Progress (1): 2.0 kB
2026.09.20 16:54:41 INFO                      
2026.09.20 16:54:41 INFO  Downloaded from central: https://repo.maven.apache.org/maven2/net/java/dev/jna/jna/5.12.0/jna-5.12.0.pom (2.0 kB at 23 kB/s)
2026.09.20 16:54:41 INFO  Downloading from central: https://repo.maven.apache.org/maven2/net/java/dev/jna/jna-platform/5.12.0/jna-platform-5.12.0.pom
2026.09.20 16:54:41 INFO  Progress (1): 1.3 kB
2026.09.20 16:54:41 INFO  Progress (1): 2.3 kB
2026.09.20 16:54:41 INFO                      
2026.09.20 16:54:41 INFO  Downloaded from central: https://repo.maven.apache.org/maven2/net/java/dev/jna/jna-platform/5.12.0/jna-platform-5.12.0.pom (2.3 kB at 27 kB/s)
2026.09.20 16:54:41 INFO  Downloading from central: https://repo.maven.apache.org/maven2/org/scala-sbt/zinc-apiinfo_2.13/1.8.0/zinc-apiinfo_2.13-1.8.0.pom
2026.09.20 16:54:41 INFO  Progress (1): 1.3 kB
2026.09.20 16:54:41 INFO  Progress (1): 3.8 kB
2026.09.20 16:54:41 INFO                      
2026.09.20 16:54:41 INFO  Downloaded from central: https://repo.maven.apache.org/maven2/org/scala-sbt/zinc-apiinfo_2.13/1.8.0/zinc-apiinfo_2.13-1.8.0.pom (3.8 kB at 46 kB/s)
2026.09.20 16:54:41 INFO  Downloading from central: https://repo.maven.apache.org/maven2/org/scala-sbt/compiler-bridge_2.13/1.8.0/compiler-bridge_2.13-1.8.0.pom
2026.09.20 16:54:41 INFO  Progress (1): 1.3 kB
2026.09.20 16:54:41 INFO  Progress (1): 2.8 kB
2026.09.20 16:54:41 INFO                      
2026.09.20 16:54:41 INFO  Downloaded from central: https://repo.maven.apache.org/maven2/org/scala-sbt/compiler-bridge_2.13/1.8.0/compiler-bridge_2.13-1.8.0.pom (2.8 kB at 29 kB/s)
2026.09.20 16:54:42 INFO  Downloading from central: https://repo.maven.apache.org/maven2/org/scala-sbt/zinc-classfile_2.13/1.8.0/zinc-classfile_2.13-1.8.0.pom
2026.09.20 16:54:42 INFO  Progress (1): 1.3 kB
2026.09.20 16:54:42 INFO  Progress (1): 4.0 kB
2026.09.20 16:54:42 INFO                      
2026.09.20 16:54:42 INFO  Downloaded from central: https://repo.maven.apache.org/maven2/org/scala-sbt/zinc-classfile_2.13/1.8.0/zinc-classfile_2.13-1.8.0.pom (4.0 kB at 31 kB/s)
2026.09.20 16:54:42 INFO  Downloading from central: https://repo.maven.apache.org/maven2/org/scala-sbt/util-logging_2.13/1.8.0/util-logging_2.13-1.8.0.pom
2026.09.20 16:54:42 INFO  Progress (1): 1.2 kB
2026.09.20 16:54:42 INFO  Progress (1): 5.6 kB
2026.09.20 16:54:42 INFO  Progress (1): 5.7 kB
2026.09.20 16:54:42 INFO                      
2026.09.20 16:54:42 INFO  Downloaded from central: https://repo.maven.apache.org/maven2/org/scala-sbt/util-logging_2.13/1.8.0/util-logging_2.13-1.8.0.pom (5.7 kB at 58 kB/s)
2026.09.20 16:54:42 INFO  Downloading from central: https://repo.maven.apache.org/maven2/org/scala-sbt/collections_2.13/1.8.0/collections_2.13-1.8.0.pom
2026.09.20 16:54:42 INFO  Progress (1): 1.3 kB
2026.09.20 16:54:42 INFO  Progress (1): 4.4 kB
2026.09.20 16:54:42 INFO                      
2026.09.20 16:54:42 INFO  Downloaded from central: https://repo.maven.apache.org/maven2/org/scala-sbt/collections_2.13/1.8.0/collections_2.13-1.8.0.pom (4.4 kB at 37 kB/s)
2026.09.20 16:54:42 INFO  Downloading from central: https://repo.maven.apache.org/maven2/org/scala-sbt/util-position_2.13/1.8.0/util-position_2.13-1.8.0.pom
2026.09.20 16:54:42 INFO  Progress (1): 1.3 kB
2026.09.20 16:54:42 INFO  Progress (1): 3.2 kB
2026.09.20 16:54:42 INFO                      
2026.09.20 16:54:42 INFO  Downloaded from central: https://repo.maven.apache.org/maven2/org/scala-sbt/util-position_2.13/1.8.0/util-position_2.13-1.8.0.pom (3.2 kB at 35 kB/s)
2026.09.20 16:54:42 INFO  Downloading from central: https://repo.maven.apache.org/maven2/org/scala-lang/modules/scala-parallel-collections_2.13/0.2.0/scala-parallel-collections_2.13-0.2.0.pom
2026.09.20 16:54:42 INFO  Progress (1): 1.4 kB
2026.09.20 16:54:42 INFO  Progress (1): 1.8 kB
2026.09.20 16:54:42 INFO                      
2026.09.20 16:54:42 INFO  Downloaded from central: https://repo.maven.apache.org/maven2/org/scala-lang/modules/scala-parallel-collections_2.13/0.2.0/scala-parallel-collections_2.13-0.2.0.pom (1.8 kB at 19 kB/s)
2026.09.20 16:54:42 INFO  Downloading from central: https://repo.maven.apache.org/maven2/org/scala-lang/scala-library/2.13.0/scala-library-2.13.0.pom
2026.09.20 16:54:42 INFO  Progress (1): 1.2 kB
2026.09.20 16:54:42 INFO  Progress (1): 1.6 kB
2026.09.20 16:54:42 INFO                      
2026.09.20 16:54:42 INFO  Downloaded from central: https://repo.maven.apache.org/maven2/org/scala-lang/scala-library/2.13.0/scala-library-2.13.0.pom (1.6 kB at 22 kB/s)
2026.09.20 16:54:42 INFO  Downloading from central: https://repo.maven.apache.org/maven2/org/scala-sbt/core-macros_2.13/1.8.0/core-macros_2.13-1.8.0.pom
2026.09.20 16:54:42 INFO  Progress (1): 1.3 kB
2026.09.20 16:54:42 INFO  Progress (1): 3.1 kB
2026.09.20 16:54:42 INFO                      
2026.09.20 16:54:42 INFO  Downloaded from central: https://repo.maven.apache.org/maven2/org/scala-sbt/core-macros_2.13/1.8.0/core-macros_2.13-1.8.0.pom (3.1 kB at 36 kB/s)
2026.09.20 16:54:42 INFO  Downloading from central: https://repo.maven.apache.org/maven2/org/jline/jline-terminal/3.19.0/jline-terminal-3.19.0.pom
2026.09.20 16:54:42 INFO  Progress (1): 1.2 kB
2026.09.20 16:54:42 INFO  Progress (1): 1.3 kB
2026.09.20 16:54:42 INFO                      
2026.09.20 16:54:42 INFO  Downloaded from central: https://repo.maven.apache.org/maven2/org/jline/jline-terminal/3.19.0/jline-terminal-3.19.0.pom (1.3 kB at 14 kB/s)
2026.09.20 16:54:42 INFO  Downloading from central: https://repo.maven.apache.org/maven2/org/jline/jline-parent/3.19.0/jline-parent-3.19.0.pom
2026.09.20 16:54:42 INFO  Progress (1): 930 B
2026.09.20 16:54:42 INFO  Progress (1): 2.9 kB
2026.09.20 16:54:42 INFO  Progress (1): 8.3 kB
2026.09.20 16:54:42 INFO  Progress (1): 13 kB 
2026.09.20 16:54:42 INFO  Progress (1): 16 kB
2026.09.20 16:54:42 INFO  Progress (1): 20 kB
2026.09.20 16:54:42 INFO  Progress (1): 24 kB
2026.09.20 16:54:42 INFO                     
2026.09.20 16:54:42 INFO  Downloaded from central: https://repo.maven.apache.org/maven2/org/jline/jline-parent/3.19.0/jline-parent-3.19.0.pom (24 kB at 302 kB/s)
2026.09.20 16:54:42 INFO  Downloading from central: https://repo.maven.apache.org/maven2/org/scala-lang/modules/scala-parser-combinators_2.13/1.1.2/scala-parser-combinators_2.13-1.1.2.pom
2026.09.20 16:54:43 INFO  Progress (1): 1.4 kB
2026.09.20 16:54:43 INFO  Progress (1): 2.2 kB
2026.09.20 16:54:43 INFO                      
2026.09.20 16:54:43 INFO  Downloaded from central: https://repo.maven.apache.org/maven2/org/scala-lang/modules/scala-parser-combinators_2.13/1.1.2/scala-parser-combinators_2.13-1.1.2.pom (2.2 kB at 21 kB/s)
2026.09.20 16:54:43 INFO  Downloading from central: https://repo.maven.apache.org/maven2/net/openhft/zero-allocation-hashing/0.10.1/zero-allocation-hashing-0.10.1.pom
2026.09.20 16:54:43 INFO  Progress (1): 786 B
2026.09.20 16:54:43 INFO  Progress (1): 2.5 kB
2026.09.20 16:54:43 INFO  Progress (1): 6.3 kB
2026.09.20 16:54:43 INFO  Progress (1): 8.1 kB
2026.09.20 16:54:43 INFO                      
2026.09.20 16:54:43 INFO  Downloaded from central: https://repo.maven.apache.org/maven2/net/openhft/zero-allocation-hashing/0.10.1/zero-allocation-hashing-0.10.1.pom (8.1 kB at 94 kB/s)
2026.09.20 16:54:43 INFO  Downloading from central: https://repo.maven.apache.org/maven2/net/openhft/root-parent-pom/1.1.13/root-parent-pom-1.1.13.pom
2026.09.20 16:54:43 INFO  Progress (1): 788 B
2026.09.20 16:54:43 INFO  Progress (1): 3.4 kB
2026.09.20 16:54:43 INFO  Progress (1): 7.4 kB
2026.09.20 16:54:43 INFO  Progress (1): 9.8 kB
2026.09.20 16:54:43 INFO                      
2026.09.20 16:54:43 INFO  Downloaded from central: https://repo.maven.apache.org/maven2/net/openhft/root-parent-pom/1.1.13/root-parent-pom-1.1.13.pom (9.8 kB at 86 kB/s)
2026.09.20 16:54:43 INFO  Downloading from central: https://repo.maven.apache.org/maven2/org/scala-sbt/util-control_2.13/1.8.0/util-control_2.13-1.8.0.pom
2026.09.20 16:54:43 INFO  Progress (1): 1.3 kB
2026.09.20 16:54:43 INFO  Progress (1): 2.8 kB
2026.09.20 16:54:43 INFO                      
2026.09.20 16:54:43 INFO  Downloaded from central: https://repo.maven.apache.org/maven2/org/scala-sbt/util-control_2.13/1.8.0/util-control_2.13-1.8.0.pom (2.8 kB at 38 kB/s)
2026.09.20 16:54:43 INFO  Downloading from central: https://repo.maven.apache.org/maven2/org/scala-sbt/zinc-persist-core-assembly/1.8.0/zinc-persist-core-assembly-1.8.0.pom
2026.09.20 16:54:43 INFO  Progress (1): 1.3 kB
2026.09.20 16:54:43 INFO  Progress (1): 2.4 kB
2026.09.20 16:54:43 INFO                      
2026.09.20 16:54:43 INFO  Downloaded from central: https://repo.maven.apache.org/maven2/org/scala-sbt/zinc-persist-core-assembly/1.8.0/zinc-persist-core-assembly-1.8.0.pom (2.4 kB at 25 kB/s)
2026.09.20 16:54:43 INFO  Downloading from central: https://repo.maven.apache.org/maven2/org/scala-sbt/util-relation_2.13/1.8.0/util-relation_2.13-1.8.0.pom
2026.09.20 16:54:43 INFO  Progress (1): 1.3 kB
2026.09.20 16:54:43 INFO  Progress (1): 3.0 kB
2026.09.20 16:54:43 INFO                      
2026.09.20 16:54:43 INFO  Downloaded from central: https://repo.maven.apache.org/maven2/org/scala-sbt/util-relation_2.13/1.8.0/util-relation_2.13-1.8.0.pom (3.0 kB at 36 kB/s)
2026.09.20 16:54:43 INFO  Downloading from central: https://repo.maven.apache.org/maven2/org/scala-sbt/zinc-persist_2.13/1.8.0/zinc-persist_2.13-1.8.0.pom
2026.09.20 16:54:43 INFO  Progress (1): 1.3 kB
2026.09.20 16:54:43 INFO  Progress (1): 4.3 kB
2026.09.20 16:54:43 INFO                      
2026.09.20 16:54:43 INFO  Downloaded from central: https://repo.maven.apache.org/maven2/org/scala-sbt/zinc-persist_2.13/1.8.0/zinc-persist_2.13-1.8.0.pom (4.3 kB at 50 kB/s)
2026.09.20 16:54:43 INFO  Downloading from central: https://repo.maven.apache.org/maven2/org/scala-lang/scala-library/2.13.8/scala-library-2.13.8.jar
2026.09.20 16:54:43 INFO  Progress (1): 0/6.0 MB
2026.09.20 16:54:43 INFO  Progress (1): 0/6.0 MB
2026.09.20 16:54:43 INFO  Progress (1): 0/6.0 MB
2026.09.20 16:54:43 INFO  Progress (1): 0/6.0 MB
2026.09.20 16:54:43 INFO  Progress (1): 0.1/6.0 MB
2026.09.20 16:54:43 INFO  Progress (1): 0.1/6.0 MB
2026.09.20 16:54:43 INFO  Progress (1): 0.1/6.0 MB
2026.09.20 16:54:43 INFO  Progress (1): 0.1/6.0 MB
2026.09.20 16:54:43 INFO  Progress (1): 0.1/6.0 MB
2026.09.20 16:54:43 INFO  Progress (1): 0.1/6.0 MB
2026.09.20 16:54:43 INFO  Progress (1): 0.1/6.0 MB
2026.09.20 16:54:43 INFO  Progress (1): 0.2/6.0 MB
2026.09.20 16:54:43 INFO  Progress (1): 0.2/6.0 MB
2026.09.20 16:54:43 INFO  Progress (1): 0.2/6.0 MB
2026.09.20 16:54:43 INFO  Progress (1): 0.2/6.0 MB
2026.09.20 16:54:43 INFO  Progress (1): 0.2/6.0 MB
2026.09.20 16:54:43 INFO  Progress (1): 0.2/6.0 MB
2026.09.20 16:54:43 INFO  Progress (1): 0.2/6.0 MB
2026.09.20 16:54:43 INFO  Progress (1): 0.3/6.0 MB
2026.09.20 16:54:43 INFO  Progress (1): 0.3/6.0 MB
2026.09.20 16:54:43 INFO  Progress (1): 0.3/6.0 MB
2026.09.20 16:54:43 INFO  Progress (1): 0.3/6.0 MB
2026.09.20 16:54:43 INFO  Progress (1): 0.3/6.0 MB
2026.09.20 16:54:43 INFO  Progress (1): 0.3/6.0 MB
2026.09.20 16:54:43 INFO  Progress (1): 0.4/6.0 MB
2026.09.20 16:54:43 INFO  Progress (1): 0.4/6.0 MB
2026.09.20 16:54:43 INFO  Progress (1): 0.4/6.0 MB
2026.09.20 16:54:43 INFO  Progress (1): 0.4/6.0 MB
2026.09.20 16:54:43 INFO  Progress (1): 0.4/6.0 MB
2026.09.20 16:54:43 INFO  Progress (1): 0.4/6.0 MB
2026.09.20 16:54:43 INFO  Progress (1): 0.5/6.0 MB
2026.09.20 16:54:43 INFO  Progress (1): 0.5/6.0 MB
2026.09.20 16:54:44 INFO  Progress (1): 0.5/6.0 MB
2026.09.20 16:54:44 INFO  Progress (1): 0.5/6.0 MB
2026.09.20 16:54:44 INFO  Progress (1): 0.5/6.0 MB
2026.09.20 16:54:44 INFO  Progress (1): 0.5/6.0 MB
2026.09.20 16:54:44 INFO  Progress (1): 0.6/6.0 MB
2026.09.20 16:54:44 INFO  Progress (1): 0.6/6.0 MB
2026.09.20 16:54:44 INFO  Progress (1): 0.6/6.0 MB
2026.09.20 16:54:44 INFO  Progress (1): 0.6/6.0 MB
2026.09.20 16:54:44 INFO  Progress (1): 0.6/6.0 MB
2026.09.20 16:54:44 INFO  Progress (1): 0.6/6.0 MB
2026.09.20 16:54:44 INFO  Progress (1): 0.7/6.0 MB
2026.09.20 16:54:44 INFO  Progress (1): 0.7/6.0 MB
2026.09.20 16:54:44 INFO  Progress (1): 0.7/6.0 MB
2026.09.20 16:54:44 INFO  Progress (1): 0.7/6.0 MB
2026.09.20 16:54:44 INFO  Progress (1): 0.7/6.0 MB
2026.09.20 16:54:44 INFO  Progress (1): 0.7/6.0 MB
2026.09.20 16:54:44 INFO  Progress (1): 0.7/6.0 MB
2026.09.20 16:54:44 INFO  Progress (1): 0.8/6.0 MB
2026.09.20 16:54:44 INFO  Progress (1): 0.8/6.0 MB
2026.09.20 16:54:44 INFO  Progress (1): 0.8/6.0 MB
2026.09.20 16:54:44 INFO  Progress (1): 0.8/6.0 MB
2026.09.20 16:54:44 INFO  Progress (1): 0.8/6.0 MB
2026.09.20 16:54:44 INFO  Progress (1): 0.8/6.0 MB
2026.09.20 16:54:44 INFO  Progress (1): 0.9/6.0 MB
2026.09.20 16:54:44 INFO  Progress (1): 0.9/6.0 MB
2026.09.20 16:54:44 INFO  Progress (1): 0.9/6.0 MB
2026.09.20 16:54:44 INFO  Progress (1): 0.9/6.0 MB
2026.09.20 16:54:44 INFO  Progress (1): 0.9/6.0 MB
2026.09.20 16:54:44 INFO  Progress (1): 0.9/6.0 MB
2026.09.20 16:54:44 INFO  Progress (1): 1.0/6.0 MB
2026.09.20 16:54:44 INFO  Progress (1): 1.0/6.0 MB
2026.09.20 16:54:44 INFO  Progress (1): 1.0/6.0 MB
2026.09.20 16:54:44 INFO  Progress (1): 1.0/6.0 MB
2026.09.20 16:54:44 INFO  Progress (1): 1.0/6.0 MB
2026.09.20 16:54:44 INFO  Progress (1): 1.0/6.0 MB
2026.09.20 16:54:44 INFO  Progress (1): 1.1/6.0 MB
2026.09.20 16:54:44 INFO  Progress (1): 1.1/6.0 MB
2026.09.20 16:54:44 INFO  Progress (1): 1.1/6.0 MB
2026.09.20 16:54:44 INFO  Progress (1): 1.1/6.0 MB
2026.09.20 16:54:44 INFO  Progress (1): 1.1/6.0 MB
2026.09.20 16:54:44 INFO  Progress (1): 1.1/6.0 MB
2026.09.20 16:54:44 INFO  Progress (1): 1.2/6.0 MB
2026.09.20 16:54:44 INFO  Progress (1): 1.2/6.0 MB
2026.09.20 16:54:44 INFO  Progress (1): 1.2/6.0 MB
2026.09.20 16:54:44 INFO  Progress (1): 1.2/6.0 MB
2026.09.20 16:54:44 INFO  Progress (1): 1.2/6.0 MB
2026.09.20 16:54:44 INFO  Progress (1): 1.2/6.0 MB
2026.09.20 16:54:44 INFO  Progress (1): 1.3/6.0 MB
2026.09.20 16:54:44 INFO  Progress (1): 1.3/6.0 MB
2026.09.20 16:54:44 INFO  Progress (1): 1.3/6.0 MB
2026.09.20 16:54:44 INFO  Progress (1): 1.3/6.0 MB
2026.09.20 16:54:44 INFO  Progress (1): 1.3/6.0 MB
2026.09.20 16:54:44 INFO  Progress (1): 1.3/6.0 MB
2026.09.20 16:54:44 INFO  Progress (1): 1.4/6.0 MB
2026.09.20 16:54:44 INFO  Progress (1): 1.4/6.0 MB
2026.09.20 16:54:44 INFO  Progress (1): 1.4/6.0 MB
2026.09.20 16:54:44 INFO  Progress (1): 1.4/6.0 MB
2026.09.20 16:54:44 INFO  Progress (1): 1.4/6.0 MB
2026.09.20 16:54:44 INFO  Progress (1): 1.4/6.0 MB
2026.09.20 16:54:44 INFO  Progress (1): 1.5/6.0 MB
2026.09.20 16:54:44 INFO  Progress (1): 1.5/6.0 MB
2026.09.20 16:54:44 INFO  Progress (1): 1.5/6.0 MB
2026.09.20 16:54:44 INFO  Progress (1): 1.5/6.0 MB
2026.09.20 16:54:44 INFO  Progress (1): 1.5/6.0 MB
2026.09.20 16:54:44 INFO  Progress (1): 1.5/6.0 MB
2026.09.20 16:54:44 INFO  Progress (1): 1.5/6.0 MB
2026.09.20 16:54:44 INFO  Progress (1): 1.6/6.0 MB
2026.09.20 16:54:44 INFO  Progress (1): 1.6/6.0 MB
2026.09.20 16:54:44 INFO  Progress (1): 1.6/6.0 MB
2026.09.20 16:54:44 INFO  Progress (1): 1.6/6.0 MB
2026.09.20 16:54:44 INFO  Progress (1): 1.6/6.0 MB
2026.09.20 16:54:44 INFO  Progress (1): 1.6/6.0 MB
2026.09.20 16:54:44 INFO  Progress (1): 1.6/6.0 MB
2026.09.20 16:54:44 INFO  Progress (1): 1.7/6.0 MB
2026.09.20 16:54:44 INFO  Progress (1): 1.7/6.0 MB
2026.09.20 16:54:44 INFO  Progress (1): 1.7/6.0 MB
2026.09.20 16:54:44 INFO  Progress (1): 1.7/6.0 MB
2026.09.20 16:54:44 INFO  Progress (1): 1.7/6.0 MB
2026.09.20 16:54:44 INFO  Progress (1): 1.7/6.0 MB
2026.09.20 16:54:44 INFO  Progress (1): 1.8/6.0 MB
2026.09.20 16:54:44 INFO  Progress (1): 1.8/6.0 MB
2026.09.20 16:54:44 INFO  Progress (1): 1.8/6.0 MB
2026.09.20 16:54:44 INFO  Progress (1): 1.8/6.0 MB
2026.09.20 16:54:44 INFO  Progress (1): 1.8/6.0 MB
2026.09.20 16:54:44 INFO  Progress (1): 1.8/6.0 MB
2026.09.20 16:54:44 INFO  Progress (1): 1.9/6.0 MB
2026.09.20 16:54:44 INFO  Progress (1): 1.9/6.0 MB
2026.09.20 16:54:44 INFO  Progress (1): 1.9/6.0 MB
2026.09.20 16:54:44 INFO  Progress (1): 1.9/6.0 MB
2026.09.20 16:54:44 INFO  Progress (1): 1.9/6.0 MB
2026.09.20 16:54:44 INFO  Progress (1): 1.9/6.0 MB
2026.09.20 16:54:44 INFO  Progress (1): 2.0/6.0 MB
2026.09.20 16:54:44 INFO  Progress (1): 2.0/6.0 MB
2026.09.20 16:54:44 INFO  Progress (1): 2.0/6.0 MB
2026.09.20 16:54:44 INFO  Progress (1): 2.0/6.0 MB
2026.09.20 16:54:44 INFO  Progress (1): 2.0/6.0 MB
2026.09.20 16:54:44 INFO  Progress (1): 2.0/6.0 MB
2026.09.20 16:54:44 INFO  Progress (1): 2.1/6.0 MB
2026.09.20 16:54:44 INFO  Progress (1): 2.1/6.0 MB
2026.09.20 16:54:44 INFO  Progress (1): 2.1/6.0 MB
2026.09.20 16:54:44 INFO  Progress (1): 2.1/6.0 MB
2026.09.20 16:54:44 INFO  Progress (1): 2.1/6.0 MB
2026.09.20 16:54:44 INFO  Progress (1): 2.1/6.0 MB
2026.09.20 16:54:44 INFO  Progress (1): 2.2/6.0 MB
2026.09.20 16:54:44 INFO  Progress (1): 2.2/6.0 MB
2026.09.20 16:54:44 INFO  Progress (1): 2.2/6.0 MB
2026.09.20 16:54:44 INFO  Progress (1): 2.2/6.0 MB
2026.09.20 16:54:44 INFO  Progress (1): 2.2/6.0 MB
2026.09.20 16:54:44 INFO  Progress (1): 2.2/6.0 MB
2026.09.20 16:54:44 INFO  Progress (1): 2.3/6.0 MB
2026.09.20 16:54:44 INFO  Progress (1): 2.3/6.0 MB
2026.09.20 16:54:44 INFO  Progress (1): 2.3/6.0 MB
2026.09.20 16:54:44 INFO  Progress (1): 2.3/6.0 MB
2026.09.20 16:54:44 INFO  Progress (1): 2.3/6.0 MB
2026.09.20 16:54:44 INFO  Progress (1): 2.3/6.0 MB
2026.09.20 16:54:44 INFO  Progress (1): 2.4/6.0 MB
2026.09.20 16:54:44 INFO  Progress (1): 2.4/6.0 MB
2026.09.20 16:54:44 INFO  Progress (1): 2.4/6.0 MB
2026.09.20 16:54:44 INFO  Progress (1): 2.4/6.0 MB
2026.09.20 16:54:44 INFO  Progress (1): 2.4/6.0 MB
2026.09.20 16:54:44 INFO  Progress (1): 2.4/6.0 MB
2026.09.20 16:54:44 INFO  Progress (1): 2.4/6.0 MB
2026.09.20 16:54:44 INFO  Progress (1): 2.5/6.0 MB
2026.09.20 16:54:44 INFO  Progress (1): 2.5/6.0 MB
2026.09.20 16:54:44 INFO  Progress (1): 2.5/6.0 MB
2026.09.20 16:54:44 INFO  Progress (1): 2.5/6.0 MB
2026.09.20 16:54:44 INFO  Progress (1): 2.5/6.0 MB
2026.09.20 16:54:44 INFO  Progress (1): 2.5/6.0 MB
2026.09.20 16:54:44 INFO  Progress (1): 2.6/6.0 MB
2026.09.20 16:54:44 INFO  Progress (1): 2.6/6.0 MB
2026.09.20 16:54:44 INFO  Progress (1): 2.6/6.0 MB
2026.09.20 16:54:44 INFO  Progress (1): 2.6/6.0 MB
2026.09.20 16:54:44 INFO  Progress (1): 2.6/6.0 MB
2026.09.20 16:54:44 INFO  Progress (1): 2.6/6.0 MB
2026.09.20 16:54:44 INFO  Progress (1): 2.7/6.0 MB
2026.09.20 16:54:44 INFO  Progress (1): 2.7/6.0 MB
2026.09.20 16:54:44 INFO  Progress (1): 2.7/6.0 MB
2026.09.20 16:54:44 INFO  Progress (1): 2.7/6.0 MB
2026.09.20 16:54:44 INFO  Progress (1): 2.7/6.0 MB
2026.09.20 16:54:44 INFO  Progress (1): 2.7/6.0 MB
2026.09.20 16:54:44 INFO  Progress (1): 2.8/6.0 MB
2026.09.20 16:54:44 INFO  Progress (1): 2.8/6.0 MB
2026.09.20 16:54:44 INFO  Progress (1): 2.8/6.0 MB
2026.09.20 16:54:44 INFO  Progress (1): 2.8/6.0 MB
2026.09.20 16:54:44 INFO  Progress (1): 2.8/6.0 MB
2026.09.20 16:54:44 INFO  Progress (1): 2.8/6.0 MB
2026.09.20 16:54:44 INFO  Progress (1): 2.9/6.0 MB
2026.09.20 16:54:44 INFO  Progress (1): 2.9/6.0 MB
2026.09.20 16:54:44 INFO  Progress (1): 2.9/6.0 MB
2026.09.20 16:54:45 INFO  Progress (1): 2.9/6.0 MB
2026.09.20 16:54:45 INFO  Progress (1): 2.9/6.0 MB
2026.09.20 16:54:45 INFO  Progress (1): 2.9/6.0 MB
2026.09.20 16:54:45 INFO  Progress (1): 3.0/6.0 MB
2026.09.20 16:54:45 INFO  Progress (1): 3.0/6.0 MB
2026.09.20 16:54:45 INFO  Progress (1): 3.0/6.0 MB
2026.09.20 16:54:45 INFO  Progress (1): 3.0/6.0 MB
2026.09.20 16:54:45 INFO  Progress (1): 3.0/6.0 MB
2026.09.20 16:54:45 INFO  Progress (1): 3.0/6.0 MB
2026.09.20 16:54:45 INFO  Progress (1): 3.1/6.0 MB
2026.09.20 16:54:45 INFO  Progress (1): 3.1/6.0 MB
2026.09.20 16:54:45 INFO  Progress (1): 3.1/6.0 MB
2026.09.20 16:54:45 INFO  Progress (1): 3.1/6.0 MB
2026.09.20 16:54:45 INFO  Progress (1): 3.1/6.0 MB
2026.09.20 16:54:45 INFO  Progress (1): 3.1/6.0 MB
2026.09.20 16:54:45 INFO  Progress (1): 3.2/6.0 MB
2026.09.20 16:54:45 INFO  Progress (1): 3.2/6.0 MB
2026.09.20 16:54:45 INFO  Progress (1): 3.2/6.0 MB
2026.09.20 16:54:45 INFO  Progress (1): 3.2/6.0 MB
2026.09.20 16:54:45 INFO  Progress (1): 3.2/6.0 MB
2026.09.20 16:54:45 INFO  Progress (1): 3.2/6.0 MB
2026.09.20 16:54:45 INFO  Progress (1): 3.3/6.0 MB
2026.09.20 16:54:45 INFO  Progress (1): 3.3/6.0 MB
2026.09.20 16:54:45 INFO  Progress (1): 3.3/6.0 MB
2026.09.20 16:54:45 INFO  Progress (1): 3.3/6.0 MB
2026.09.20 16:54:45 INFO  Progress (1): 3.3/6.0 MB
2026.09.20 16:54:45 INFO  Progress (1): 3.3/6.0 MB
2026.09.20 16:54:45 INFO  Progress (1): 3.3/6.0 MB
2026.09.20 16:54:45 INFO  Progress (1): 3.4/6.0 MB
2026.09.20 16:54:45 INFO  Progress (1): 3.4/6.0 MB
2026.09.20 16:54:45 INFO  Progress (1): 3.4/6.0 MB
2026.09.20 16:54:45 INFO  Progress (1): 3.4/6.0 MB
2026.09.20 16:54:45 INFO  Progress (1): 3.4/6.0 MB
2026.09.20 16:54:45 INFO  Progress (1): 3.4/6.0 MB
2026.09.20 16:54:45 INFO  Progress (1): 3.5/6.0 MB
2026.09.20 16:54:45 INFO  Progress (1): 3.5/6.0 MB
2026.09.20 16:54:45 INFO  Progress (1): 3.5/6.0 MB
2026.09.20 16:54:45 INFO  Progress (1): 3.5/6.0 MB
2026.09.20 16:54:45 INFO  Progress (1): 3.5/6.0 MB
2026.09.20 16:54:45 INFO  Progress (1): 3.5/6.0 MB
2026.09.20 16:54:45 INFO  Progress (1): 3.6/6.0 MB
2026.09.20 16:54:45 INFO  Progress (1): 3.6/6.0 MB
2026.09.20 16:54:45 INFO  Progress (1): 3.6/6.0 MB
2026.09.20 16:54:45 INFO  Progress (1): 3.6/6.0 MB
2026.09.20 16:54:45 INFO  Progress (1): 3.6/6.0 MB
2026.09.20 16:54:45 INFO  Progress (1): 3.6/6.0 MB
2026.09.20 16:54:45 INFO  Progress (1): 3.7/6.0 MB
2026.09.20 16:54:45 INFO  Progress (1): 3.7/6.0 MB
2026.09.20 16:54:45 INFO  Progress (1): 3.7/6.0 MB
2026.09.20 16:54:45 INFO  Progress (1): 3.7/6.0 MB
2026.09.20 16:54:45 INFO  Progress (1): 3.7/6.0 MB
2026.09.20 16:54:45 INFO  Progress (1): 3.7/6.0 MB
2026.09.20 16:54:45 INFO  Progress (1): 3.8/6.0 MB
2026.09.20 16:54:45 INFO  Progress (1): 3.8/6.0 MB
2026.09.20 16:54:45 INFO  Progress (1): 3.8/6.0 MB
2026.09.20 16:54:45 INFO  Progress (1): 3.8/6.0 MB
2026.09.20 16:54:45 INFO  Progress (1): 3.8/6.0 MB
2026.09.20 16:54:45 INFO  Progress (1): 3.8/6.0 MB
2026.09.20 16:54:45 INFO  Progress (1): 3.9/6.0 MB
2026.09.20 16:54:45 INFO  Progress (1): 3.9/6.0 MB
2026.09.20 16:54:45 INFO  Progress (1): 3.9/6.0 MB
2026.09.20 16:54:45 INFO  Progress (1): 3.9/6.0 MB
2026.09.20 16:54:45 INFO  Progress (1): 3.9/6.0 MB
2026.09.20 16:54:45 INFO  Progress (1): 3.9/6.0 MB
2026.09.20 16:54:45 INFO  Progress (1): 4.0/6.0 MB
2026.09.20 16:54:45 INFO  Progress (1): 4.0/6.0 MB
2026.09.20 16:54:45 INFO  Progress (1): 4.0/6.0 MB
2026.09.20 16:54:45 INFO  Progress (1): 4.0/6.0 MB
2026.09.20 16:54:45 INFO  Progress (1): 4.0/6.0 MB
2026.09.20 16:54:45 INFO  Progress (1): 4.0/6.0 MB
2026.09.20 16:54:45 INFO  Progress (1): 4.1/6.0 MB
2026.09.20 16:54:45 INFO  Progress (1): 4.1/6.0 MB
2026.09.20 16:54:45 INFO  Progress (1): 4.1/6.0 MB
2026.09.20 16:54:45 INFO  Progress (1): 4.1/6.0 MB
2026.09.20 16:54:45 INFO  Progress (1): 4.1/6.0 MB
2026.09.20 16:54:45 INFO  Progress (1): 4.1/6.0 MB
2026.09.20 16:54:45 INFO  Progress (1): 4.2/6.0 MB
2026.09.20 16:54:45 INFO  Progress (1): 4.2/6.0 MB
2026.09.20 16:54:45 INFO  Progress (1): 4.2/6.0 MB
2026.09.20 16:54:45 INFO  Progress (1): 4.2/6.0 MB
2026.09.20 16:54:45 INFO  Progress (1): 4.2/6.0 MB
2026.09.20 16:54:45 INFO  Progress (1): 4.2/6.0 MB
2026.09.20 16:54:45 INFO  Progress (1): 4.3/6.0 MB
2026.09.20 16:54:45 INFO  Progress (1): 4.3/6.0 MB
2026.09.20 16:54:45 INFO  Progress (1): 4.3/6.0 MB
2026.09.20 16:54:45 INFO  Progress (1): 4.3/6.0 MB
2026.09.20 16:54:45 INFO  Progress (1): 4.3/6.0 MB
2026.09.20 16:54:45 INFO  Progress (1): 4.3/6.0 MB
2026.09.20 16:54:45 INFO  Progress (1): 4.3/6.0 MB
2026.09.20 16:54:45 INFO  Progress (1): 4.4/6.0 MB
2026.09.20 16:54:45 INFO  Progress (1): 4.4/6.0 MB
2026.09.20 16:54:45 INFO  Progress (1): 4.4/6.0 MB
2026.09.20 16:54:45 INFO  Progress (1): 4.4/6.0 MB
2026.09.20 16:54:45 INFO  Progress (1): 4.4/6.0 MB
2026.09.20 16:54:45 INFO  Progress (1): 4.4/6.0 MB
2026.09.20 16:54:45 INFO  Progress (1): 4.5/6.0 MB
2026.09.20 16:54:45 INFO  Progress (1): 4.5/6.0 MB
2026.09.20 16:54:45 INFO  Progress (1): 4.5/6.0 MB
2026.09.20 16:54:45 INFO  Progress (1): 4.5/6.0 MB
2026.09.20 16:54:45 INFO  Progress (1): 4.5/6.0 MB
2026.09.20 16:54:45 INFO  Progress (1): 4.5/6.0 MB
2026.09.20 16:54:45 INFO  Progress (1): 4.6/6.0 MB
2026.09.20 16:54:45 INFO  Progress (1): 4.6/6.0 MB
2026.09.20 16:54:45 INFO  Progress (1): 4.6/6.0 MB
2026.09.20 16:54:45 INFO  Progress (1): 4.6/6.0 MB
2026.09.20 16:54:45 INFO  Progress (1): 4.6/6.0 MB
2026.09.20 16:54:45 INFO  Progress (1): 4.6/6.0 MB
2026.09.20 16:54:45 INFO  Progress (1): 4.7/6.0 MB
2026.09.20 16:54:45 INFO  Progress (1): 4.7/6.0 MB
2026.09.20 16:54:45 INFO  Progress (1): 4.7/6.0 MB
2026.09.20 16:54:45 INFO  Progress (1): 4.7/6.0 MB
2026.09.20 16:54:45 INFO  Progress (1): 4.7/6.0 MB
2026.09.20 16:54:45 INFO  Progress (1): 4.7/6.0 MB
2026.09.20 16:54:45 INFO  Progress (1): 4.8/6.0 MB
2026.09.20 16:54:45 INFO  Progress (1): 4.8/6.0 MB
2026.09.20 16:54:45 INFO  Progress (1): 4.8/6.0 MB
2026.09.20 16:54:45 INFO  Progress (1): 4.8/6.0 MB
2026.09.20 16:54:45 INFO  Progress (1): 4.8/6.0 MB
2026.09.20 16:54:45 INFO  Progress (1): 4.8/6.0 MB
2026.09.20 16:54:45 INFO  Progress (1): 4.9/6.0 MB
2026.09.20 16:54:45 INFO  Progress (1): 4.9/6.0 MB
2026.09.20 16:54:45 INFO  Progress (1): 4.9/6.0 MB
2026.09.20 16:54:45 INFO  Progress (1): 4.9/6.0 MB
2026.09.20 16:54:45 INFO  Progress (1): 4.9/6.0 MB
2026.09.20 16:54:45 INFO  Progress (1): 4.9/6.0 MB
2026.09.20 16:54:45 INFO  Progress (1): 4.9/6.0 MB
2026.09.20 16:54:45 INFO  Progress (1): 5.0/6.0 MB
2026.09.20 16:54:45 INFO  Progress (1): 5.0/6.0 MB
2026.09.20 16:54:45 INFO  Progress (1): 5.0/6.0 MB
2026.09.20 16:54:45 INFO  Progress (1): 5.0/6.0 MB
2026.09.20 16:54:45 INFO  Progress (1): 5.0/6.0 MB
2026.09.20 16:54:45 INFO  Progress (1): 5.0/6.0 MB
2026.09.20 16:54:45 INFO  Progress (1): 5.0/6.0 MB
2026.09.20 16:54:45 INFO  Progress (1): 5.1/6.0 MB
2026.09.20 16:54:45 INFO  Progress (1): 5.1/6.0 MB
2026.09.20 16:54:45 INFO  Progress (1): 5.1/6.0 MB
2026.09.20 16:54:45 INFO  Progress (1): 5.1/6.0 MB
2026.09.20 16:54:45 INFO  Progress (1): 5.1/6.0 MB
2026.09.20 16:54:45 INFO  Progress (1): 5.1/6.0 MB
2026.09.20 16:54:45 INFO  Progress (1): 5.1/6.0 MB
2026.09.20 16:54:45 INFO  Progress (1): 5.2/6.0 MB
2026.09.20 16:54:45 INFO  Progress (1): 5.2/6.0 MB
2026.09.20 16:54:45 INFO  Progress (1): 5.2/6.0 MB
2026.09.20 16:54:45 INFO  Progress (1): 5.2/6.0 MB
2026.09.20 16:54:46 INFO  Progress (1): 5.2/6.0 MB
2026.09.20 16:54:46 INFO  Progress (1): 5.2/6.0 MB
2026.09.20 16:54:46 INFO  Progress (1): 5.3/6.0 MB
2026.09.20 16:54:46 INFO  Progress (1): 5.3/6.0 MB
2026.09.20 16:54:46 INFO  Progress (1): 5.3/6.0 MB
2026.09.20 16:54:46 INFO  Progress (1): 5.3/6.0 MB
2026.09.20 16:54:46 INFO  Progress (1): 5.3/6.0 MB
2026.09.20 16:54:46 INFO  Progress (1): 5.3/6.0 MB
2026.09.20 16:54:46 INFO  Progress (1): 5.3/6.0 MB
2026.09.20 16:54:46 INFO  Progress (1): 5.3/6.0 MB
2026.09.20 16:54:46 INFO  Progress (1): 5.4/6.0 MB
2026.09.20 16:54:46 INFO  Progress (1): 5.4/6.0 MB
2026.09.20 16:54:46 INFO  Progress (1): 5.4/6.0 MB
2026.09.20 16:54:46 INFO  Progress (1): 5.4/6.0 MB
2026.09.20 16:54:46 INFO  Progress (1): 5.4/6.0 MB
2026.09.20 16:54:46 INFO  Progress (1): 5.4/6.0 MB
2026.09.20 16:54:46 INFO  Progress (1): 5.4/6.0 MB
2026.09.20 16:54:46 INFO  Progress (1): 5.5/6.0 MB
2026.09.20 16:54:46 INFO  Progress (1): 5.5/6.0 MB
2026.09.20 16:54:46 INFO  Progress (1): 5.5/6.0 MB
2026.09.20 16:54:46 INFO  Progress (1): 5.5/6.0 MB
2026.09.20 16:54:46 INFO  Progress (1): 5.5/6.0 MB
2026.09.20 16:54:46 INFO  Progress (1): 5.5/6.0 MB
2026.09.20 16:54:46 INFO  Progress (1): 5.5/6.0 MB
2026.09.20 16:54:46 INFO  Progress (1): 5.6/6.0 MB
2026.09.20 16:54:46 INFO  Progress (1): 5.6/6.0 MB
2026.09.20 16:54:46 INFO  Progress (1): 5.6/6.0 MB
2026.09.20 16:54:46 INFO  Progress (1): 5.6/6.0 MB
2026.09.20 16:54:46 INFO  Progress (1): 5.6/6.0 MB
2026.09.20 16:54:46 INFO  Progress (1): 5.6/6.0 MB
2026.09.20 16:54:46 INFO  Progress (1): 5.7/6.0 MB
2026.09.20 16:54:46 INFO  Progress (1): 5.7/6.0 MB
2026.09.20 16:54:46 INFO  Progress (1): 5.7/6.0 MB
2026.09.20 16:54:46 INFO  Progress (1): 5.7/6.0 MB
2026.09.20 16:54:46 INFO  Progress (1): 5.7/6.0 MB
2026.09.20 16:54:46 INFO  Progress (1): 5.7/6.0 MB
2026.09.20 16:54:46 INFO  Progress (1): 5.7/6.0 MB
2026.09.20 16:54:46 INFO  Progress (1): 5.8/6.0 MB
2026.09.20 16:54:46 INFO  Progress (1): 5.8/6.0 MB
2026.09.20 16:54:46 INFO  Progress (1): 5.8/6.0 MB
2026.09.20 16:54:46 INFO  Progress (1): 5.8/6.0 MB
2026.09.20 16:54:46 INFO  Progress (1): 5.8/6.0 MB
2026.09.20 16:54:46 INFO  Progress (1): 5.8/6.0 MB
2026.09.20 16:54:46 INFO  Progress (1): 5.8/6.0 MB
2026.09.20 16:54:46 INFO  Progress (1): 5.9/6.0 MB
2026.09.20 16:54:46 INFO  Progress (1): 5.9/6.0 MB
2026.09.20 16:54:46 INFO  Progress (1): 5.9/6.0 MB
2026.09.20 16:54:46 INFO  Progress (1): 5.9/6.0 MB
2026.09.20 16:54:46 INFO  Progress (1): 5.9/6.0 MB
2026.09.20 16:54:46 INFO  Progress (1): 5.9/6.0 MB
2026.09.20 16:54:46 INFO  Progress (1): 5.9/6.0 MB
2026.09.20 16:54:46 INFO  Progress (1): 6.0/6.0 MB
2026.09.20 16:54:46 INFO  Progress (1): 6.0/6.0 MB
2026.09.20 16:54:46 INFO  Progress (1): 6.0/6.0 MB
2026.09.20 16:54:46 INFO  Progress (1): 6.0 MB    
2026.09.20 16:54:46 INFO                      
2026.09.20 16:54:46 INFO  Downloaded from central: https://repo.maven.apache.org/maven2/org/scala-lang/scala-library/2.13.8/scala-library-2.13.8.jar (6.0 MB at 2.2 MB/s)
2026.09.20 16:54:46 INFO  Downloading from central: https://repo.maven.apache.org/maven2/ch/epfl/scala/bloop-config_2.13/2.3.3/bloop-config_2.13-2.3.3.jar
2026.09.20 16:54:46 INFO  Downloading from central: https://repo.maven.apache.org/maven2/com/github/plokhotnyuk/jsoniter-scala/jsoniter-scala-core_2.13/2.13.5.2/jsoniter-scala-core_2.13-2.13.5.2.jar
2026.09.20 16:54:46 INFO  Downloading from central: https://repo.maven.apache.org/maven2/com/lihaoyi/unroll-annotation_2.13/0.1.12/unroll-annotation_2.13-0.1.12.jar
2026.09.20 16:54:46 INFO  Downloading from central: https://repo.maven.apache.org/maven2/net/alchim31/maven/scala-maven-plugin/4.8.0/scala-maven-plugin-4.8.0.jar
2026.09.20 16:54:46 INFO  Downloading from central: https://repo.maven.apache.org/maven2/org/apache/maven/shared/maven-dependency-tree/3.2.1/maven-dependency-tree-3.2.1.jar
2026.09.20 16:54:46 INFO  Progress (1): 7.7/288 kB
2026.09.20 16:54:46 INFO  Progress (1): 8.2/288 kB
2026.09.20 16:54:46 INFO  Progress (1): 25/288 kB 
2026.09.20 16:54:46 INFO  Progress (1): 41/288 kB
2026.09.20 16:54:46 INFO  Progress (1): 57/288 kB
2026.09.20 16:54:46 INFO  Progress (1): 74/288 kB
2026.09.20 16:54:46 INFO  Progress (1): 82/288 kB
2026.09.20 16:54:46 INFO  Progress (1): 98/288 kB
2026.09.20 16:54:46 INFO  Progress (1): 115/288 kB
2026.09.20 16:54:46 INFO  Progress (1): 131/288 kB
2026.09.20 16:54:46 INFO  Progress (1): 147/288 kB
2026.09.20 16:54:46 INFO  Progress (1): 164/288 kB
2026.09.20 16:54:46 INFO  Progress (1): 172/288 kB
2026.09.20 16:54:46 INFO  Progress (1): 188/288 kB
2026.09.20 16:54:46 INFO  Progress (1): 205/288 kB
2026.09.20 16:54:46 INFO  Progress (1): 213/288 kB
2026.09.20 16:54:46 INFO  Progress (1): 221/288 kB
2026.09.20 16:54:46 INFO  Progress (1): 238/288 kB
2026.09.20 16:54:46 INFO  Progress (1): 254/288 kB
2026.09.20 16:54:46 INFO  Progress (1): 270/288 kB
2026.09.20 16:54:46 INFO  Progress (1): 287/288 kB
2026.09.20 16:54:46 INFO  Progress (1): 288 kB    
2026.09.20 16:54:46 INFO                      
2026.09.20 16:54:46 INFO  Downloaded from central: https://repo.maven.apache.org/maven2/ch/epfl/scala/bloop-config_2.13/2.3.3/bloop-config_2.13-2.3.3.jar (288 kB at 1.4 MB/s)
2026.09.20 16:54:46 INFO  Downloading from central: https://repo.maven.apache.org/maven2/org/eclipse/aether/aether-util/1.0.0.v20140518/aether-util-1.0.0.v20140518.jar
2026.09.20 16:54:46 INFO  Progress (1): 0.9/159 kB
2026.09.20 16:54:46 INFO  Progress (1): 2.3/159 kB
2026.09.20 16:54:46 INFO  Progress (1): 3.6/159 kB
2026.09.20 16:54:46 INFO  Progress (1): 5.0/159 kB
2026.09.20 16:54:46 INFO  Progress (1): 6.4/159 kB
2026.09.20 16:54:46 INFO  Progress (1): 7.7/159 kB
2026.09.20 16:54:46 INFO  Progress (1): 9.1/159 kB
2026.09.20 16:54:46 INFO  Progress (1): 10/159 kB 
2026.09.20 16:54:46 INFO  Progress (1): 12/159 kB
2026.09.20 16:54:46 INFO  Progress (1): 13/159 kB
2026.09.20 16:54:46 INFO  Progress (1): 15/159 kB
2026.09.20 16:54:46 INFO  Progress (1): 16/159 kB
2026.09.20 16:54:46 INFO  Progress (1): 17/159 kB
2026.09.20 16:54:46 INFO  Progress (1): 19/159 kB
2026.09.20 16:54:46 INFO  Progress (1): 20/159 kB
2026.09.20 16:54:46 INFO  Progress (1): 21/159 kB
2026.09.20 16:54:46 INFO  Progress (1): 23/159 kB
2026.09.20 16:54:46 INFO  Progress (1): 24/159 kB
2026.09.20 16:54:46 INFO  Progress (1): 25/159 kB
2026.09.20 16:54:46 INFO  Progress (1): 26/159 kB
2026.09.20 16:54:46 INFO  Progress (1): 27/159 kB
2026.09.20 16:54:46 INFO  Progress (1): 29/159 kB
2026.09.20 16:54:46 INFO  Progress (1): 30/159 kB
2026.09.20 16:54:46 INFO  Progress (1): 31/159 kB
2026.09.20 16:54:46 INFO  Progress (1): 33/159 kB
2026.09.20 16:54:46 INFO  Progress (1): 34/159 kB
2026.09.20 16:54:46 INFO  Progress (1): 36/159 kB
2026.09.20 16:54:46 INFO  Progress (1): 37/159 kB
2026.09.20 16:54:46 INFO  Progress (1): 38/159 kB
2026.09.20 16:54:46 INFO  Progress (1): 40/159 kB
2026.09.20 16:54:46 INFO  Progress (1): 41/159 kB
2026.09.20 16:54:46 INFO  Progress (1): 42/159 kB
2026.09.20 16:54:46 INFO  Progress (1): 44/159 kB
2026.09.20 16:54:46 INFO  Progress (1): 45/159 kB
2026.09.20 16:54:46 INFO  Progress (1): 46/159 kB
2026.09.20 16:54:46 INFO  Progress (1): 48/159 kB
2026.09.20 16:54:46 INFO  Progress (1): 49/159 kB
2026.09.20 16:54:46 INFO  Progress (1): 51/159 kB
2026.09.20 16:54:46 INFO  Progress (1): 52/159 kB
2026.09.20 16:54:46 INFO  Progress (1): 53/159 kB
2026.09.20 16:54:46 INFO  Progress (1): 55/159 kB
2026.09.20 16:54:46 INFO  Progress (1): 59/159 kB
2026.09.20 16:54:46 INFO  Progress (1): 63/159 kB
2026.09.20 16:54:46 INFO  Progress (2): 63/159 kB | 3.2/146 kB
2026.09.20 16:54:46 INFO  Progress (2): 63/159 kB | 20/146 kB 
2026.09.20 16:54:46 INFO  Progress (2): 63/159 kB | 36/146 kB
2026.09.20 16:54:46 INFO  Progress (3): 63/159 kB | 36/146 kB | 0.9/43 kB
2026.09.20 16:54:46 INFO  Progress (3): 63/159 kB | 36/146 kB | 2.3/43 kB
2026.09.20 16:54:46 INFO  Progress (3): 63/159 kB | 36/146 kB | 3.6/43 kB
2026.09.20 16:54:46 INFO  Progress (3): 63/159 kB | 36/146 kB | 5.0/43 kB
2026.09.20 16:54:46 INFO  Progress (3): 63/159 kB | 36/146 kB | 6.4/43 kB
2026.09.20 16:54:46 INFO  Progress (3): 63/159 kB | 36/146 kB | 7.7/43 kB
2026.09.20 16:54:46 INFO  Progress (3): 63/159 kB | 36/146 kB | 8.2/43 kB
2026.09.20 16:54:46 INFO  Progress (3): 63/159 kB | 36/146 kB | 9.6/43 kB
2026.09.20 16:54:46 INFO  Progress (3): 63/159 kB | 36/146 kB | 11/43 kB 
2026.09.20 16:54:46 INFO  Progress (3): 63/159 kB | 36/146 kB | 12/43 kB
2026.09.20 16:54:46 INFO  Progress (3): 63/159 kB | 36/146 kB | 14/43 kB
2026.09.20 16:54:46 INFO  Progress (3): 63/159 kB | 36/146 kB | 15/43 kB
2026.09.20 16:54:46 INFO  Progress (3): 63/159 kB | 36/146 kB | 16/43 kB
2026.09.20 16:54:46 INFO  Progress (3): 63/159 kB | 36/146 kB | 18/43 kB
2026.09.20 16:54:46 INFO  Progress (3): 63/159 kB | 36/146 kB | 19/43 kB
2026.09.20 16:54:46 INFO  Progress (3): 63/159 kB | 36/146 kB | 21/43 kB
2026.09.20 16:54:46 INFO  Progress (3): 63/159 kB | 36/146 kB | 22/43 kB
2026.09.20 16:54:46 INFO  Progress (3): 63/159 kB | 36/146 kB | 23/43 kB
2026.09.20 16:54:46 INFO  Progress (3): 63/159 kB | 36/146 kB | 25/43 kB
2026.09.20 16:54:46 INFO  Progress (3): 63/159 kB | 36/146 kB | 26/43 kB
2026.09.20 16:54:46 INFO  Progress (3): 63/159 kB | 36/146 kB | 27/43 kB
2026.09.20 16:54:46 INFO  Progress (3): 63/159 kB | 36/146 kB | 29/43 kB
2026.09.20 16:54:46 INFO  Progress (3): 63/159 kB | 36/146 kB | 30/43 kB
2026.09.20 16:54:46 INFO  Progress (3): 63/159 kB | 36/146 kB | 31/43 kB
2026.09.20 16:54:46 INFO  Progress (3): 63/159 kB | 36/146 kB | 33/43 kB
2026.09.20 16:54:46 INFO  Progress (3): 63/159 kB | 36/146 kB | 34/43 kB
2026.09.20 16:54:46 INFO  Progress (3): 63/159 kB | 36/146 kB | 36/43 kB
2026.09.20 16:54:46 INFO  Progress (3): 63/159 kB | 36/146 kB | 37/43 kB
2026.09.20 16:54:46 INFO  Progress (3): 63/159 kB | 36/146 kB | 38/43 kB
2026.09.20 16:54:46 INFO  Progress (3): 63/159 kB | 36/146 kB | 40/43 kB
2026.09.20 16:54:46 INFO  Progress (3): 63/159 kB | 36/146 kB | 41/43 kB
2026.09.20 16:54:46 INFO  Progress (3): 63/159 kB | 36/146 kB | 42/43 kB
2026.09.20 16:54:46 INFO  Progress (3): 63/159 kB | 36/146 kB | 43 kB   
2026.09.20 16:54:46 INFO  Progress (3): 63/159 kB | 52/146 kB | 43 kB
2026.09.20 16:54:46 INFO  Progress (3): 63/159 kB | 66/146 kB | 43 kB
2026.09.20 16:54:46 INFO  Progress (3): 63/159 kB | 82/146 kB | 43 kB
2026.09.20 16:54:46 INFO  Progress (4): 63/159 kB | 82/146 kB | 43 kB | 0.9/176 kB
2026.09.20 16:54:46 INFO  Progress (4): 63/159 kB | 82/146 kB | 43 kB | 2.3/176 kB
2026.09.20 16:54:46 INFO  Progress (4): 63/159 kB | 82/146 kB | 43 kB | 3.2/176 kB
2026.09.20 16:54:46 INFO  Progress (4): 63/159 kB | 82/146 kB | 43 kB | 4.5/176 kB
2026.09.20 16:54:46 INFO  Progress (4): 63/159 kB | 82/146 kB | 43 kB | 5.9/176 kB
2026.09.20 16:54:46 INFO  Progress (4): 63/159 kB | 82/146 kB | 43 kB | 7.3/176 kB
2026.09.20 16:54:46 INFO  Progress (4): 63/159 kB | 82/146 kB | 43 kB | 8.7/176 kB
2026.09.20 16:54:46 INFO  Progress (4): 63/159 kB | 82/146 kB | 43 kB | 10/176 kB 
2026.09.20 16:54:46 INFO  Progress (4): 63/159 kB | 82/146 kB | 43 kB | 11/176 kB
2026.09.20 16:54:46 INFO  Progress (4): 63/159 kB | 82/146 kB | 43 kB | 13/176 kB
2026.09.20 16:54:46 INFO  Progress (4): 63/159 kB | 82/146 kB | 43 kB | 14/176 kB
2026.09.20 16:54:46 INFO  Progress (4): 63/159 kB | 82/146 kB | 43 kB | 15/176 kB
2026.09.20 16:54:46 INFO  Progress (4): 63/159 kB | 82/146 kB | 43 kB | 17/176 kB
2026.09.20 16:54:46 INFO  Progress (4): 63/159 kB | 82/146 kB | 43 kB | 18/176 kB
2026.09.20 16:54:46 INFO  Progress (4): 63/159 kB | 82/146 kB | 43 kB | 20/176 kB
2026.09.20 16:54:46 INFO  Progress (4): 63/159 kB | 82/146 kB | 43 kB | 21/176 kB
2026.09.20 16:54:46 INFO  Progress (4): 63/159 kB | 82/146 kB | 43 kB | 22/176 kB
2026.09.20 16:54:46 INFO  Progress (4): 63/159 kB | 82/146 kB | 43 kB | 24/176 kB
2026.09.20 16:54:46 INFO  Progress (4): 63/159 kB | 82/146 kB | 43 kB | 25/176 kB
2026.09.20 16:54:46 INFO  Progress (4): 63/159 kB | 98/146 kB | 43 kB | 25/176 kB
2026.09.20 16:54:46 INFO  Progress (4): 67/159 kB | 98/146 kB | 43 kB | 25/176 kB
2026.09.20 16:54:46 INFO  Progress (4): 72/159 kB | 98/146 kB | 43 kB | 25/176 kB
2026.09.20 16:54:46 INFO  Progress (4): 72/159 kB | 98/146 kB | 43 kB | 26/176 kB
2026.09.20 16:54:46 INFO  Progress (4): 72/159 kB | 98/146 kB | 43 kB | 28/176 kB
2026.09.20 16:54:46 INFO  Progress (4): 72/159 kB | 98/146 kB | 43 kB | 29/176 kB
2026.09.20 16:54:46 INFO  Progress (4): 72/159 kB | 98/146 kB | 43 kB | 31/176 kB
2026.09.20 16:54:46 INFO  Progress (4): 72/159 kB | 98/146 kB | 43 kB | 32/176 kB
2026.09.20 16:54:46 INFO  Progress (4): 72/159 kB | 98/146 kB | 43 kB | 33/176 kB
2026.09.20 16:54:46 INFO  Progress (4): 72/159 kB | 98/146 kB | 43 kB | 35/176 kB
2026.09.20 16:54:46 INFO  Progress (4): 72/159 kB | 98/146 kB | 43 kB | 36/176 kB
2026.09.20 16:54:46 INFO  Progress (4): 72/159 kB | 98/146 kB | 43 kB | 37/176 kB
2026.09.20 16:54:46 INFO  Progress (4): 72/159 kB | 98/146 kB | 43 kB | 39/176 kB
2026.09.20 16:54:46 INFO  Progress (4): 72/159 kB | 98/146 kB | 43 kB | 40/176 kB
2026.09.20 16:54:46 INFO  Progress (4): 76/159 kB | 98/146 kB | 43 kB | 40/176 kB
2026.09.20 16:54:46 INFO  Progress (4): 80/159 kB | 98/146 kB | 43 kB | 40/176 kB
2026.09.20 16:54:46 INFO  Progress (4): 84/159 kB | 98/146 kB | 43 kB | 40/176 kB
2026.09.20 16:54:46 INFO  Progress (4): 89/159 kB | 98/146 kB | 43 kB | 40/176 kB
2026.09.20 16:54:46 INFO  Progress (4): 93/159 kB | 98/146 kB | 43 kB | 40/176 kB
2026.09.20 16:54:46 INFO  Progress (4): 93/159 kB | 98/146 kB | 43 kB | 41/176 kB
2026.09.20 16:54:46 INFO  Progress (4): 93/159 kB | 98/146 kB | 43 kB | 43/176 kB
2026.09.20 16:54:46 INFO  Progress (4): 93/159 kB | 98/146 kB | 43 kB | 44/176 kB
2026.09.20 16:54:46 INFO  Progress (4): 93/159 kB | 98/146 kB | 43 kB | 46/176 kB
2026.09.20 16:54:46 INFO  Progress (4): 93/159 kB | 98/146 kB | 43 kB | 47/176 kB
2026.09.20 16:54:46 INFO  Progress (4): 93/159 kB | 98/146 kB | 43 kB | 48/176 kB
2026.09.20 16:54:46 INFO  Progress (4): 93/159 kB | 98/146 kB | 43 kB | 50/176 kB
2026.09.20 16:54:46 INFO  Progress (4): 93/159 kB | 98/146 kB | 43 kB | 51/176 kB
2026.09.20 16:54:46 INFO  Progress (4): 93/159 kB | 98/146 kB | 43 kB | 52/176 kB
2026.09.20 16:54:46 INFO  Progress (4): 93/159 kB | 98/146 kB | 43 kB | 54/176 kB
2026.09.20 16:54:46 INFO  Progress (4): 93/159 kB | 98/146 kB | 43 kB | 55/176 kB
2026.09.20 16:54:46 INFO  Progress (4): 93/159 kB | 98/146 kB | 43 kB | 59/176 kB
2026.09.20 16:54:46 INFO  Progress (4): 93/159 kB | 98/146 kB | 43 kB | 61/176 kB
2026.09.20 16:54:46 INFO  Progress (4): 93/159 kB | 115/146 kB | 43 kB | 61/176 kB
2026.09.20 16:54:46 INFO  Progress (4): 93/159 kB | 131/146 kB | 43 kB | 61/176 kB
2026.09.20 16:54:46 INFO  Progress (4): 93/159 kB | 146 kB | 43 kB | 61/176 kB    
2026.09.20 16:54:46 INFO  Progress (4): 97/159 kB | 146 kB | 43 kB | 61/176 kB
2026.09.20 16:54:46 INFO  Progress (4): 101/159 kB | 146 kB | 43 kB | 61/176 kB
2026.09.20 16:54:46 INFO  Progress (4): 105/159 kB | 146 kB | 43 kB | 61/176 kB
2026.09.20 16:54:46 INFO  Progress (4): 110/159 kB | 146 kB | 43 kB | 61/176 kB
2026.09.20 16:54:46 INFO  Progress (4): 114/159 kB | 146 kB | 43 kB | 61/176 kB
2026.09.20 16:54:46 INFO  Progress (4): 118/159 kB | 146 kB | 43 kB | 61/176 kB
2026.09.20 16:54:46 INFO  Progress (4): 122/159 kB | 146 kB | 43 kB | 61/176 kB
2026.09.20 16:54:46 INFO  Progress (4): 127/159 kB | 146 kB | 43 kB | 61/176 kB
2026.09.20 16:54:46 INFO                                                       
2026.09.20 16:54:46 INFO  Downloaded from central: https://repo.maven.apache.org/maven2/org/apache/maven/shared/maven-dependency-tree/3.2.1/maven-dependency-tree-3.2.1.jar (43 kB at 103 kB/s)
2026.09.20 16:54:46 INFO  Downloading from central: https://repo.maven.apache.org/maven2/org/eclipse/aether/aether-api/1.0.0.v20140518/aether-api-1.0.0.v20140518.jar
2026.09.20 16:54:46 INFO  Progress (4): 127/159 kB | 146 kB | 61/176 kB | 0.9/1.3 kB
2026.09.20 16:54:46 INFO  Progress (4): 127/159 kB | 146 kB | 65/176 kB | 0.9/1.3 kB
2026.09.20 16:54:46 INFO  Progress (4): 127/159 kB | 146 kB | 65/176 kB | 1.3 kB    
2026.09.20 16:54:46 INFO  Progress (4): 127/159 kB | 146 kB | 69/176 kB | 1.3 kB
2026.09.20 16:54:46 INFO  Progress (4): 127/159 kB | 146 kB | 73/176 kB | 1.3 kB
2026.09.20 16:54:46 INFO                                                        
2026.09.20 16:54:46 INFO  Downloaded from central: https://repo.maven.apache.org/maven2/org/eclipse/aether/aether-util/1.0.0.v20140518/aether-util-1.0.0.v20140518.jar (146 kB at 354 kB/s)
2026.09.20 16:54:46 INFO  Downloading from central: https://repo.maven.apache.org/maven2/org/apache/maven/reporting/maven-reporting-api/3.1.1/maven-reporting-api-3.1.1.jar
2026.09.20 16:54:46 INFO  Downloaded from central: https://repo.maven.apache.org/maven2/com/lihaoyi/unroll-annotation_2.13/0.1.12/unroll-annotation_2.13-0.1.12.jar (1.3 kB at 3.2 kB/s)
2026.09.20 16:54:46 INFO  Downloading from central: https://repo.maven.apache.org/maven2/org/apache/maven/doxia/doxia-sink-api/1.11.1/doxia-sink-api-1.11.1.jar
2026.09.20 16:54:46 INFO  Progress (2): 127/159 kB | 77/176 kB
2026.09.20 16:54:46 INFO  Progress (2): 127/159 kB | 82/176 kB
2026.09.20 16:54:46 INFO  Progress (2): 127/159 kB | 86/176 kB
2026.09.20 16:54:46 INFO  Progress (2): 127/159 kB | 90/176 kB
2026.09.20 16:54:46 INFO  Progress (2): 127/159 kB | 94/176 kB
2026.09.20 16:54:46 INFO  Progress (2): 127/159 kB | 99/176 kB
2026.09.20 16:54:46 INFO  Progress (2): 127/159 kB | 103/176 kB
2026.09.20 16:54:46 INFO  Progress (2): 127/159 kB | 107/176 kB
2026.09.20 16:54:46 INFO  Progress (2): 127/159 kB | 111/176 kB
2026.09.20 16:54:46 INFO  Progress (2): 131/159 kB | 111/176 kB
2026.09.20 16:54:46 INFO  Progress (2): 135/159 kB | 111/176 kB
2026.09.20 16:54:46 INFO  Progress (2): 139/159 kB | 111/176 kB
2026.09.20 16:54:46 INFO  Progress (2): 144/159 kB | 111/176 kB
2026.09.20 16:54:46 INFO  Progress (2): 144/159 kB | 115/176 kB
2026.09.20 16:54:46 INFO  Progress (2): 144/159 kB | 120/176 kB
2026.09.20 16:54:46 INFO  Progress (2): 144/159 kB | 124/176 kB
2026.09.20 16:54:46 INFO  Progress (2): 148/159 kB | 124/176 kB
2026.09.20 16:54:46 INFO  Progress (2): 152/159 kB | 124/176 kB
2026.09.20 16:54:46 INFO  Progress (2): 156/159 kB | 124/176 kB
2026.09.20 16:54:46 INFO  Progress (2): 159 kB | 124/176 kB    
2026.09.20 16:54:46 INFO                                   
2026.09.20 16:54:46 INFO  Downloaded from central: https://repo.maven.apache.org/maven2/net/alchim31/maven/scala-maven-plugin/4.8.0/scala-maven-plugin-4.8.0.jar (159 kB at 350 kB/s)
2026.09.20 16:54:46 INFO  Downloading from central: https://repo.maven.apache.org/maven2/org/apache/maven/doxia/doxia-logging-api/1.11.1/doxia-logging-api-1.11.1.jar
2026.09.20 16:54:46 INFO  Progress (1): 128/176 kB
2026.09.20 16:54:46 INFO  Progress (1): 131/176 kB
2026.09.20 16:54:46 INFO  Progress (1): 135/176 kB
2026.09.20 16:54:46 INFO  Progress (1): 139/176 kB
2026.09.20 16:54:46 INFO  Progress (1): 143/176 kB
2026.09.20 16:54:46 INFO  Progress (1): 148/176 kB
2026.09.20 16:54:46 INFO  Progress (1): 152/176 kB
2026.09.20 16:54:46 INFO  Progress (1): 156/176 kB
2026.09.20 16:54:46 INFO  Progress (1): 160/176 kB
2026.09.20 16:54:46 INFO  Progress (1): 164/176 kB
2026.09.20 16:54:46 INFO  Progress (1): 168/176 kB
2026.09.20 16:54:46 INFO  Progress (1): 172/176 kB
2026.09.20 16:54:46 INFO  Progress (1): 176 kB    
2026.09.20 16:54:46 INFO  Progress (2): 176 kB | 3.2/136 kB
2026.09.20 16:54:46 INFO  Progress (2): 176 kB | 20/136 kB 
2026.09.20 16:54:46 INFO  Progress (2): 176 kB | 36/136 kB
2026.09.20 16:54:46 INFO                                  
2026.09.20 16:54:46 INFO  Downloaded from central: https://repo.maven.apache.org/maven2/com/github/plokhotnyuk/jsoniter-scala/jsoniter-scala-core_2.13/2.13.5.2/jsoniter-scala-core_2.13-2.13.5.2.jar (176 kB at 346 kB/s)
2026.09.20 16:54:46 INFO  Downloading from central: https://repo.maven.apache.org/maven2/org/apache/maven/maven-archiver/3.6.0/maven-archiver-3.6.0.jar
2026.09.20 16:54:46 INFO  Progress (2): 36/136 kB | 0.9/12 kB
2026.09.20 16:54:46 INFO  Progress (2): 36/136 kB | 2.3/12 kB
2026.09.20 16:54:46 INFO  Progress (2): 36/136 kB | 3.6/12 kB
2026.09.20 16:54:46 INFO  Progress (2): 36/136 kB | 5.0/12 kB
2026.09.20 16:54:46 INFO  Progress (2): 36/136 kB | 6.4/12 kB
2026.09.20 16:54:46 INFO  Progress (2): 36/136 kB | 7.7/12 kB
2026.09.20 16:54:46 INFO  Progress (2): 36/136 kB | 8.2/12 kB
2026.09.20 16:54:46 INFO  Progress (2): 36/136 kB | 9.6/12 kB
2026.09.20 16:54:46 INFO  Progress (2): 36/136 kB | 12 kB    
2026.09.20 16:54:46 INFO  Progress (2): 52/136 kB | 12 kB
2026.09.20 16:54:46 INFO                                 
2026.09.20 16:54:46 INFO  Downloaded from central: https://repo.maven.apache.org/maven2/org/apache/maven/doxia/doxia-sink-api/1.11.1/doxia-sink-api-1.11.1.jar (12 kB at 22 kB/s)
2026.09.20 16:54:46 INFO  Downloading from central: https://repo.maven.apache.org/maven2/org/codehaus/plexus/plexus-io/3.4.0/plexus-io-3.4.0.jar
2026.09.20 16:54:46 INFO  Progress (1): 69/136 kB
2026.09.20 16:54:46 INFO  Progress (1): 77/136 kB
2026.09.20 16:54:46 INFO  Progress (1): 93/136 kB
2026.09.20 16:54:46 INFO  Progress (1): 110/136 kB
2026.09.20 16:54:46 INFO  Progress (1): 126/136 kB
2026.09.20 16:54:46 INFO  Progress (1): 136 kB    
2026.09.20 16:54:46 INFO  Progress (2): 136 kB | 3.8/12 kB
2026.09.20 16:54:46 INFO  Progress (2): 136 kB | 8.0/12 kB
2026.09.20 16:54:46 INFO  Progress (2): 136 kB | 8.2/12 kB
2026.09.20 16:54:46 INFO  Progress (3): 136 kB | 8.2/12 kB | 0.9/11 kB
2026.09.20 16:54:46 INFO  Progress (3): 136 kB | 8.2/12 kB | 2.3/11 kB
2026.09.20 16:54:46 INFO  Progress (3): 136 kB | 8.2/12 kB | 3.6/11 kB
2026.09.20 16:54:46 INFO  Progress (3): 136 kB | 8.2/12 kB | 5.0/11 kB
2026.09.20 16:54:46 INFO  Progress (3): 136 kB | 8.2/12 kB | 6.4/11 kB
2026.09.20 16:54:46 INFO  Progress (3): 136 kB | 12 kB | 6.4/11 kB    
2026.09.20 16:54:46 INFO  Progress (3): 136 kB | 12 kB | 7.7/11 kB
2026.09.20 16:54:46 INFO  Progress (3): 136 kB | 12 kB | 9.1/11 kB
2026.09.20 16:54:46 INFO  Progress (3): 136 kB | 12 kB | 10/11 kB 
2026.09.20 16:54:46 INFO  Progress (3): 136 kB | 12 kB | 11 kB   
2026.09.20 16:54:46 INFO                                      
2026.09.20 16:54:46 INFO  Downloaded from central: https://repo.maven.apache.org/maven2/org/eclipse/aether/aether-api/1.0.0.v20140518/aether-api-1.0.0.v20140518.jar (136 kB at 245 kB/s)
2026.09.20 16:54:46 INFO  Downloading from central: https://repo.maven.apache.org/maven2/org/codehaus/plexus/plexus-archiver/4.6.0/plexus-archiver-4.6.0.jar
2026.09.20 16:54:46 INFO  Downloaded from central: https://repo.maven.apache.org/maven2/org/apache/maven/doxia/doxia-logging-api/1.11.1/doxia-logging-api-1.11.1.jar (12 kB at 21 kB/s)
2026.09.20 16:54:46 INFO  Downloading from central: https://repo.maven.apache.org/maven2/org/apache/commons/commons-compress/1.21/commons-compress-1.21.jar
2026.09.20 16:54:46 INFO  Downloaded from central: https://repo.maven.apache.org/maven2/org/apache/maven/reporting/maven-reporting-api/3.1.1/maven-reporting-api-3.1.1.jar (11 kB at 19 kB/s)
2026.09.20 16:54:46 INFO  Downloading from central: https://repo.maven.apache.org/maven2/org/iq80/snappy/snappy/0.4/snappy-0.4.jar
2026.09.20 16:54:46 INFO  Progress (1): 3.8/26 kB
2026.09.20 16:54:46 INFO  Progress (1): 8.0/26 kB
2026.09.20 16:54:46 INFO  Progress (1): 12/26 kB 
2026.09.20 16:54:46 INFO  Progress (1): 16/26 kB
2026.09.20 16:54:46 INFO  Progress (1): 21/26 kB
2026.09.20 16:54:46 INFO  Progress (1): 25/26 kB
2026.09.20 16:54:46 INFO  Progress (1): 26 kB   
2026.09.20 16:54:46 INFO  Progress (2): 26 kB | 3.8/79 kB
2026.09.20 16:54:46 INFO  Progress (2): 26 kB | 8.0/79 kB
2026.09.20 16:54:46 INFO  Progress (2): 26 kB | 11/79 kB 
2026.09.20 16:54:46 INFO  Progress (2): 26 kB | 16/79 kB
2026.09.20 16:54:46 INFO  Progress (2): 26 kB | 20/79 kB
2026.09.20 16:54:46 INFO  Progress (2): 26 kB | 24/79 kB
2026.09.20 16:54:46 INFO  Progress (2): 26 kB | 28/79 kB
2026.09.20 16:54:46 INFO  Progress (2): 26 kB | 33/79 kB
2026.09.20 16:54:46 INFO  Progress (2): 26 kB | 37/79 kB
2026.09.20 16:54:46 INFO                                
2026.09.20 16:54:46 INFO  Downloaded from central: https://repo.maven.apache.org/maven2/org/apache/maven/maven-archiver/3.6.0/maven-archiver-3.6.0.jar (26 kB at 43 kB/s)
2026.09.20 16:54:46 INFO  Downloading from central: https://repo.maven.apache.org/maven2/org/tukaani/xz/1.9/xz-1.9.jar
2026.09.20 16:54:46 INFO  Progress (1): 41/79 kB
2026.09.20 16:54:46 INFO  Progress (1): 57/79 kB
2026.09.20 16:54:46 INFO  Progress (1): 74/79 kB
2026.09.20 16:54:46 INFO  Progress (1): 79 kB   
2026.09.20 16:54:46 INFO                     
2026.09.20 16:54:46 INFO  Downloaded from central: https://repo.maven.apache.org/maven2/org/codehaus/plexus/plexus-io/3.4.0/plexus-io-3.4.0.jar (79 kB at 127 kB/s)
2026.09.20 16:54:46 INFO  Downloading from central: https://repo.maven.apache.org/maven2/com/github/luben/zstd-jni/1.5.2-5/zstd-jni-1.5.2-5.jar
2026.09.20 16:54:46 INFO  Progress (1): 0/1.0 MB
2026.09.20 16:54:46 INFO  Progress (1): 0/1.0 MB
2026.09.20 16:54:46 INFO  Progress (1): 0/1.0 MB
2026.09.20 16:54:46 INFO  Progress (1): 0/1.0 MB
2026.09.20 16:54:46 INFO  Progress (1): 0/1.0 MB
2026.09.20 16:54:46 INFO  Progress (1): 0/1.0 MB
2026.09.20 16:54:46 INFO  Progress (1): 0/1.0 MB
2026.09.20 16:54:46 INFO  Progress (1): 0/1.0 MB
2026.09.20 16:54:47 INFO  Progress (1): 0/1.0 MB
2026.09.20 16:54:47 INFO  Progress (1): 0/1.0 MB
2026.09.20 16:54:47 INFO  Progress (1): 0/1.0 MB
2026.09.20 16:54:47 INFO  Progress (2): 0/1.0 MB | 3.2/58 kB
2026.09.20 16:54:47 INFO  Progress (2): 0/1.0 MB | 20/58 kB 
2026.09.20 16:54:47 INFO  Progress (2): 0.1/1.0 MB | 20/58 kB
2026.09.20 16:54:47 INFO  Progress (2): 0.1/1.0 MB | 36/58 kB
2026.09.20 16:54:47 INFO  Progress (2): 0.1/1.0 MB | 36/58 kB
2026.09.20 16:54:47 INFO  Progress (2): 0.1/1.0 MB | 36/58 kB
2026.09.20 16:54:47 INFO  Progress (2): 0.1/1.0 MB | 52/58 kB
2026.09.20 16:54:47 INFO  Progress (2): 0.1/1.0 MB | 58 kB   
2026.09.20 16:54:47 INFO                                  
2026.09.20 16:54:47 INFO  Downloaded from central: https://repo.maven.apache.org/maven2/org/iq80/snappy/snappy/0.4/snappy-0.4.jar (58 kB at 70 kB/s)
2026.09.20 16:54:47 INFO  Downloading from central: https://repo.maven.apache.org/maven2/org/codehaus/plexus/plexus-classworlds/2.7.0/plexus-classworlds-2.7.0.jar
2026.09.20 16:54:47 INFO  Progress (1): 0.1/1.0 MB
2026.09.20 16:54:47 INFO  Progress (1): 0.1/1.0 MB
2026.09.20 16:54:47 INFO  Progress (2): 0.1/1.0 MB | 3.8/116 kB
2026.09.20 16:54:47 INFO  Progress (2): 0.1/1.0 MB | 8.0/116 kB
2026.09.20 16:54:47 INFO  Progress (2): 0.1/1.0 MB | 11/116 kB 
2026.09.20 16:54:47 INFO  Progress (2): 0.1/1.0 MB | 16/116 kB
2026.09.20 16:54:47 INFO  Progress (2): 0.1/1.0 MB | 20/116 kB
2026.09.20 16:54:47 INFO  Progress (2): 0.1/1.0 MB | 24/116 kB
2026.09.20 16:54:47 INFO  Progress (2): 0.1/1.0 MB | 28/116 kB
2026.09.20 16:54:47 INFO  Progress (2): 0.1/1.0 MB | 33/116 kB
2026.09.20 16:54:47 INFO  Progress (2): 0.1/1.0 MB | 37/116 kB
2026.09.20 16:54:47 INFO  Progress (2): 0.1/1.0 MB | 41/116 kB
2026.09.20 16:54:47 INFO  Progress (2): 0.1/1.0 MB | 45/116 kB
2026.09.20 16:54:47 INFO  Progress (2): 0.1/1.0 MB | 49/116 kB
2026.09.20 16:54:47 INFO  Progress (3): 0.1/1.0 MB | 49/116 kB | 0.9/216 kB
2026.09.20 16:54:47 INFO  Progress (3): 0.1/1.0 MB | 49/116 kB | 2.3/216 kB
2026.09.20 16:54:47 INFO  Progress (3): 0.1/1.0 MB | 49/116 kB | 3.6/216 kB
2026.09.20 16:54:47 INFO  Progress (3): 0.1/1.0 MB | 54/116 kB | 3.6/216 kB
2026.09.20 16:54:47 INFO  Progress (3): 0.1/1.0 MB | 54/116 kB | 5.0/216 kB
2026.09.20 16:54:47 INFO  Progress (3): 0.1/1.0 MB | 54/116 kB | 6.4/216 kB
2026.09.20 16:54:47 INFO  Progress (3): 0.1/1.0 MB | 58/116 kB | 6.4/216 kB
2026.09.20 16:54:47 INFO  Progress (3): 0.1/1.0 MB | 58/116 kB | 7.7/216 kB
2026.09.20 16:54:47 INFO  Progress (3): 0.1/1.0 MB | 58/116 kB | 8.2/216 kB
2026.09.20 16:54:47 INFO  Progress (3): 0.1/1.0 MB | 62/116 kB | 8.2/216 kB
2026.09.20 16:54:47 INFO  Progress (3): 0.1/1.0 MB | 62/116 kB | 9.6/216 kB
2026.09.20 16:54:47 INFO  Progress (3): 0.1/1.0 MB | 62/116 kB | 11/216 kB 
2026.09.20 16:54:47 INFO  Progress (3): 0.1/1.0 MB | 62/116 kB | 12/216 kB
2026.09.20 16:54:47 INFO  Progress (3): 0.1/1.0 MB | 62/116 kB | 14/216 kB
2026.09.20 16:54:47 INFO  Progress (3): 0.1/1.0 MB | 62/116 kB | 15/216 kB
2026.09.20 16:54:47 INFO  Progress (3): 0.1/1.0 MB | 62/116 kB | 16/216 kB
2026.09.20 16:54:47 INFO  Progress (3): 0.1/1.0 MB | 62/116 kB | 18/216 kB
2026.09.20 16:54:47 INFO  Progress (3): 0.1/1.0 MB | 62/116 kB | 19/216 kB
2026.09.20 16:54:47 INFO  Progress (3): 0.1/1.0 MB | 62/116 kB | 21/216 kB
2026.09.20 16:54:47 INFO  Progress (3): 0.1/1.0 MB | 62/116 kB | 22/216 kB
2026.09.20 16:54:47 INFO  Progress (3): 0.1/1.0 MB | 62/116 kB | 23/216 kB
2026.09.20 16:54:47 INFO  Progress (3): 0.1/1.0 MB | 62/116 kB | 25/216 kB
2026.09.20 16:54:47 INFO  Progress (3): 0.1/1.0 MB | 62/116 kB | 26/216 kB
2026.09.20 16:54:47 INFO  Progress (4): 0.1/1.0 MB | 62/116 kB | 26/216 kB | 0/6.3 MB
2026.09.20 16:54:47 INFO  Progress (4): 0.1/1.0 MB | 62/116 kB | 26/216 kB | 0/6.3 MB
2026.09.20 16:54:47 INFO  Progress (4): 0.1/1.0 MB | 62/116 kB | 26/216 kB | 0/6.3 MB
2026.09.20 16:54:47 INFO  Progress (4): 0.1/1.0 MB | 62/116 kB | 27/216 kB | 0/6.3 MB
2026.09.20 16:54:47 INFO  Progress (4): 0.1/1.0 MB | 62/116 kB | 27/216 kB | 0/6.3 MB
2026.09.20 16:54:47 INFO  Progress (4): 0.1/1.0 MB | 62/116 kB | 29/216 kB | 0/6.3 MB
2026.09.20 16:54:47 INFO  Progress (4): 0.1/1.0 MB | 62/116 kB | 30/216 kB | 0/6.3 MB
2026.09.20 16:54:47 INFO  Progress (4): 0.1/1.0 MB | 62/116 kB | 31/216 kB | 0/6.3 MB
2026.09.20 16:54:47 INFO  Progress (4): 0.1/1.0 MB | 62/116 kB | 33/216 kB | 0/6.3 MB
2026.09.20 16:54:47 INFO  Progress (4): 0.1/1.0 MB | 62/116 kB | 34/216 kB | 0/6.3 MB
2026.09.20 16:54:47 INFO  Progress (4): 0.1/1.0 MB | 62/116 kB | 36/216 kB | 0/6.3 MB
2026.09.20 16:54:47 INFO  Progress (4): 0.1/1.0 MB | 62/116 kB | 37/216 kB | 0/6.3 MB
2026.09.20 16:54:47 INFO  Progress (4): 0.1/1.0 MB | 62/116 kB | 38/216 kB | 0/6.3 MB
2026.09.20 16:54:47 INFO  Progress (4): 0.1/1.0 MB | 62/116 kB | 40/216 kB | 0/6.3 MB
2026.09.20 16:54:47 INFO  Progress (4): 0.1/1.0 MB | 62/116 kB | 44/216 kB | 0/6.3 MB
2026.09.20 16:54:47 INFO  Progress (4): 0.1/1.0 MB | 62/116 kB | 44/216 kB | 0.1/6.3 MB
2026.09.20 16:54:47 INFO  Progress (4): 0.1/1.0 MB | 62/116 kB | 48/216 kB | 0.1/6.3 MB
2026.09.20 16:54:47 INFO  Progress (4): 0.1/1.0 MB | 62/116 kB | 52/216 kB | 0.1/6.3 MB
2026.09.20 16:54:47 INFO  Progress (4): 0.1/1.0 MB | 62/116 kB | 57/216 kB | 0.1/6.3 MB
2026.09.20 16:54:47 INFO  Progress (4): 0.1/1.0 MB | 62/116 kB | 57/216 kB | 0.1/6.3 MB
2026.09.20 16:54:47 INFO  Progress (4): 0.1/1.0 MB | 62/116 kB | 62/216 kB | 0.1/6.3 MB
2026.09.20 16:54:47 INFO  Progress (4): 0.1/1.0 MB | 62/116 kB | 62/216 kB | 0.1/6.3 MB
2026.09.20 16:54:47 INFO  Progress (4): 0.1/1.0 MB | 62/116 kB | 62/216 kB | 0.1/6.3 MB
2026.09.20 16:54:47 INFO  Progress (4): 0.1/1.0 MB | 62/116 kB | 62/216 kB | 0.1/6.3 MB
2026.09.20 16:54:47 INFO  Progress (4): 0.1/1.0 MB | 62/116 kB | 62/216 kB | 0.1/6.3 MB
2026.09.20 16:54:47 INFO  Progress (4): 0.1/1.0 MB | 62/116 kB | 62/216 kB | 0.1/6.3 MB
2026.09.20 16:54:47 INFO  Progress (4): 0.2/1.0 MB | 62/116 kB | 62/216 kB | 0.1/6.3 MB
2026.09.20 16:54:47 INFO  Progress (4): 0.2/1.0 MB | 62/116 kB | 62/216 kB | 0.1/6.3 MB
2026.09.20 16:54:47 INFO  Progress (4): 0.2/1.0 MB | 62/116 kB | 62/216 kB | 0.1/6.3 MB
2026.09.20 16:54:47 INFO  Progress (4): 0.2/1.0 MB | 62/116 kB | 62/216 kB | 0.1/6.3 MB
2026.09.20 16:54:47 INFO  Progress (4): 0.2/1.0 MB | 62/116 kB | 62/216 kB | 0.1/6.3 MB
2026.09.20 16:54:47 INFO  Progress (4): 0.2/1.0 MB | 62/116 kB | 62/216 kB | 0.1/6.3 MB
2026.09.20 16:54:47 INFO  Progress (4): 0.2/1.0 MB | 62/116 kB | 62/216 kB | 0.1/6.3 MB
2026.09.20 16:54:47 INFO  Progress (4): 0.2/1.0 MB | 62/116 kB | 62/216 kB | 0.1/6.3 MB
2026.09.20 16:54:47 INFO  Progress (4): 0.2/1.0 MB | 62/116 kB | 62/216 kB | 0.1/6.3 MB
2026.09.20 16:54:47 INFO  Progress (5): 0.2/1.0 MB | 62/116 kB | 62/216 kB | 0.1/6.3 MB | 3.2/53 kB
2026.09.20 16:54:47 INFO  Progress (5): 0.2/1.0 MB | 62/116 kB | 62/216 kB | 0.1/6.3 MB | 20/53 kB 
2026.09.20 16:54:47 INFO  Progress (5): 0.2/1.0 MB | 66/116 kB | 62/216 kB | 0.1/6.3 MB | 20/53 kB
2026.09.20 16:54:47 INFO  Progress (5): 0.2/1.0 MB | 66/116 kB | 62/216 kB | 0.1/6.3 MB | 28/53 kB
2026.09.20 16:54:47 INFO  Progress (5): 0.2/1.0 MB | 71/116 kB | 62/216 kB | 0.1/6.3 MB | 28/53 kB
2026.09.20 16:54:47 INFO  Progress (5): 0.2/1.0 MB | 75/116 kB | 62/216 kB | 0.1/6.3 MB | 28/53 kB
2026.09.20 16:54:47 INFO  Progress (5): 0.2/1.0 MB | 79/116 kB | 62/216 kB | 0.1/6.3 MB | 28/53 kB
2026.09.20 16:54:47 INFO  Progress (5): 0.2/1.0 MB | 83/116 kB | 62/216 kB | 0.1/6.3 MB | 28/53 kB
2026.09.20 16:54:47 INFO  Progress (5): 0.2/1.0 MB | 83/116 kB | 62/216 kB | 0.1/6.3 MB | 44/53 kB
2026.09.20 16:54:47 INFO  Progress (5): 0.2/1.0 MB | 87/116 kB | 62/216 kB | 0.1/6.3 MB | 44/53 kB
2026.09.20 16:54:47 INFO  Progress (5): 0.2/1.0 MB | 87/116 kB | 62/216 kB | 0.1/6.3 MB | 53 kB   
2026.09.20 16:54:47 INFO  Progress (5): 0.2/1.0 MB | 92/116 kB | 62/216 kB | 0.1/6.3 MB | 53 kB
2026.09.20 16:54:47 INFO  Progress (5): 0.2/1.0 MB | 96/116 kB | 62/216 kB | 0.1/6.3 MB | 53 kB
2026.09.20 16:54:47 INFO  Progress (5): 0.2/1.0 MB | 100/116 kB | 62/216 kB | 0.1/6.3 MB | 53 kB
2026.09.20 16:54:47 INFO  Progress (5): 0.2/1.0 MB | 104/116 kB | 62/216 kB | 0.1/6.3 MB | 53 kB
2026.09.20 16:54:47 INFO  Progress (5): 0.2/1.0 MB | 109/116 kB | 62/216 kB | 0.1/6.3 MB | 53 kB
2026.09.20 16:54:47 INFO  Progress (5): 0.2/1.0 MB | 113/116 kB | 62/216 kB | 0.1/6.3 MB | 53 kB
2026.09.20 16:54:47 INFO  Progress (5): 0.2/1.0 MB | 113/116 kB | 62/216 kB | 0.1/6.3 MB | 53 kB
2026.09.20 16:54:47 INFO  Progress (5): 0.2/1.0 MB | 116 kB | 62/216 kB | 0.1/6.3 MB | 53 kB    
2026.09.20 16:54:47 INFO                                                                    
2026.09.20 16:54:47 INFO  Downloaded from central: https://repo.maven.apache.org/maven2/org/codehaus/plexus/plexus-classworlds/2.7.0/plexus-classworlds-2.7.0.jar (53 kB at 47 kB/s)
2026.09.20 16:54:47 INFO  Downloading from central: https://repo.maven.apache.org/maven2/org/scala-sbt/zinc_2.13/1.8.0/zinc_2.13-1.8.0.jar
2026.09.20 16:54:47 INFO  Downloaded from central: https://repo.maven.apache.org/maven2/org/tukaani/xz/1.9/xz-1.9.jar (116 kB at 102 kB/s)
2026.09.20 16:54:47 INFO  Downloading from central: https://repo.maven.apache.org/maven2/org/scala-sbt/zinc-core_2.13/1.8.0/zinc-core_2.13-1.8.0.jar
2026.09.20 16:54:47 INFO  Progress (3): 0.2/1.0 MB | 62/216 kB | 0.1/6.3 MB
2026.09.20 16:54:47 INFO  Progress (3): 0.2/1.0 MB | 62/216 kB | 0.2/6.3 MB
2026.09.20 16:54:47 INFO  Progress (3): 0.2/1.0 MB | 62/216 kB | 0.2/6.3 MB
2026.09.20 16:54:47 INFO  Progress (3): 0.2/1.0 MB | 66/216 kB | 0.2/6.3 MB
2026.09.20 16:54:47 INFO  Progress (3): 0.2/1.0 MB | 70/216 kB | 0.2/6.3 MB
2026.09.20 16:54:47 INFO  Progress (3): 0.2/1.0 MB | 74/216 kB | 0.2/6.3 MB
2026.09.20 16:54:47 INFO  Progress (3): 0.2/1.0 MB | 78/216 kB | 0.2/6.3 MB
2026.09.20 16:54:47 INFO  Progress (3): 0.2/1.0 MB | 83/216 kB | 0.2/6.3 MB
2026.09.20 16:54:47 INFO  Progress (3): 0.2/1.0 MB | 87/216 kB | 0.2/6.3 MB
2026.09.20 16:54:47 INFO  Progress (3): 0.2/1.0 MB | 91/216 kB | 0.2/6.3 MB
2026.09.20 16:54:47 INFO  Progress (3): 0.2/1.0 MB | 95/216 kB | 0.2/6.3 MB
2026.09.20 16:54:47 INFO  Progress (3): 0.2/1.0 MB | 98/216 kB | 0.2/6.3 MB
2026.09.20 16:54:47 INFO  Progress (3): 0.2/1.0 MB | 103/216 kB | 0.2/6.3 MB
2026.09.20 16:54:47 INFO  Progress (3): 0.2/1.0 MB | 103/216 kB | 0.2/6.3 MB
2026.09.20 16:54:47 INFO  Progress (3): 0.2/1.0 MB | 103/216 kB | 0.2/6.3 MB
2026.09.20 16:54:47 INFO  Progress (3): 0.2/1.0 MB | 107/216 kB | 0.2/6.3 MB
2026.09.20 16:54:47 INFO  Progress (3): 0.2/1.0 MB | 111/216 kB | 0.2/6.3 MB
2026.09.20 16:54:47 INFO  Progress (3): 0.2/1.0 MB | 111/216 kB | 0.2/6.3 MB
2026.09.20 16:54:47 INFO  Progress (3): 0.2/1.0 MB | 115/216 kB | 0.2/6.3 MB
2026.09.20 16:54:47 INFO  Progress (3): 0.2/1.0 MB | 115/216 kB | 0.2/6.3 MB
2026.09.20 16:54:47 INFO  Progress (3): 0.2/1.0 MB | 119/216 kB | 0.2/6.3 MB
2026.09.20 16:54:47 INFO  Progress (3): 0.2/1.0 MB | 124/216 kB | 0.2/6.3 MB
2026.09.20 16:54:47 INFO  Progress (3): 0.2/1.0 MB | 124/216 kB | 0.2/6.3 MB
2026.09.20 16:54:47 INFO  Progress (3): 0.2/1.0 MB | 124/216 kB | 0.3/6.3 MB
2026.09.20 16:54:47 INFO  Progress (3): 0.2/1.0 MB | 124/216 kB | 0.3/6.3 MB
2026.09.20 16:54:47 INFO  Progress (3): 0.2/1.0 MB | 128/216 kB | 0.3/6.3 MB
2026.09.20 16:54:47 INFO  Progress (3): 0.2/1.0 MB | 132/216 kB | 0.3/6.3 MB
2026.09.20 16:54:47 INFO  Progress (3): 0.2/1.0 MB | 136/216 kB | 0.3/6.3 MB
2026.09.20 16:54:47 INFO  Progress (3): 0.2/1.0 MB | 141/216 kB | 0.3/6.3 MB
2026.09.20 16:54:47 INFO  Progress (3): 0.3/1.0 MB | 141/216 kB | 0.3/6.3 MB
2026.09.20 16:54:47 INFO  Progress (3): 0.3/1.0 MB | 141/216 kB | 0.3/6.3 MB
2026.09.20 16:54:47 INFO  Progress (3): 0.3/1.0 MB | 141/216 kB | 0.3/6.3 MB
2026.09.20 16:54:47 INFO  Progress (3): 0.3/1.0 MB | 141/216 kB | 0.3/6.3 MB
2026.09.20 16:54:47 INFO  Progress (3): 0.3/1.0 MB | 141/216 kB | 0.3/6.3 MB
2026.09.20 16:54:47 INFO  Progress (3): 0.3/1.0 MB | 141/216 kB | 0.3/6.3 MB
2026.09.20 16:54:47 INFO  Progress (3): 0.4/1.0 MB | 141/216 kB | 0.3/6.3 MB
2026.09.20 16:54:47 INFO  Progress (3): 0.4/1.0 MB | 141/216 kB | 0.3/6.3 MB
2026.09.20 16:54:47 INFO  Progress (3): 0.4/1.0 MB | 141/216 kB | 0.3/6.3 MB
2026.09.20 16:54:47 INFO  Progress (3): 0.4/1.0 MB | 141/216 kB | 0.3/6.3 MB
2026.09.20 16:54:47 INFO  Progress (3): 0.4/1.0 MB | 141/216 kB | 0.3/6.3 MB
2026.09.20 16:54:47 INFO  Progress (3): 0.4/1.0 MB | 141/216 kB | 0.3/6.3 MB
2026.09.20 16:54:47 INFO  Progress (3): 0.4/1.0 MB | 141/216 kB | 0.3/6.3 MB
2026.09.20 16:54:47 INFO  Progress (3): 0.4/1.0 MB | 141/216 kB | 0.3/6.3 MB
2026.09.20 16:54:47 INFO  Progress (3): 0.4/1.0 MB | 145/216 kB | 0.3/6.3 MB
2026.09.20 16:54:47 INFO  Progress (3): 0.4/1.0 MB | 145/216 kB | 0.3/6.3 MB
2026.09.20 16:54:47 INFO  Progress (3): 0.4/1.0 MB | 149/216 kB | 0.3/6.3 MB
2026.09.20 16:54:47 INFO  Progress (3): 0.4/1.0 MB | 149/216 kB | 0.4/6.3 MB
2026.09.20 16:54:47 INFO  Progress (3): 0.4/1.0 MB | 153/216 kB | 0.4/6.3 MB
2026.09.20 16:54:47 INFO  Progress (4): 0.4/1.0 MB | 153/216 kB | 0.4/6.3 MB | 3.8/85 kB
2026.09.20 16:54:47 INFO  Progress (4): 0.4/1.0 MB | 158/216 kB | 0.4/6.3 MB | 3.8/85 kB
2026.09.20 16:54:47 INFO  Progress (4): 0.4/1.0 MB | 158/216 kB | 0.4/6.3 MB | 3.8/85 kB
2026.09.20 16:54:47 INFO  Progress (4): 0.4/1.0 MB | 158/216 kB | 0.4/6.3 MB | 8.0/85 kB
2026.09.20 16:54:47 INFO  Progress (4): 0.4/1.0 MB | 158/216 kB | 0.4/6.3 MB | 8.2/85 kB
2026.09.20 16:54:47 INFO  Progress (4): 0.4/1.0 MB | 158/216 kB | 0.4/6.3 MB | 12/85 kB 
2026.09.20 16:54:47 INFO  Progress (4): 0.4/1.0 MB | 162/216 kB | 0.4/6.3 MB | 12/85 kB
2026.09.20 16:54:47 INFO  Progress (4): 0.4/1.0 MB | 166/216 kB | 0.4/6.3 MB | 12/85 kB
2026.09.20 16:54:47 INFO  Progress (4): 0.4/1.0 MB | 170/216 kB | 0.4/6.3 MB | 12/85 kB
2026.09.20 16:54:47 INFO  Progress (4): 0.4/1.0 MB | 174/216 kB | 0.4/6.3 MB | 12/85 kB
2026.09.20 16:54:47 INFO  Progress (4): 0.4/1.0 MB | 179/216 kB | 0.4/6.3 MB | 12/85 kB
2026.09.20 16:54:47 INFO  Progress (4): 0.4/1.0 MB | 183/216 kB | 0.4/6.3 MB | 12/85 kB
2026.09.20 16:54:47 INFO  Progress (4): 0.4/1.0 MB | 183/216 kB | 0.4/6.3 MB | 29/85 kB
2026.09.20 16:54:47 INFO  Progress (4): 0.4/1.0 MB | 183/216 kB | 0.4/6.3 MB | 45/85 kB
2026.09.20 16:54:47 INFO  Progress (4): 0.4/1.0 MB | 187/216 kB | 0.4/6.3 MB | 45/85 kB
2026.09.20 16:54:47 INFO  Progress (4): 0.4/1.0 MB | 187/216 kB | 0.4/6.3 MB | 49/85 kB
2026.09.20 16:54:47 INFO  Progress (5): 0.4/1.0 MB | 187/216 kB | 0.4/6.3 MB | 49/85 kB | 3.2/490 kB
2026.09.20 16:54:47 INFO  Progress (5): 0.4/1.0 MB | 191/216 kB | 0.4/6.3 MB | 49/85 kB | 3.2/490 kB
2026.09.20 16:54:47 INFO  Progress (5): 0.4/1.0 MB | 196/216 kB | 0.4/6.3 MB | 49/85 kB | 3.2/490 kB
2026.09.20 16:54:47 INFO  Progress (5): 0.4/1.0 MB | 196/216 kB | 0.4/6.3 MB | 57/85 kB | 3.2/490 kB
2026.09.20 16:54:47 INFO  Progress (5): 0.4/1.0 MB | 196/216 kB | 0.4/6.3 MB | 57/85 kB | 20/490 kB 
2026.09.20 16:54:47 INFO  Progress (5): 0.4/1.0 MB | 196/216 kB | 0.4/6.3 MB | 57/85 kB | 28/490 kB
2026.09.20 16:54:47 INFO  Progress (5): 0.4/1.0 MB | 196/216 kB | 0.4/6.3 MB | 74/85 kB | 28/490 kB
2026.09.20 16:54:47 INFO  Progress (5): 0.4/1.0 MB | 196/216 kB | 0.4/6.3 MB | 74/85 kB | 28/490 kB
2026.09.20 16:54:47 INFO  Progress (5): 0.4/1.0 MB | 196/216 kB | 0.4/6.3 MB | 82/85 kB | 28/490 kB
2026.09.20 16:54:47 INFO  Progress (5): 0.4/1.0 MB | 196/216 kB | 0.4/6.3 MB | 85 kB | 28/490 kB   
2026.09.20 16:54:47 INFO  Progress (5): 0.4/1.0 MB | 196/216 kB | 0.4/6.3 MB | 85 kB | 44/490 kB
2026.09.20 16:54:47 INFO  Progress (5): 0.4/1.0 MB | 196/216 kB | 0.4/6.3 MB | 85 kB | 61/490 kB
2026.09.20 16:54:47 INFO                                                                        
2026.09.20 16:54:47 INFO  Downloaded from central: https://repo.maven.apache.org/maven2/org/scala-sbt/zinc_2.13/1.8.0/zinc_2.13-1.8.0.jar (85 kB at 59 kB/s)
2026.09.20 16:54:47 INFO  Downloading from central: https://repo.maven.apache.org/maven2/org/scala-sbt/zinc-apiinfo_2.13/1.8.0/zinc-apiinfo_2.13-1.8.0.jar
2026.09.20 16:54:47 INFO  Progress (4): 0.4/1.0 MB | 196/216 kB | 0.4/6.3 MB | 77/490 kB
2026.09.20 16:54:47 INFO  Progress (4): 0.4/1.0 MB | 196/216 kB | 0.4/6.3 MB | 77/490 kB
2026.09.20 16:54:47 INFO  Progress (4): 0.4/1.0 MB | 200/216 kB | 0.4/6.3 MB | 77/490 kB
2026.09.20 16:54:47 INFO  Progress (4): 0.4/1.0 MB | 204/216 kB | 0.4/6.3 MB | 77/490 kB
2026.09.20 16:54:47 INFO  Progress (4): 0.4/1.0 MB | 204/216 kB | 0.4/6.3 MB | 77/490 kB
2026.09.20 16:54:47 INFO  Progress (4): 0.4/1.0 MB | 204/216 kB | 0.4/6.3 MB | 93/490 kB
2026.09.20 16:54:47 INFO  Progress (4): 0.4/1.0 MB | 204/216 kB | 0.4/6.3 MB | 110/490 kB
2026.09.20 16:54:47 INFO  Progress (4): 0.4/1.0 MB | 204/216 kB | 0.4/6.3 MB | 110/490 kB
2026.09.20 16:54:47 INFO  Progress (5): 0.4/1.0 MB | 204/216 kB | 0.4/6.3 MB | 110/490 kB | 7.7/165 kB
2026.09.20 16:54:47 INFO  Progress (5): 0.4/1.0 MB | 204/216 kB | 0.4/6.3 MB | 110/490 kB | 7.7/165 kB
2026.09.20 16:54:47 INFO  Progress (5): 0.4/1.0 MB | 204/216 kB | 0.4/6.3 MB | 110/490 kB | 24/165 kB 
2026.09.20 16:54:47 INFO  Progress (5): 0.4/1.0 MB | 204/216 kB | 0.4/6.3 MB | 110/490 kB | 40/165 kB
2026.09.20 16:54:47 INFO  Progress (5): 0.4/1.0 MB | 204/216 kB | 0.4/6.3 MB | 110/490 kB | 57/165 kB
2026.09.20 16:54:47 INFO  Progress (5): 0.4/1.0 MB | 204/216 kB | 0.4/6.3 MB | 110/490 kB | 73/165 kB
2026.09.20 16:54:47 INFO  Progress (5): 0.4/1.0 MB | 204/216 kB | 0.4/6.3 MB | 110/490 kB | 90/165 kB
2026.09.20 16:54:47 INFO  Progress (5): 0.4/1.0 MB | 204/216 kB | 0.4/6.3 MB | 110/490 kB | 106/165 kB
2026.09.20 16:54:47 INFO  Progress (5): 0.4/1.0 MB | 204/216 kB | 0.4/6.3 MB | 110/490 kB | 115/165 kB
2026.09.20 16:54:47 INFO  Progress (5): 0.4/1.0 MB | 204/216 kB | 0.4/6.3 MB | 126/490 kB | 115/165 kB
2026.09.20 16:54:47 INFO  Progress (5): 0.4/1.0 MB | 204/216 kB | 0.4/6.3 MB | 134/490 kB | 115/165 kB
2026.09.20 16:54:47 INFO  Progress (5): 0.4/1.0 MB | 204/216 kB | 0.4/6.3 MB | 142/490 kB | 115/165 kB
2026.09.20 16:54:47 INFO  Progress (5): 0.4/1.0 MB | 204/216 kB | 0.4/6.3 MB | 142/490 kB | 115/165 kB
2026.09.20 16:54:47 INFO  Progress (5): 0.5/1.0 MB | 204/216 kB | 0.4/6.3 MB | 142/490 kB | 115/165 kB
2026.09.20 16:54:47 INFO  Progress (5): 0.5/1.0 MB | 204/216 kB | 0.5/6.3 MB | 142/490 kB | 115/165 kB
2026.09.20 16:54:47 INFO  Progress (5): 0.5/1.0 MB | 204/216 kB | 0.5/6.3 MB | 142/490 kB | 115/165 kB
2026.09.20 16:54:47 INFO  Progress (5): 0.5/1.0 MB | 204/216 kB | 0.5/6.3 MB | 142/490 kB | 115/165 kB
2026.09.20 16:54:47 INFO  Progress (5): 0.5/1.0 MB | 204/216 kB | 0.5/6.3 MB | 142/490 kB | 115/165 kB
2026.09.20 16:54:47 INFO  Progress (5): 0.5/1.0 MB | 204/216 kB | 0.5/6.3 MB | 142/490 kB | 115/165 kB
2026.09.20 16:54:47 INFO  Progress (5): 0.5/1.0 MB | 204/216 kB | 0.5/6.3 MB | 142/490 kB | 115/165 kB
2026.09.20 16:54:47 INFO  Progress (5): 0.5/1.0 MB | 204/216 kB | 0.5/6.3 MB | 142/490 kB | 115/165 kB
2026.09.20 16:54:47 INFO  Progress (5): 0.5/1.0 MB | 204/216 kB | 0.5/6.3 MB | 142/490 kB | 115/165 kB
2026.09.20 16:54:48 INFO  Progress (5): 0.5/1.0 MB | 204/216 kB | 0.5/6.3 MB | 142/490 kB | 131/165 kB
2026.09.20 16:54:48 INFO  Progress (5): 0.5/1.0 MB | 204/216 kB | 0.5/6.3 MB | 142/490 kB | 131/165 kB
2026.09.20 16:54:48 INFO  Progress (5): 0.5/1.0 MB | 204/216 kB | 0.5/6.3 MB | 142/490 kB | 147/165 kB
2026.09.20 16:54:48 INFO  Progress (5): 0.5/1.0 MB | 204/216 kB | 0.5/6.3 MB | 159/490 kB | 147/165 kB
2026.09.20 16:54:48 INFO  Progress (5): 0.5/1.0 MB | 204/216 kB | 0.5/6.3 MB | 159/490 kB | 147/165 kB
2026.09.20 16:54:48 INFO  Progress (5): 0.5/1.0 MB | 204/216 kB | 0.5/6.3 MB | 159/490 kB | 147/165 kB
2026.09.20 16:54:48 INFO  Progress (5): 0.6/1.0 MB | 204/216 kB | 0.5/6.3 MB | 159/490 kB | 147/165 kB
2026.09.20 16:54:48 INFO  Progress (5): 0.6/1.0 MB | 204/216 kB | 0.5/6.3 MB | 159/490 kB | 147/165 kB
2026.09.20 16:54:48 INFO  Progress (5): 0.6/1.0 MB | 204/216 kB | 0.5/6.3 MB | 159/490 kB | 147/165 kB
2026.09.20 16:54:48 INFO  Progress (5): 0.6/1.0 MB | 204/216 kB | 0.5/6.3 MB | 159/490 kB | 147/165 kB
2026.09.20 16:54:48 INFO  Progress (5): 0.6/1.0 MB | 204/216 kB | 0.5/6.3 MB | 167/490 kB | 147/165 kB
2026.09.20 16:54:48 INFO  Progress (5): 0.6/1.0 MB | 204/216 kB | 0.5/6.3 MB | 167/490 kB | 147/165 kB
2026.09.20 16:54:48 INFO  Progress (5): 0.6/1.0 MB | 204/216 kB | 0.5/6.3 MB | 167/490 kB | 164/165 kB
2026.09.20 16:54:48 INFO  Progress (5): 0.6/1.0 MB | 204/216 kB | 0.5/6.3 MB | 167/490 kB | 165 kB    
2026.09.20 16:54:48 INFO  Progress (5): 0.6/1.0 MB | 204/216 kB | 0.5/6.3 MB | 167/490 kB | 165 kB
2026.09.20 16:54:48 INFO                                                                          
2026.09.20 16:54:48 INFO  Downloaded from central: https://repo.maven.apache.org/maven2/org/scala-sbt/zinc-apiinfo_2.13/1.8.0/zinc-apiinfo_2.13-1.8.0.jar (165 kB at 93 kB/s)
2026.09.20 16:54:48 INFO  Downloading from central: https://repo.maven.apache.org/maven2/org/scala-sbt/compiler-bridge_2.13/1.8.0/compiler-bridge_2.13-1.8.0.jar
2026.09.20 16:54:48 INFO  Progress (4): 0.7/1.0 MB | 204/216 kB | 0.5/6.3 MB | 167/490 kB
2026.09.20 16:54:48 INFO  Progress (4): 0.7/1.0 MB | 204/216 kB | 0.6/6.3 MB | 167/490 kB
2026.09.20 16:54:48 INFO  Progress (4): 0.7/1.0 MB | 204/216 kB | 0.6/6.3 MB | 183/490 kB
2026.09.20 16:54:48 INFO  Progress (4): 0.7/1.0 MB | 204/216 kB | 0.6/6.3 MB | 183/490 kB
2026.09.20 16:54:48 INFO  Progress (4): 0.7/1.0 MB | 204/216 kB | 0.6/6.3 MB | 200/490 kB
2026.09.20 16:54:48 INFO  Progress (5): 0.7/1.0 MB | 204/216 kB | 0.6/6.3 MB | 200/490 kB | 7.7/243 kB
2026.09.20 16:54:48 INFO  Progress (5): 0.7/1.0 MB | 204/216 kB | 0.6/6.3 MB | 200/490 kB | 16/243 kB 
2026.09.20 16:54:48 INFO  Progress (5): 0.7/1.0 MB | 204/216 kB | 0.6/6.3 MB | 200/490 kB | 25/243 kB
2026.09.20 16:54:48 INFO  Progress (5): 0.7/1.0 MB | 204/216 kB | 0.6/6.3 MB | 200/490 kB | 25/243 kB
2026.09.20 16:54:48 INFO  Progress (5): 0.7/1.0 MB | 204/216 kB | 0.6/6.3 MB | 200/490 kB | 41/243 kB
2026.09.20 16:54:48 INFO  Progress (5): 0.7/1.0 MB | 204/216 kB | 0.6/6.3 MB | 200/490 kB | 41/243 kB
2026.09.20 16:54:48 INFO  Progress (5): 0.7/1.0 MB | 204/216 kB | 0.6/6.3 MB | 200/490 kB | 49/243 kB
2026.09.20 16:54:48 INFO  Progress (5): 0.7/1.0 MB | 204/216 kB | 0.6/6.3 MB | 200/490 kB | 49/243 kB
2026.09.20 16:54:48 INFO  Progress (5): 0.7/1.0 MB | 204/216 kB | 0.6/6.3 MB | 200/490 kB | 49/243 kB
2026.09.20 16:54:48 INFO  Progress (5): 0.7/1.0 MB | 204/216 kB | 0.6/6.3 MB | 200/490 kB | 66/243 kB
2026.09.20 16:54:48 INFO  Progress (5): 0.7/1.0 MB | 204/216 kB | 0.6/6.3 MB | 200/490 kB | 66/243 kB
2026.09.20 16:54:48 INFO  Progress (5): 0.7/1.0 MB | 204/216 kB | 0.6/6.3 MB | 200/490 kB | 82/243 kB
2026.09.20 16:54:48 INFO  Progress (5): 0.7/1.0 MB | 204/216 kB | 0.7/6.3 MB | 200/490 kB | 82/243 kB
2026.09.20 16:54:48 INFO  Progress (5): 0.7/1.0 MB | 204/216 kB | 0.7/6.3 MB | 200/490 kB | 98/243 kB
2026.09.20 16:54:48 INFO  Progress (5): 0.7/1.0 MB | 204/216 kB | 0.7/6.3 MB | 200/490 kB | 98/243 kB
2026.09.20 16:54:48 INFO  Progress (5): 0.7/1.0 MB | 204/216 kB | 0.7/6.3 MB | 200/490 kB | 115/243 kB
2026.09.20 16:54:48 INFO  Progress (5): 0.7/1.0 MB | 204/216 kB | 0.7/6.3 MB | 200/490 kB | 115/243 kB
2026.09.20 16:54:48 INFO  Progress (5): 0.7/1.0 MB | 204/216 kB | 0.7/6.3 MB | 200/490 kB | 131/243 kB
2026.09.20 16:54:48 INFO  Progress (5): 0.7/1.0 MB | 204/216 kB | 0.7/6.3 MB | 200/490 kB | 139/243 kB
2026.09.20 16:54:48 INFO  Progress (5): 0.7/1.0 MB | 204/216 kB | 0.7/6.3 MB | 200/490 kB | 139/243 kB
2026.09.20 16:54:48 INFO  Progress (5): 0.7/1.0 MB | 204/216 kB | 0.7/6.3 MB | 200/490 kB | 139/243 kB
2026.09.20 16:54:48 INFO  Progress (5): 0.7/1.0 MB | 204/216 kB | 0.7/6.3 MB | 200/490 kB | 156/243 kB
2026.09.20 16:54:48 INFO  Progress (5): 0.7/1.0 MB | 204/216 kB | 0.7/6.3 MB | 200/490 kB | 172/243 kB
2026.09.20 16:54:48 INFO  Progress (5): 0.7/1.0 MB | 204/216 kB | 0.7/6.3 MB | 200/490 kB | 172/243 kB
2026.09.20 16:54:48 INFO  Progress (5): 0.7/1.0 MB | 204/216 kB | 0.8/6.3 MB | 200/490 kB | 172/243 kB
2026.09.20 16:54:48 INFO  Progress (5): 0.7/1.0 MB | 204/216 kB | 0.8/6.3 MB | 200/490 kB | 172/243 kB
2026.09.20 16:54:48 INFO  Progress (5): 0.7/1.0 MB | 204/216 kB | 0.8/6.3 MB | 200/490 kB | 172/243 kB
2026.09.20 16:54:48 INFO  Progress (5): 0.7/1.0 MB | 204/216 kB | 0.8/6.3 MB | 200/490 kB | 172/243 kB
2026.09.20 16:54:48 INFO  Progress (5): 0.7/1.0 MB | 204/216 kB | 0.8/6.3 MB | 200/490 kB | 172/243 kB
2026.09.20 16:54:48 INFO  Progress (5): 0.7/1.0 MB | 204/216 kB | 0.8/6.3 MB | 200/490 kB | 188/243 kB
2026.09.20 16:54:48 INFO  Progress (5): 0.7/1.0 MB | 204/216 kB | 0.8/6.3 MB | 200/490 kB | 197/243 kB
2026.09.20 16:54:48 INFO  Progress (5): 0.7/1.0 MB | 204/216 kB | 0.8/6.3 MB | 200/490 kB | 197/243 kB
2026.09.20 16:54:48 INFO  Progress (5): 0.7/1.0 MB | 204/216 kB | 0.8/6.3 MB | 200/490 kB | 197/243 kB
2026.09.20 16:54:48 INFO  Progress (5): 0.7/1.0 MB | 204/216 kB | 0.8/6.3 MB | 200/490 kB | 197/243 kB
2026.09.20 16:54:48 INFO  Progress (5): 0.7/1.0 MB | 204/216 kB | 0.8/6.3 MB | 200/490 kB | 197/243 kB
2026.09.20 16:54:48 INFO  Progress (5): 0.8/1.0 MB | 204/216 kB | 0.8/6.3 MB | 200/490 kB | 197/243 kB
2026.09.20 16:54:48 INFO  Progress (5): 0.8/1.0 MB | 204/216 kB | 0.8/6.3 MB | 200/490 kB | 197/243 kB
2026.09.20 16:54:48 INFO  Progress (5): 0.8/1.0 MB | 204/216 kB | 0.8/6.3 MB | 200/490 kB | 197/243 kB
2026.09.20 16:54:48 INFO  Progress (5): 0.8/1.0 MB | 204/216 kB | 0.8/6.3 MB | 200/490 kB | 197/243 kB
2026.09.20 16:54:48 INFO  Progress (5): 0.8/1.0 MB | 204/216 kB | 0.8/6.3 MB | 200/490 kB | 197/243 kB
2026.09.20 16:54:48 INFO  Progress (5): 0.8/1.0 MB | 204/216 kB | 0.8/6.3 MB | 200/490 kB | 197/243 kB
2026.09.20 16:54:48 INFO  Progress (5): 0.8/1.0 MB | 204/216 kB | 0.8/6.3 MB | 200/490 kB | 197/243 kB
2026.09.20 16:54:48 INFO  Progress (5): 0.9/1.0 MB | 204/216 kB | 0.8/6.3 MB | 200/490 kB | 197/243 kB
2026.09.20 16:54:48 INFO  Progress (5): 0.9/1.0 MB | 204/216 kB | 0.8/6.3 MB | 200/490 kB | 197/243 kB
2026.09.20 16:54:48 INFO  Progress (5): 0.9/1.0 MB | 204/216 kB | 0.8/6.3 MB | 200/490 kB | 197/243 kB
2026.09.20 16:54:48 INFO  Progress (5): 0.9/1.0 MB | 204/216 kB | 0.8/6.3 MB | 200/490 kB | 197/243 kB
2026.09.20 16:54:48 INFO  Progress (5): 0.9/1.0 MB | 204/216 kB | 0.8/6.3 MB | 200/490 kB | 197/243 kB
2026.09.20 16:54:48 INFO  Progress (5): 0.9/1.0 MB | 204/216 kB | 0.8/6.3 MB | 200/490 kB | 197/243 kB
2026.09.20 16:54:48 INFO  Progress (5): 1.0/1.0 MB | 204/216 kB | 0.8/6.3 MB | 200/490 kB | 197/243 kB
2026.09.20 16:54:48 INFO  Progress (5): 1.0/1.0 MB | 204/216 kB | 0.8/6.3 MB | 200/490 kB | 197/243 kB
2026.09.20 16:54:48 INFO  Progress (5): 1.0/1.0 MB | 204/216 kB | 0.8/6.3 MB | 200/490 kB | 197/243 kB
2026.09.20 16:54:48 INFO  Progress (5): 1.0/1.0 MB | 204/216 kB | 0.8/6.3 MB | 216/490 kB | 197/243 kB
2026.09.20 16:54:48 INFO  Progress (5): 1.0/1.0 MB | 204/216 kB | 0.8/6.3 MB | 233/490 kB | 197/243 kB
2026.09.20 16:54:48 INFO  Progress (5): 1.0/1.0 MB | 204/216 kB | 0.8/6.3 MB | 249/490 kB | 197/243 kB
2026.09.20 16:54:48 INFO  Progress (5): 1.0/1.0 MB | 204/216 kB | 0.8/6.3 MB | 265/490 kB | 197/243 kB
2026.09.20 16:54:48 INFO  Progress (5): 1.0/1.0 MB | 204/216 kB | 0.8/6.3 MB | 282/490 kB | 197/243 kB
2026.09.20 16:54:48 INFO  Progress (5): 1.0/1.0 MB | 204/216 kB | 0.8/6.3 MB | 298/490 kB | 197/243 kB
2026.09.20 16:54:48 INFO  Progress (5): 1.0/1.0 MB | 204/216 kB | 0.8/6.3 MB | 314/490 kB | 197/243 kB
2026.09.20 16:54:48 INFO  Progress (5): 1.0/1.0 MB | 204/216 kB | 0.8/6.3 MB | 331/490 kB | 197/243 kB
2026.09.20 16:54:48 INFO  Progress (5): 1.0/1.0 MB | 204/216 kB | 0.8/6.3 MB | 347/490 kB | 197/243 kB
2026.09.20 16:54:48 INFO  Progress (5): 1.0/1.0 MB | 204/216 kB | 0.8/6.3 MB | 364/490 kB | 197/243 kB
2026.09.20 16:54:48 INFO  Progress (5): 1.0/1.0 MB | 204/216 kB | 0.8/6.3 MB | 380/490 kB | 197/243 kB
2026.09.20 16:54:48 INFO  Progress (5): 1.0/1.0 MB | 204/216 kB | 0.8/6.3 MB | 396/490 kB | 197/243 kB
2026.09.20 16:54:48 INFO  Progress (5): 1.0/1.0 MB | 204/216 kB | 0.8/6.3 MB | 413/490 kB | 197/243 kB
2026.09.20 16:54:48 INFO  Progress (5): 1.0/1.0 MB | 204/216 kB | 0.8/6.3 MB | 429/490 kB | 197/243 kB
2026.09.20 16:54:48 INFO  Progress (5): 1.0/1.0 MB | 204/216 kB | 0.8/6.3 MB | 446/490 kB | 197/243 kB
2026.09.20 16:54:48 INFO  Progress (5): 1.0/1.0 MB | 204/216 kB | 0.8/6.3 MB | 462/490 kB | 197/243 kB
2026.09.20 16:54:48 INFO  Progress (5): 1.0/1.0 MB | 204/216 kB | 0.8/6.3 MB | 478/490 kB | 197/243 kB
2026.09.20 16:54:48 INFO  Progress (5): 1.0/1.0 MB | 204/216 kB | 0.8/6.3 MB | 490 kB | 197/243 kB    
2026.09.20 16:54:48 INFO                                                                          
2026.09.20 16:54:48 INFO  Downloaded from central: https://repo.maven.apache.org/maven2/org/scala-sbt/zinc-core_2.13/1.8.0/zinc-core_2.13-1.8.0.jar (490 kB at 217 kB/s)
2026.09.20 16:54:48 INFO  Downloading from central: https://repo.maven.apache.org/maven2/org/scala-sbt/zinc-classpath_2.13/1.8.0/zinc-classpath_2.13-1.8.0.jar
2026.09.20 16:54:48 INFO  Progress (4): 1.0/1.0 MB | 204/216 kB | 0.8/6.3 MB | 197/243 kB
2026.09.20 16:54:48 INFO  Progress (4): 1.0 MB | 204/216 kB | 0.8/6.3 MB | 197/243 kB    
2026.09.20 16:54:48 INFO  Progress (4): 1.0 MB | 204/216 kB | 0.8/6.3 MB | 213/243 kB
2026.09.20 16:54:48 INFO  Progress (4): 1.0 MB | 204/216 kB | 0.8/6.3 MB | 229/243 kB
2026.09.20 16:54:48 INFO  Progress (4): 1.0 MB | 204/216 kB | 0.8/6.3 MB | 243 kB    
2026.09.20 16:54:48 INFO  Progress (4): 1.0 MB | 204/216 kB | 0.8/6.3 MB | 243 kB
2026.09.20 16:54:48 INFO  Progress (4): 1.0 MB | 204/216 kB | 0.9/6.3 MB | 243 kB
2026.09.20 16:54:48 INFO                                                         
2026.09.20 16:54:48 INFO  Downloaded from central: https://repo.maven.apache.org/maven2/org/scala-sbt/compiler-bridge_2.13/1.8.0/compiler-bridge_2.13-1.8.0.jar (243 kB at 107 kB/s)
2026.09.20 16:54:48 INFO  Downloading from central: https://repo.maven.apache.org/maven2/org/scala-lang/scala-compiler/2.13.8/scala-compiler-2.13.8.jar
2026.09.20 16:54:48 INFO  Downloaded from central: https://repo.maven.apache.org/maven2/org/apache/commons/commons-compress/1.21/commons-compress-1.21.jar (1.0 MB at 448 kB/s)
2026.09.20 16:54:48 INFO  Downloading from central: https://repo.maven.apache.org/maven2/org/scala-sbt/compiler-interface/1.8.0/compiler-interface-1.8.0.jar
2026.09.20 16:54:48 INFO  Progress (2): 204/216 kB | 0.9/6.3 MB
2026.09.20 16:54:48 INFO  Progress (2): 204/216 kB | 0.9/6.3 MB
2026.09.20 16:54:48 INFO  Progress (2): 204/216 kB | 0.9/6.3 MB
2026.09.20 16:54:48 INFO  Progress (2): 216 kB | 0.9/6.3 MB    
2026.09.20 16:54:48 INFO  Progress (2): 216 kB | 0.9/6.3 MB
2026.09.20 16:54:48 INFO  Progress (3): 216 kB | 0.9/6.3 MB | 7.7/89 kB
2026.09.20 16:54:48 INFO  Progress (3): 216 kB | 0.9/6.3 MB | 11/89 kB 
2026.09.20 16:54:48 INFO  Progress (3): 216 kB | 0.9/6.3 MB | 28/89 kB
2026.09.20 16:54:48 INFO  Progress (3): 216 kB | 0.9/6.3 MB | 44/89 kB
2026.09.20 16:54:48 INFO  Progress (3): 216 kB | 0.9/6.3 MB | 61/89 kB
2026.09.20 16:54:48 INFO  Progress (3): 216 kB | 0.9/6.3 MB | 77/89 kB
2026.09.20 16:54:48 INFO                                              
2026.09.20 16:54:48 INFO  Downloaded from central: https://repo.maven.apache.org/maven2/org/codehaus/plexus/plexus-archiver/4.6.0/plexus-archiver-4.6.0.jar (216 kB at 92 kB/s)
2026.09.20 16:54:48 INFO  Downloading from central: https://repo.maven.apache.org/maven2/org/scala-sbt/util-interface/1.8.0/util-interface-1.8.0.jar
2026.09.20 16:54:48 INFO  Progress (2): 0.9/6.3 MB | 89 kB
2026.09.20 16:54:48 INFO  Progress (3): 0.9/6.3 MB | 89 kB | 0/12 MB
2026.09.20 16:54:48 INFO  Progress (3): 0.9/6.3 MB | 89 kB | 0/12 MB
2026.09.20 16:54:48 INFO  Progress (3): 0.9/6.3 MB | 89 kB | 0/12 MB
2026.09.20 16:54:48 INFO  Progress (4): 0.9/6.3 MB | 89 kB | 0/12 MB | 7.7/112 kB
2026.09.20 16:54:48 INFO  Progress (4): 0.9/6.3 MB | 89 kB | 0/12 MB | 8.2/112 kB
2026.09.20 16:54:48 INFO  Progress (4): 0.9/6.3 MB | 89 kB | 0/12 MB | 8.2/112 kB
2026.09.20 16:54:48 INFO                                                         
2026.09.20 16:54:48 INFO  Downloaded from central: https://repo.maven.apache.org/maven2/org/scala-sbt/zinc-classpath_2.13/1.8.0/zinc-classpath_2.13-1.8.0.jar (89 kB at 37 kB/s)
2026.09.20 16:54:48 INFO  Downloading from central: https://repo.maven.apache.org/maven2/org/scala-sbt/zinc-persist-core-assembly/1.8.0/zinc-persist-core-assembly-1.8.0.jar
2026.09.20 16:54:48 INFO  Progress (3): 0.9/6.3 MB | 0/12 MB | 8.2/112 kB
2026.09.20 16:54:48 INFO  Progress (3): 1.0/6.3 MB | 0/12 MB | 8.2/112 kB
2026.09.20 16:54:48 INFO  Progress (3): 1.0/6.3 MB | 0/12 MB | 25/112 kB 
2026.09.20 16:54:48 INFO  Progress (3): 1.0/6.3 MB | 0/12 MB | 25/112 kB
2026.09.20 16:54:48 INFO  Progress (3): 1.0/6.3 MB | 0/12 MB | 41/112 kB
2026.09.20 16:54:48 INFO  Progress (3): 1.0/6.3 MB | 0.1/12 MB | 41/112 kB
2026.09.20 16:54:48 INFO  Progress (3): 1.0/6.3 MB | 0.1/12 MB | 41/112 kB
2026.09.20 16:54:48 INFO  Progress (3): 1.0/6.3 MB | 0.1/12 MB | 57/112 kB
2026.09.20 16:54:48 INFO  Progress (3): 1.0/6.3 MB | 0.1/12 MB | 57/112 kB
2026.09.20 16:54:48 INFO  Progress (3): 1.0/6.3 MB | 0.1/12 MB | 57/112 kB
2026.09.20 16:54:48 INFO  Progress (3): 1.0/6.3 MB | 0.1/12 MB | 57/112 kB
2026.09.20 16:54:48 INFO  Progress (3): 1.0/6.3 MB | 0.1/12 MB | 74/112 kB
2026.09.20 16:54:48 INFO  Progress (3): 1.0/6.3 MB | 0.1/12 MB | 74/112 kB
2026.09.20 16:54:48 INFO  Progress (3): 1.0/6.3 MB | 0.1/12 MB | 74/112 kB
2026.09.20 16:54:48 INFO  Progress (3): 1.0/6.3 MB | 0.1/12 MB | 74/112 kB
2026.09.20 16:54:48 INFO  Progress (3): 1.0/6.3 MB | 0.1/12 MB | 90/112 kB
2026.09.20 16:54:48 INFO  Progress (3): 1.0/6.3 MB | 0.1/12 MB | 90/112 kB
2026.09.20 16:54:48 INFO  Progress (4): 1.0/6.3 MB | 0.1/12 MB | 90/112 kB | 0/2.6 MB
2026.09.20 16:54:48 INFO  Progress (4): 1.0/6.3 MB | 0.1/12 MB | 90/112 kB | 0/2.6 MB
2026.09.20 16:54:48 INFO  Progress (4): 1.0/6.3 MB | 0.1/12 MB | 90/112 kB | 0/2.6 MB
2026.09.20 16:54:48 INFO  Progress (4): 1.0/6.3 MB | 0.1/12 MB | 90/112 kB | 0/2.6 MB
2026.09.20 16:54:48 INFO  Progress (4): 1.0/6.3 MB | 0.1/12 MB | 90/112 kB | 0/2.6 MB
2026.09.20 16:54:48 INFO  Progress (4): 1.1/6.3 MB | 0.1/12 MB | 90/112 kB | 0/2.6 MB
2026.09.20 16:54:48 INFO  Progress (4): 1.1/6.3 MB | 0.1/12 MB | 106/112 kB | 0/2.6 MB
2026.09.20 16:54:48 INFO  Progress (4): 1.1/6.3 MB | 0.1/12 MB | 106/112 kB | 0.1/2.6 MB
2026.09.20 16:54:48 INFO  Progress (4): 1.1/6.3 MB | 0.1/12 MB | 112 kB | 0.1/2.6 MB    
2026.09.20 16:54:48 INFO  Progress (4): 1.1/6.3 MB | 0.1/12 MB | 112 kB | 0.1/2.6 MB
2026.09.20 16:54:48 INFO  Progress (4): 1.1/6.3 MB | 0.1/12 MB | 112 kB | 0.1/2.6 MB
2026.09.20 16:54:48 INFO  Progress (4): 1.1/6.3 MB | 0.1/12 MB | 112 kB | 0.1/2.6 MB
2026.09.20 16:54:48 INFO  Progress (5): 1.1/6.3 MB | 0.1/12 MB | 112 kB | 0.1/2.6 MB | 3.3 kB
2026.09.20 16:54:48 INFO  Progress (5): 1.1/6.3 MB | 0.1/12 MB | 112 kB | 0.1/2.6 MB | 3.3 kB
2026.09.20 16:54:48 INFO  Progress (5): 1.1/6.3 MB | 0.1/12 MB | 112 kB | 0.1/2.6 MB | 3.3 kB
2026.09.20 16:54:48 INFO                                                                     
2026.09.20 16:54:48 INFO  Downloaded from central: https://repo.maven.apache.org/maven2/org/scala-sbt/compiler-interface/1.8.0/compiler-interface-1.8.0.jar (112 kB at 45 kB/s)
2026.09.20 16:54:48 INFO  Downloading from central: https://repo.maven.apache.org/maven2/org/scala-lang/modules/scala-parallel-collections_2.13/0.2.0/scala-parallel-collections_2.13-0.2.0.jar
2026.09.20 16:54:48 INFO  Downloaded from central: https://repo.maven.apache.org/maven2/org/scala-sbt/util-interface/1.8.0/util-interface-1.8.0.jar (3.3 kB at 1.3 kB/s)
2026.09.20 16:54:48 INFO  Downloading from central: https://repo.maven.apache.org/maven2/org/scala-sbt/io_2.13/1.8.0/io_2.13-1.8.0.jar
2026.09.20 16:54:48 INFO  Progress (3): 1.1/6.3 MB | 0.2/12 MB | 0.1/2.6 MB
2026.09.20 16:54:48 INFO  Progress (3): 1.1/6.3 MB | 0.2/12 MB | 0.1/2.6 MB
2026.09.20 16:54:48 INFO  Progress (3): 1.1/6.3 MB | 0.2/12 MB | 0.1/2.6 MB
2026.09.20 16:54:48 INFO  Progress (3): 1.1/6.3 MB | 0.2/12 MB | 0.1/2.6 MB
2026.09.20 16:54:48 INFO  Progress (3): 1.1/6.3 MB | 0.2/12 MB | 0.1/2.6 MB
2026.09.20 16:54:48 INFO  Progress (3): 1.1/6.3 MB | 0.2/12 MB | 0.2/2.6 MB
2026.09.20 16:54:48 INFO  Progress (3): 1.1/6.3 MB | 0.2/12 MB | 0.2/2.6 MB
2026.09.20 16:54:48 INFO  Progress (3): 1.1/6.3 MB | 0.2/12 MB | 0.2/2.6 MB
2026.09.20 16:54:48 INFO  Progress (3): 1.1/6.3 MB | 0.2/12 MB | 0.2/2.6 MB
2026.09.20 16:54:48 INFO  Progress (3): 1.1/6.3 MB | 0.2/12 MB | 0.2/2.6 MB
2026.09.20 16:54:48 INFO  Progress (3): 1.1/6.3 MB | 0.2/12 MB | 0.2/2.6 MB
2026.09.20 16:54:48 INFO  Progress (3): 1.1/6.3 MB | 0.2/12 MB | 0.2/2.6 MB
2026.09.20 16:54:48 INFO  Progress (3): 1.1/6.3 MB | 0.2/12 MB | 0.2/2.6 MB
2026.09.20 16:54:48 INFO  Progress (3): 1.1/6.3 MB | 0.2/12 MB | 0.2/2.6 MB
2026.09.20 16:54:48 INFO  Progress (3): 1.1/6.3 MB | 0.2/12 MB | 0.2/2.6 MB
2026.09.20 16:54:48 INFO  Progress (3): 1.1/6.3 MB | 0.2/12 MB | 0.2/2.6 MB
2026.09.20 16:54:48 INFO  Progress (3): 1.1/6.3 MB | 0.2/12 MB | 0.2/2.6 MB
2026.09.20 16:54:49 INFO  Progress (3): 1.1/6.3 MB | 0.2/12 MB | 0.3/2.6 MB
2026.09.20 16:54:49 INFO  Progress (3): 1.1/6.3 MB | 0.2/12 MB | 0.3/2.6 MB
2026.09.20 16:54:49 INFO  Progress (3): 1.1/6.3 MB | 0.2/12 MB | 0.3/2.6 MB
2026.09.20 16:54:49 INFO  Progress (3): 1.2/6.3 MB | 0.2/12 MB | 0.3/2.6 MB
2026.09.20 16:54:49 INFO  Progress (3): 1.2/6.3 MB | 0.2/12 MB | 0.3/2.6 MB
2026.09.20 16:54:49 INFO  Progress (4): 1.2/6.3 MB | 0.2/12 MB | 0.3/2.6 MB | 7.7/636 kB
2026.09.20 16:54:49 INFO  Progress (4): 1.2/6.3 MB | 0.2/12 MB | 0.3/2.6 MB | 8.2/636 kB
2026.09.20 16:54:49 INFO  Progress (5): 1.2/6.3 MB | 0.2/12 MB | 0.3/2.6 MB | 8.2/636 kB | 0/1.1 MB
2026.09.20 16:54:49 INFO  Progress (5): 1.2/6.3 MB | 0.2/12 MB | 0.3/2.6 MB | 8.2/636 kB | 0/1.1 MB
2026.09.20 16:54:49 INFO  Progress (5): 1.2/6.3 MB | 0.2/12 MB | 0.3/2.6 MB | 8.2/636 kB | 0/1.1 MB
2026.09.20 16:54:49 INFO  Progress (5): 1.2/6.3 MB | 0.2/12 MB | 0.3/2.6 MB | 8.2/636 kB | 0/1.1 MB
2026.09.20 16:54:49 INFO  Progress (5): 1.2/6.3 MB | 0.2/12 MB | 0.3/2.6 MB | 8.2/636 kB | 0/1.1 MB
2026.09.20 16:54:49 INFO  Progress (5): 1.2/6.3 MB | 0.2/12 MB | 0.3/2.6 MB | 8.2/636 kB | 0/1.1 MB
2026.09.20 16:54:49 INFO  Progress (5): 1.2/6.3 MB | 0.2/12 MB | 0.4/2.6 MB | 8.2/636 kB | 0/1.1 MB
2026.09.20 16:54:49 INFO  Progress (5): 1.2/6.3 MB | 0.2/12 MB | 0.4/2.6 MB | 8.2/636 kB | 0/1.1 MB
2026.09.20 16:54:49 INFO  Progress (5): 1.2/6.3 MB | 0.2/12 MB | 0.4/2.6 MB | 8.2/636 kB | 0/1.1 MB
2026.09.20 16:54:49 INFO  Progress (5): 1.2/6.3 MB | 0.2/12 MB | 0.4/2.6 MB | 8.2/636 kB | 0/1.1 MB
2026.09.20 16:54:49 INFO  Progress (5): 1.2/6.3 MB | 0.2/12 MB | 0.4/2.6 MB | 8.2/636 kB | 0/1.1 MB
2026.09.20 16:54:49 INFO  Progress (5): 1.2/6.3 MB | 0.2/12 MB | 0.4/2.6 MB | 8.2/636 kB | 0/1.1 MB
2026.09.20 16:54:49 INFO  Progress (5): 1.2/6.3 MB | 0.2/12 MB | 0.4/2.6 MB | 8.2/636 kB | 0/1.1 MB
2026.09.20 16:54:49 INFO  Progress (5): 1.2/6.3 MB | 0.2/12 MB | 0.4/2.6 MB | 8.2/636 kB | 0/1.1 MB
2026.09.20 16:54:49 INFO  Progress (5): 1.2/6.3 MB | 0.2/12 MB | 0.4/2.6 MB | 8.2/636 kB | 0/1.1 MB
2026.09.20 16:54:49 INFO  Progress (5): 1.2/6.3 MB | 0.2/12 MB | 0.4/2.6 MB | 8.2/636 kB | 0/1.1 MB
2026.09.20 16:54:49 INFO  Progress (5): 1.2/6.3 MB | 0.2/12 MB | 0.4/2.6 MB | 8.2/636 kB | 0/1.1 MB
2026.09.20 16:54:49 INFO  Progress (5): 1.2/6.3 MB | 0.3/12 MB | 0.4/2.6 MB | 8.2/636 kB | 0/1.1 MB
2026.09.20 16:54:49 INFO  Progress (5): 1.2/6.3 MB | 0.3/12 MB | 0.4/2.6 MB | 8.2/636 kB | 0/1.1 MB
2026.09.20 16:54:49 INFO  Progress (5): 1.2/6.3 MB | 0.3/12 MB | 0.4/2.6 MB | 8.2/636 kB | 0/1.1 MB
2026.09.20 16:54:49 INFO  Progress (5): 1.2/6.3 MB | 0.3/12 MB | 0.4/2.6 MB | 8.2/636 kB | 0/1.1 MB
2026.09.20 16:54:49 INFO  Progress (5): 1.2/6.3 MB | 0.3/12 MB | 0.4/2.6 MB | 8.2/636 kB | 0/1.1 MB
2026.09.20 16:54:49 INFO  Progress (5): 1.2/6.3 MB | 0.3/12 MB | 0.4/2.6 MB | 25/636 kB | 0/1.1 MB 
2026.09.20 16:54:49 INFO  Progress (5): 1.2/6.3 MB | 0.3/12 MB | 0.4/2.6 MB | 41/636 kB | 0/1.1 MB
2026.09.20 16:54:49 INFO  Progress (5): 1.2/6.3 MB | 0.3/12 MB | 0.4/2.6 MB | 57/636 kB | 0/1.1 MB
2026.09.20 16:54:49 INFO  Progress (5): 1.2/6.3 MB | 0.3/12 MB | 0.4/2.6 MB | 74/636 kB | 0/1.1 MB
2026.09.20 16:54:49 INFO  Progress (5): 1.2/6.3 MB | 0.3/12 MB | 0.4/2.6 MB | 90/636 kB | 0/1.1 MB
2026.09.20 16:54:49 INFO  Progress (5): 1.2/6.3 MB | 0.3/12 MB | 0.4/2.6 MB | 98/636 kB | 0/1.1 MB
2026.09.20 16:54:49 INFO  Progress (5): 1.2/6.3 MB | 0.3/12 MB | 0.4/2.6 MB | 115/636 kB | 0/1.1 MB
2026.09.20 16:54:49 INFO  Progress (5): 1.3/6.3 MB | 0.3/12 MB | 0.4/2.6 MB | 115/636 kB | 0/1.1 MB
2026.09.20 16:54:49 INFO  Progress (5): 1.3/6.3 MB | 0.3/12 MB | 0.4/2.6 MB | 115/636 kB | 0/1.1 MB
2026.09.20 16:54:49 INFO  Progress (5): 1.3/6.3 MB | 0.3/12 MB | 0.4/2.6 MB | 115/636 kB | 0/1.1 MB
2026.09.20 16:54:49 INFO  Progress (5): 1.3/6.3 MB | 0.3/12 MB | 0.4/2.6 MB | 115/636 kB | 0/1.1 MB
2026.09.20 16:54:49 INFO  Progress (5): 1.3/6.3 MB | 0.3/12 MB | 0.4/2.6 MB | 131/636 kB | 0/1.1 MB
2026.09.20 16:54:49 INFO  Progress (5): 1.3/6.3 MB | 0.3/12 MB | 0.4/2.6 MB | 131/636 kB | 0/1.1 MB
2026.09.20 16:54:49 INFO  Progress (5): 1.3/6.3 MB | 0.3/12 MB | 0.5/2.6 MB | 131/636 kB | 0/1.1 MB
2026.09.20 16:54:49 INFO  Progress (5): 1.3/6.3 MB | 0.3/12 MB | 0.5/2.6 MB | 131/636 kB | 0/1.1 MB
2026.09.20 16:54:49 INFO  Progress (5): 1.3/6.3 MB | 0.3/12 MB | 0.5/2.6 MB | 131/636 kB | 0/1.1 MB
2026.09.20 16:54:49 INFO  Progress (5): 1.3/6.3 MB | 0.3/12 MB | 0.5/2.6 MB | 131/636 kB | 0/1.1 MB
2026.09.20 16:54:49 INFO  Progress (5): 1.3/6.3 MB | 0.3/12 MB | 0.5/2.6 MB | 131/636 kB | 0/1.1 MB
2026.09.20 16:54:49 INFO  Progress (5): 1.3/6.3 MB | 0.3/12 MB | 0.5/2.6 MB | 131/636 kB | 0/1.1 MB
2026.09.20 16:54:49 INFO  Progress (5): 1.3/6.3 MB | 0.3/12 MB | 0.5/2.6 MB | 131/636 kB | 0/1.1 MB
2026.09.20 16:54:49 INFO  Progress (5): 1.3/6.3 MB | 0.3/12 MB | 0.6/2.6 MB | 131/636 kB | 0/1.1 MB
2026.09.20 16:54:49 INFO  Progress (5): 1.3/6.3 MB | 0.3/12 MB | 0.6/2.6 MB | 131/636 kB | 0/1.1 MB
2026.09.20 16:54:49 INFO  Progress (5): 1.3/6.3 MB | 0.3/12 MB | 0.6/2.6 MB | 131/636 kB | 0/1.1 MB
2026.09.20 16:54:49 INFO  Progress (5): 1.3/6.3 MB | 0.4/12 MB | 0.6/2.6 MB | 131/636 kB | 0/1.1 MB
2026.09.20 16:54:49 INFO  Progress (5): 1.3/6.3 MB | 0.4/12 MB | 0.6/2.6 MB | 131/636 kB | 0/1.1 MB
2026.09.20 16:54:49 INFO  Progress (5): 1.3/6.3 MB | 0.4/12 MB | 0.6/2.6 MB | 131/636 kB | 0/1.1 MB
2026.09.20 16:54:49 INFO  Progress (5): 1.3/6.3 MB | 0.4/12 MB | 0.6/2.6 MB | 131/636 kB | 0/1.1 MB
2026.09.20 16:54:49 INFO  Progress (5): 1.3/6.3 MB | 0.4/12 MB | 0.6/2.6 MB | 131/636 kB | 0/1.1 MB
2026.09.20 16:54:49 INFO  Progress (5): 1.3/6.3 MB | 0.4/12 MB | 0.6/2.6 MB | 131/636 kB | 0/1.1 MB
2026.09.20 16:54:49 INFO  Progress (5): 1.3/6.3 MB | 0.5/12 MB | 0.6/2.6 MB | 131/636 kB | 0/1.1 MB
2026.09.20 16:54:49 INFO  Progress (5): 1.3/6.3 MB | 0.5/12 MB | 0.6/2.6 MB | 131/636 kB | 0/1.1 MB
2026.09.20 16:54:49 INFO  Progress (5): 1.3/6.3 MB | 0.5/12 MB | 0.6/2.6 MB | 131/636 kB | 0/1.1 MB
2026.09.20 16:54:49 INFO  Progress (5): 1.3/6.3 MB | 0.5/12 MB | 0.6/2.6 MB | 131/636 kB | 0/1.1 MB
2026.09.20 16:54:49 INFO  Progress (5): 1.3/6.3 MB | 0.5/12 MB | 0.6/2.6 MB | 131/636 kB | 0/1.1 MB
2026.09.20 16:54:49 INFO  Progress (5): 1.3/6.3 MB | 0.5/12 MB | 0.6/2.6 MB | 131/636 kB | 0/1.1 MB
2026.09.20 16:54:49 INFO  Progress (5): 1.3/6.3 MB | 0.5/12 MB | 0.6/2.6 MB | 131/636 kB | 0.1/1.1 MB
2026.09.20 16:54:49 INFO  Progress (5): 1.3/6.3 MB | 0.5/12 MB | 0.6/2.6 MB | 131/636 kB | 0.1/1.1 MB
2026.09.20 16:54:49 INFO  Progress (5): 1.3/6.3 MB | 0.5/12 MB | 0.6/2.6 MB | 131/636 kB | 0.1/1.1 MB
2026.09.20 16:54:49 INFO  Progress (5): 1.3/6.3 MB | 0.5/12 MB | 0.6/2.6 MB | 131/636 kB | 0.1/1.1 MB
2026.09.20 16:54:49 INFO  Progress (5): 1.3/6.3 MB | 0.5/12 MB | 0.6/2.6 MB | 131/636 kB | 0.1/1.1 MB
2026.09.20 16:54:49 INFO  Progress (5): 1.3/6.3 MB | 0.5/12 MB | 0.6/2.6 MB | 147/636 kB | 0.1/1.1 MB
2026.09.20 16:54:49 INFO  Progress (5): 1.3/6.3 MB | 0.5/12 MB | 0.6/2.6 MB | 164/636 kB | 0.1/1.1 MB
2026.09.20 16:54:49 INFO  Progress (5): 1.3/6.3 MB | 0.5/12 MB | 0.6/2.6 MB | 180/636 kB | 0.1/1.1 MB
2026.09.20 16:54:49 INFO  Progress (5): 1.3/6.3 MB | 0.5/12 MB | 0.6/2.6 MB | 197/636 kB | 0.1/1.1 MB
2026.09.20 16:54:49 INFO  Progress (5): 1.3/6.3 MB | 0.5/12 MB | 0.6/2.6 MB | 197/636 kB | 0.1/1.1 MB
2026.09.20 16:54:49 INFO  Progress (5): 1.3/6.3 MB | 0.5/12 MB | 0.6/2.6 MB | 213/636 kB | 0.1/1.1 MB
2026.09.20 16:54:49 INFO  Progress (5): 1.4/6.3 MB | 0.5/12 MB | 0.6/2.6 MB | 213/636 kB | 0.1/1.1 MB
2026.09.20 16:54:49 INFO  Progress (5): 1.4/6.3 MB | 0.5/12 MB | 0.6/2.6 MB | 229/636 kB | 0.1/1.1 MB
2026.09.20 16:54:49 INFO  Progress (5): 1.4/6.3 MB | 0.5/12 MB | 0.6/2.6 MB | 229/636 kB | 0.1/1.1 MB
2026.09.20 16:54:49 INFO  Progress (5): 1.4/6.3 MB | 0.5/12 MB | 0.6/2.6 MB | 246/636 kB | 0.1/1.1 MB
2026.09.20 16:54:49 INFO  Progress (5): 1.4/6.3 MB | 0.5/12 MB | 0.6/2.6 MB | 246/636 kB | 0.1/1.1 MB
2026.09.20 16:54:49 INFO  Progress (5): 1.4/6.3 MB | 0.5/12 MB | 0.6/2.6 MB | 262/636 kB | 0.1/1.1 MB
2026.09.20 16:54:49 INFO  Progress (5): 1.4/6.3 MB | 0.5/12 MB | 0.6/2.6 MB | 262/636 kB | 0.1/1.1 MB
2026.09.20 16:54:49 INFO  Progress (5): 1.4/6.3 MB | 0.5/12 MB | 0.6/2.6 MB | 262/636 kB | 0.1/1.1 MB
2026.09.20 16:54:49 INFO  Progress (5): 1.4/6.3 MB | 0.5/12 MB | 0.6/2.6 MB | 279/636 kB | 0.1/1.1 MB
2026.09.20 16:54:49 INFO  Progress (5): 1.4/6.3 MB | 0.5/12 MB | 0.6/2.6 MB | 279/636 kB | 0.1/1.1 MB
2026.09.20 16:54:49 INFO  Progress (5): 1.4/6.3 MB | 0.5/12 MB | 0.6/2.6 MB | 295/636 kB | 0.1/1.1 MB
2026.09.20 16:54:49 INFO  Progress (5): 1.5/6.3 MB | 0.5/12 MB | 0.6/2.6 MB | 295/636 kB | 0.1/1.1 MB
2026.09.20 16:54:49 INFO  Progress (5): 1.5/6.3 MB | 0.5/12 MB | 0.6/2.6 MB | 311/636 kB | 0.1/1.1 MB
2026.09.20 16:54:49 INFO  Progress (5): 1.5/6.3 MB | 0.5/12 MB | 0.6/2.6 MB | 311/636 kB | 0.1/1.1 MB
2026.09.20 16:54:49 INFO  Progress (5): 1.5/6.3 MB | 0.5/12 MB | 0.6/2.6 MB | 328/636 kB | 0.1/1.1 MB
2026.09.20 16:54:49 INFO  Progress (5): 1.5/6.3 MB | 0.5/12 MB | 0.6/2.6 MB | 328/636 kB | 0.1/1.1 MB
2026.09.20 16:54:49 INFO  Progress (5): 1.5/6.3 MB | 0.5/12 MB | 0.6/2.6 MB | 344/636 kB | 0.1/1.1 MB
2026.09.20 16:54:49 INFO  Progress (5): 1.5/6.3 MB | 0.5/12 MB | 0.6/2.6 MB | 344/636 kB | 0.1/1.1 MB
2026.09.20 16:54:49 INFO  Progress (5): 1.5/6.3 MB | 0.5/12 MB | 0.6/2.6 MB | 344/636 kB | 0.1/1.1 MB
2026.09.20 16:54:49 INFO  Progress (5): 1.5/6.3 MB | 0.5/12 MB | 0.6/2.6 MB | 344/636 kB | 0.1/1.1 MB
2026.09.20 16:54:49 INFO  Progress (5): 1.6/6.3 MB | 0.5/12 MB | 0.6/2.6 MB | 344/636 kB | 0.1/1.1 MB
2026.09.20 16:54:49 INFO  Progress (5): 1.6/6.3 MB | 0.5/12 MB | 0.6/2.6 MB | 344/636 kB | 0.1/1.1 MB
2026.09.20 16:54:49 INFO  Progress (5): 1.6/6.3 MB | 0.5/12 MB | 0.6/2.6 MB | 344/636 kB | 0.1/1.1 MB
2026.09.20 16:54:49 INFO  Progress (5): 1.6/6.3 MB | 0.5/12 MB | 0.6/2.6 MB | 344/636 kB | 0.1/1.1 MB
2026.09.20 16:54:49 INFO  Progress (5): 1.6/6.3 MB | 0.5/12 MB | 0.6/2.6 MB | 344/636 kB | 0.1/1.1 MB
2026.09.20 16:54:49 INFO  Progress (5): 1.6/6.3 MB | 0.5/12 MB | 0.6/2.6 MB | 344/636 kB | 0.2/1.1 MB
2026.09.20 16:54:49 INFO  Progress (5): 1.6/6.3 MB | 0.6/12 MB | 0.6/2.6 MB | 344/636 kB | 0.2/1.1 MB
2026.09.20 16:54:49 INFO  Progress (5): 1.6/6.3 MB | 0.6/12 MB | 0.6/2.6 MB | 360/636 kB | 0.2/1.1 MB
2026.09.20 16:54:49 INFO  Progress (5): 1.6/6.3 MB | 0.6/12 MB | 0.6/2.6 MB | 360/636 kB | 0.2/1.1 MB
2026.09.20 16:54:49 INFO  Progress (5): 1.6/6.3 MB | 0.6/12 MB | 0.6/2.6 MB | 377/636 kB | 0.2/1.1 MB
2026.09.20 16:54:49 INFO  Progress (5): 1.6/6.3 MB | 0.6/12 MB | 0.6/2.6 MB | 377/636 kB | 0.2/1.1 MB
2026.09.20 16:54:49 INFO  Progress (5): 1.6/6.3 MB | 0.6/12 MB | 0.6/2.6 MB | 393/636 kB | 0.2/1.1 MB
2026.09.20 16:54:49 INFO  Progress (5): 1.6/6.3 MB | 0.6/12 MB | 0.6/2.6 MB | 393/636 kB | 0.2/1.1 MB
2026.09.20 16:54:49 INFO  Progress (5): 1.6/6.3 MB | 0.6/12 MB | 0.6/2.6 MB | 410/636 kB | 0.2/1.1 MB
2026.09.20 16:54:49 INFO  Progress (5): 1.6/6.3 MB | 0.6/12 MB | 0.6/2.6 MB | 410/636 kB | 0.2/1.1 MB
2026.09.20 16:54:49 INFO  Progress (5): 1.6/6.3 MB | 0.6/12 MB | 0.6/2.6 MB | 426/636 kB | 0.2/1.1 MB
2026.09.20 16:54:49 INFO  Progress (5): 1.7/6.3 MB | 0.6/12 MB | 0.6/2.6 MB | 426/636 kB | 0.2/1.1 MB
2026.09.20 16:54:49 INFO  Progress (5): 1.7/6.3 MB | 0.6/12 MB | 0.6/2.6 MB | 442/636 kB | 0.2/1.1 MB
2026.09.20 16:54:49 INFO  Progress (5): 1.7/6.3 MB | 0.6/12 MB | 0.6/2.6 MB | 442/636 kB | 0.2/1.1 MB
2026.09.20 16:54:49 INFO  Progress (5): 1.7/6.3 MB | 0.6/12 MB | 0.6/2.6 MB | 442/636 kB | 0.2/1.1 MB
2026.09.20 16:54:49 INFO  Progress (5): 1.7/6.3 MB | 0.6/12 MB | 0.6/2.6 MB | 442/636 kB | 0.2/1.1 MB
2026.09.20 16:54:49 INFO  Progress (5): 1.7/6.3 MB | 0.6/12 MB | 0.6/2.6 MB | 459/636 kB | 0.2/1.1 MB
2026.09.20 16:54:49 INFO  Progress (5): 1.7/6.3 MB | 0.6/12 MB | 0.6/2.6 MB | 475/636 kB | 0.2/1.1 MB
2026.09.20 16:54:49 INFO  Progress (5): 1.7/6.3 MB | 0.6/12 MB | 0.6/2.6 MB | 492/636 kB | 0.2/1.1 MB
2026.09.20 16:54:49 INFO  Progress (5): 1.7/6.3 MB | 0.6/12 MB | 0.6/2.6 MB | 492/636 kB | 0.2/1.1 MB
2026.09.20 16:54:49 INFO  Progress (5): 1.7/6.3 MB | 0.6/12 MB | 0.6/2.6 MB | 492/636 kB | 0.2/1.1 MB
2026.09.20 16:54:49 INFO  Progress (5): 1.8/6.3 MB | 0.6/12 MB | 0.6/2.6 MB | 492/636 kB | 0.2/1.1 MB
2026.09.20 16:54:49 INFO  Progress (5): 1.8/6.3 MB | 0.6/12 MB | 0.6/2.6 MB | 492/636 kB | 0.2/1.1 MB
2026.09.20 16:54:49 INFO  Progress (5): 1.8/6.3 MB | 0.6/12 MB | 0.6/2.6 MB | 492/636 kB | 0.2/1.1 MB
2026.09.20 16:54:49 INFO  Progress (5): 1.8/6.3 MB | 0.6/12 MB | 0.6/2.6 MB | 492/636 kB | 0.2/1.1 MB
2026.09.20 16:54:49 INFO  Progress (5): 1.8/6.3 MB | 0.6/12 MB | 0.6/2.6 MB | 492/636 kB | 0.2/1.1 MB
2026.09.20 16:54:49 INFO  Progress (5): 1.8/6.3 MB | 0.6/12 MB | 0.6/2.6 MB | 492/636 kB | 0.2/1.1 MB
2026.09.20 16:54:49 INFO  Progress (5): 1.8/6.3 MB | 0.6/12 MB | 0.6/2.6 MB | 492/636 kB | 0.2/1.1 MB
2026.09.20 16:54:49 INFO  Progress (5): 1.8/6.3 MB | 0.6/12 MB | 0.6/2.6 MB | 492/636 kB | 0.2/1.1 MB
2026.09.20 16:54:49 INFO  Progress (5): 1.8/6.3 MB | 0.6/12 MB | 0.6/2.6 MB | 492/636 kB | 0.2/1.1 MB
2026.09.20 16:54:49 INFO  Progress (5): 1.8/6.3 MB | 0.6/12 MB | 0.6/2.6 MB | 492/636 kB | 0.2/1.1 MB
2026.09.20 16:54:49 INFO  Progress (5): 1.8/6.3 MB | 0.6/12 MB | 0.7/2.6 MB | 492/636 kB | 0.2/1.1 MB
2026.09.20 16:54:49 INFO  Progress (5): 1.8/6.3 MB | 0.6/12 MB | 0.7/2.6 MB | 492/636 kB | 0.2/1.1 MB
2026.09.20 16:54:49 INFO  Progress (5): 1.8/6.3 MB | 0.6/12 MB | 0.7/2.6 MB | 492/636 kB | 0.2/1.1 MB
2026.09.20 16:54:49 INFO  Progress (5): 1.8/6.3 MB | 0.6/12 MB | 0.7/2.6 MB | 492/636 kB | 0.2/1.1 MB
2026.09.20 16:54:49 INFO  Progress (5): 1.8/6.3 MB | 0.6/12 MB | 0.7/2.6 MB | 508/636 kB | 0.2/1.1 MB
2026.09.20 16:54:49 INFO  Progress (5): 1.8/6.3 MB | 0.6/12 MB | 0.7/2.6 MB | 508/636 kB | 0.2/1.1 MB
2026.09.20 16:54:49 INFO  Progress (5): 1.8/6.3 MB | 0.6/12 MB | 0.7/2.6 MB | 508/636 kB | 0.2/1.1 MB
2026.09.20 16:54:49 INFO  Progress (5): 1.8/6.3 MB | 0.6/12 MB | 0.7/2.6 MB | 508/636 kB | 0.2/1.1 MB
2026.09.20 16:54:49 INFO  Progress (5): 1.8/6.3 MB | 0.6/12 MB | 0.7/2.6 MB | 524/636 kB | 0.2/1.1 MB
2026.09.20 16:54:49 INFO  Progress (5): 1.8/6.3 MB | 0.6/12 MB | 0.7/2.6 MB | 541/636 kB | 0.2/1.1 MB
2026.09.20 16:54:49 INFO  Progress (5): 1.8/6.3 MB | 0.6/12 MB | 0.7/2.6 MB | 557/636 kB | 0.2/1.1 MB
2026.09.20 16:54:49 INFO  Progress (5): 1.8/6.3 MB | 0.6/12 MB | 0.7/2.6 MB | 573/636 kB | 0.2/1.1 MB
2026.09.20 16:54:49 INFO  Progress (5): 1.8/6.3 MB | 0.6/12 MB | 0.7/2.6 MB | 590/636 kB | 0.2/1.1 MB
2026.09.20 16:54:49 INFO  Progress (5): 1.8/6.3 MB | 0.6/12 MB | 0.7/2.6 MB | 590/636 kB | 0.2/1.1 MB
2026.09.20 16:54:49 INFO  Progress (5): 1.8/6.3 MB | 0.6/12 MB | 0.7/2.6 MB | 606/636 kB | 0.2/1.1 MB
2026.09.20 16:54:49 INFO  Progress (5): 1.8/6.3 MB | 0.6/12 MB | 0.7/2.6 MB | 606/636 kB | 0.2/1.1 MB
2026.09.20 16:54:49 INFO  Progress (5): 1.9/6.3 MB | 0.6/12 MB | 0.7/2.6 MB | 606/636 kB | 0.2/1.1 MB
2026.09.20 16:54:49 INFO  Progress (5): 1.9/6.3 MB | 0.6/12 MB | 0.7/2.6 MB | 606/636 kB | 0.2/1.1 MB
2026.09.20 16:54:50 INFO  Progress (5): 1.9/6.3 MB | 0.6/12 MB | 0.7/2.6 MB | 606/636 kB | 0.2/1.1 MB
2026.09.20 16:54:50 INFO  Progress (5): 1.9/6.3 MB | 0.6/12 MB | 0.7/2.6 MB | 606/636 kB | 0.2/1.1 MB
2026.09.20 16:54:50 INFO  Progress (5): 1.9/6.3 MB | 0.6/12 MB | 0.7/2.6 MB | 606/636 kB | 0.2/1.1 MB
2026.09.20 16:54:50 INFO  Progress (5): 1.9/6.3 MB | 0.7/12 MB | 0.7/2.6 MB | 606/636 kB | 0.2/1.1 MB
2026.09.20 16:54:50 INFO  Progress (5): 1.9/6.3 MB | 0.7/12 MB | 0.7/2.6 MB | 606/636 kB | 0.2/1.1 MB
2026.09.20 16:54:50 INFO  Progress (5): 1.9/6.3 MB | 0.7/12 MB | 0.7/2.6 MB | 606/636 kB | 0.2/1.1 MB
2026.09.20 16:54:50 INFO  Progress (5): 1.9/6.3 MB | 0.7/12 MB | 0.7/2.6 MB | 606/636 kB | 0.2/1.1 MB
2026.09.20 16:54:50 INFO  Progress (5): 1.9/6.3 MB | 0.7/12 MB | 0.7/2.6 MB | 606/636 kB | 0.2/1.1 MB
2026.09.20 16:54:50 INFO  Progress (5): 1.9/6.3 MB | 0.7/12 MB | 0.7/2.6 MB | 606/636 kB | 0.2/1.1 MB
2026.09.20 16:54:50 INFO  Progress (5): 1.9/6.3 MB | 0.7/12 MB | 0.7/2.6 MB | 606/636 kB | 0.2/1.1 MB
2026.09.20 16:54:50 INFO  Progress (5): 1.9/6.3 MB | 0.7/12 MB | 0.7/2.6 MB | 606/636 kB | 0.2/1.1 MB
2026.09.20 16:54:50 INFO  Progress (5): 1.9/6.3 MB | 0.7/12 MB | 0.7/2.6 MB | 606/636 kB | 0.2/1.1 MB
2026.09.20 16:54:50 INFO  Progress (5): 1.9/6.3 MB | 0.8/12 MB | 0.7/2.6 MB | 606/636 kB | 0.2/1.1 MB
2026.09.20 16:54:50 INFO  Progress (5): 1.9/6.3 MB | 0.8/12 MB | 0.7/2.6 MB | 623/636 kB | 0.2/1.1 MB
2026.09.20 16:54:50 INFO  Progress (5): 1.9/6.3 MB | 0.8/12 MB | 0.7/2.6 MB | 623/636 kB | 0.2/1.1 MB
2026.09.20 16:54:50 INFO  Progress (5): 1.9/6.3 MB | 0.8/12 MB | 0.7/2.6 MB | 623/636 kB | 0.2/1.1 MB
2026.09.20 16:54:50 INFO  Progress (5): 1.9/6.3 MB | 0.8/12 MB | 0.7/2.6 MB | 623/636 kB | 0.2/1.1 MB
2026.09.20 16:54:50 INFO  Progress (5): 1.9/6.3 MB | 0.8/12 MB | 0.7/2.6 MB | 623/636 kB | 0.2/1.1 MB
2026.09.20 16:54:50 INFO  Progress (5): 1.9/6.3 MB | 0.8/12 MB | 0.7/2.6 MB | 623/636 kB | 0.2/1.1 MB
2026.09.20 16:54:50 INFO  Progress (5): 1.9/6.3 MB | 0.8/12 MB | 0.7/2.6 MB | 623/636 kB | 0.2/1.1 MB
2026.09.20 16:54:50 INFO  Progress (5): 2.0/6.3 MB | 0.8/12 MB | 0.7/2.6 MB | 623/636 kB | 0.2/1.1 MB
2026.09.20 16:54:50 INFO  Progress (5): 2.0/6.3 MB | 0.8/12 MB | 0.7/2.6 MB | 636 kB | 0.2/1.1 MB    
2026.09.20 16:54:50 INFO  Progress (5): 2.0/6.3 MB | 0.8/12 MB | 0.7/2.6 MB | 636 kB | 0.2/1.1 MB
2026.09.20 16:54:50 INFO  Progress (5): 2.0/6.3 MB | 0.8/12 MB | 0.7/2.6 MB | 636 kB | 0.2/1.1 MB
2026.09.20 16:54:50 INFO  Progress (5): 2.0/6.3 MB | 0.8/12 MB | 0.7/2.6 MB | 636 kB | 0.2/1.1 MB
2026.09.20 16:54:50 INFO  Progress (5): 2.0/6.3 MB | 0.8/12 MB | 0.7/2.6 MB | 636 kB | 0.2/1.1 MB
2026.09.20 16:54:50 INFO                                                                         
2026.09.20 16:54:50 INFO  Downloaded from central: https://repo.maven.apache.org/maven2/org/scala-sbt/io_2.13/1.8.0/io_2.13-1.8.0.jar (636 kB at 166 kB/s)
2026.09.20 16:54:50 INFO  Downloading from central: https://repo.maven.apache.org/maven2/com/swoval/file-tree-views/2.1.9/file-tree-views-2.1.9.jar
2026.09.20 16:54:50 INFO  Progress (4): 2.0/6.3 MB | 0.8/12 MB | 0.7/2.6 MB | 0.2/1.1 MB
2026.09.20 16:54:50 INFO  Progress (4): 2.0/6.3 MB | 0.8/12 MB | 0.7/2.6 MB | 0.2/1.1 MB
2026.09.20 16:54:50 INFO  Progress (4): 2.0/6.3 MB | 0.8/12 MB | 0.7/2.6 MB | 0.2/1.1 MB
2026.09.20 16:54:50 INFO  Progress (4): 2.0/6.3 MB | 0.8/12 MB | 0.7/2.6 MB | 0.2/1.1 MB
2026.09.20 16:54:50 INFO  Progress (4): 2.0/6.3 MB | 0.8/12 MB | 0.7/2.6 MB | 0.2/1.1 MB
2026.09.20 16:54:50 INFO  Progress (4): 2.0/6.3 MB | 0.9/12 MB | 0.7/2.6 MB | 0.2/1.1 MB
2026.09.20 16:54:50 INFO  Progress (4): 2.0/6.3 MB | 0.9/12 MB | 0.7/2.6 MB | 0.2/1.1 MB
2026.09.20 16:54:50 INFO  Progress (4): 2.0/6.3 MB | 0.9/12 MB | 0.7/2.6 MB | 0.2/1.1 MB
2026.09.20 16:54:50 INFO  Progress (4): 2.0/6.3 MB | 0.9/12 MB | 0.7/2.6 MB | 0.2/1.1 MB
2026.09.20 16:54:50 INFO  Progress (4): 2.0/6.3 MB | 0.9/12 MB | 0.7/2.6 MB | 0.2/1.1 MB
2026.09.20 16:54:50 INFO  Progress (4): 2.1/6.3 MB | 0.9/12 MB | 0.7/2.6 MB | 0.2/1.1 MB
2026.09.20 16:54:50 INFO  Progress (4): 2.1/6.3 MB | 0.9/12 MB | 0.7/2.6 MB | 0.3/1.1 MB
2026.09.20 16:54:50 INFO  Progress (4): 2.1/6.3 MB | 0.9/12 MB | 0.7/2.6 MB | 0.3/1.1 MB
2026.09.20 16:54:50 INFO  Progress (4): 2.1/6.3 MB | 0.9/12 MB | 0.7/2.6 MB | 0.3/1.1 MB
2026.09.20 16:54:50 INFO  Progress (4): 2.1/6.3 MB | 0.9/12 MB | 0.7/2.6 MB | 0.3/1.1 MB
2026.09.20 16:54:50 INFO  Progress (4): 2.1/6.3 MB | 0.9/12 MB | 0.7/2.6 MB | 0.3/1.1 MB
2026.09.20 16:54:50 INFO  Progress (4): 2.1/6.3 MB | 0.9/12 MB | 0.7/2.6 MB | 0.3/1.1 MB
2026.09.20 16:54:50 INFO  Progress (4): 2.1/6.3 MB | 0.9/12 MB | 0.7/2.6 MB | 0.3/1.1 MB
2026.09.20 16:54:50 INFO  Progress (4): 2.1/6.3 MB | 0.9/12 MB | 0.8/2.6 MB | 0.3/1.1 MB
2026.09.20 16:54:50 INFO  Progress (5): 2.1/6.3 MB | 0.9/12 MB | 0.8/2.6 MB | 0.3/1.1 MB | 7.7/229 kB
2026.09.20 16:54:50 INFO  Progress (5): 2.1/6.3 MB | 0.9/12 MB | 0.8/2.6 MB | 0.3/1.1 MB | 16/229 kB 
2026.09.20 16:54:50 INFO  Progress (5): 2.1/6.3 MB | 0.9/12 MB | 0.8/2.6 MB | 0.3/1.1 MB | 16/229 kB
2026.09.20 16:54:50 INFO  Progress (5): 2.1/6.3 MB | 0.9/12 MB | 0.8/2.6 MB | 0.3/1.1 MB | 16/229 kB
2026.09.20 16:54:50 INFO  Progress (5): 2.1/6.3 MB | 1.0/12 MB | 0.8/2.6 MB | 0.3/1.1 MB | 16/229 kB
2026.09.20 16:54:50 INFO  Progress (5): 2.1/6.3 MB | 1.0/12 MB | 0.8/2.6 MB | 0.3/1.1 MB | 16/229 kB
2026.09.20 16:54:50 INFO  Progress (5): 2.1/6.3 MB | 1.0/12 MB | 0.8/2.6 MB | 0.3/1.1 MB | 16/229 kB
2026.09.20 16:54:50 INFO  Progress (5): 2.1/6.3 MB | 1.0/12 MB | 0.8/2.6 MB | 0.3/1.1 MB | 16/229 kB
2026.09.20 16:54:50 INFO  Progress (5): 2.1/6.3 MB | 1.0/12 MB | 0.8/2.6 MB | 0.3/1.1 MB | 16/229 kB
2026.09.20 16:54:50 INFO  Progress (5): 2.1/6.3 MB | 1.0/12 MB | 0.8/2.6 MB | 0.3/1.1 MB | 16/229 kB
2026.09.20 16:54:50 INFO  Progress (5): 2.2/6.3 MB | 1.0/12 MB | 0.8/2.6 MB | 0.3/1.1 MB | 16/229 kB
2026.09.20 16:54:50 INFO  Progress (5): 2.2/6.3 MB | 1.0/12 MB | 0.8/2.6 MB | 0.3/1.1 MB | 16/229 kB
2026.09.20 16:54:50 INFO  Progress (5): 2.2/6.3 MB | 1.0/12 MB | 0.8/2.6 MB | 0.3/1.1 MB | 16/229 kB
2026.09.20 16:54:50 INFO  Progress (5): 2.2/6.3 MB | 1.0/12 MB | 0.8/2.6 MB | 0.3/1.1 MB | 16/229 kB
2026.09.20 16:54:50 INFO  Progress (5): 2.2/6.3 MB | 1.0/12 MB | 0.8/2.6 MB | 0.3/1.1 MB | 16/229 kB
2026.09.20 16:54:50 INFO  Progress (5): 2.2/6.3 MB | 1.0/12 MB | 0.8/2.6 MB | 0.3/1.1 MB | 16/229 kB
2026.09.20 16:54:50 INFO  Progress (5): 2.2/6.3 MB | 1.0/12 MB | 0.8/2.6 MB | 0.3/1.1 MB | 16/229 kB
2026.09.20 16:54:50 INFO  Progress (5): 2.2/6.3 MB | 1.0/12 MB | 0.8/2.6 MB | 0.3/1.1 MB | 16/229 kB
2026.09.20 16:54:50 INFO  Progress (5): 2.2/6.3 MB | 1.0/12 MB | 0.8/2.6 MB | 0.3/1.1 MB | 16/229 kB
2026.09.20 16:54:50 INFO  Progress (5): 2.2/6.3 MB | 1.0/12 MB | 0.8/2.6 MB | 0.3/1.1 MB | 16/229 kB
2026.09.20 16:54:50 INFO  Progress (5): 2.2/6.3 MB | 1.0/12 MB | 0.8/2.6 MB | 0.3/1.1 MB | 16/229 kB
2026.09.20 16:54:50 INFO  Progress (5): 2.2/6.3 MB | 1.0/12 MB | 0.9/2.6 MB | 0.3/1.1 MB | 16/229 kB
2026.09.20 16:54:50 INFO  Progress (5): 2.2/6.3 MB | 1.0/12 MB | 0.9/2.6 MB | 0.3/1.1 MB | 16/229 kB
2026.09.20 16:54:50 INFO  Progress (5): 2.2/6.3 MB | 1.0/12 MB | 0.9/2.6 MB | 0.3/1.1 MB | 16/229 kB
2026.09.20 16:54:50 INFO  Progress (5): 2.2/6.3 MB | 1.0/12 MB | 0.9/2.6 MB | 0.3/1.1 MB | 16/229 kB
2026.09.20 16:54:50 INFO  Progress (5): 2.2/6.3 MB | 1.0/12 MB | 0.9/2.6 MB | 0.3/1.1 MB | 16/229 kB
2026.09.20 16:54:50 INFO  Progress (5): 2.2/6.3 MB | 1.0/12 MB | 0.9/2.6 MB | 0.3/1.1 MB | 16/229 kB
2026.09.20 16:54:50 INFO  Progress (5): 2.2/6.3 MB | 1.0/12 MB | 1.0/2.6 MB | 0.3/1.1 MB | 16/229 kB
2026.09.20 16:54:50 INFO  Progress (5): 2.2/6.3 MB | 1.0/12 MB | 1.0/2.6 MB | 0.3/1.1 MB | 16/229 kB
2026.09.20 16:54:50 INFO  Progress (5): 2.2/6.3 MB | 1.0/12 MB | 1.0/2.6 MB | 0.3/1.1 MB | 16/229 kB
2026.09.20 16:54:50 INFO  Progress (5): 2.2/6.3 MB | 1.0/12 MB | 1.0/2.6 MB | 0.3/1.1 MB | 16/229 kB
2026.09.20 16:54:50 INFO  Progress (5): 2.2/6.3 MB | 1.0/12 MB | 1.0/2.6 MB | 0.3/1.1 MB | 16/229 kB
2026.09.20 16:54:50 INFO  Progress (5): 2.2/6.3 MB | 1.0/12 MB | 1.0/2.6 MB | 0.3/1.1 MB | 16/229 kB
2026.09.20 16:54:50 INFO  Progress (5): 2.2/6.3 MB | 1.0/12 MB | 1.0/2.6 MB | 0.3/1.1 MB | 16/229 kB
2026.09.20 16:54:50 INFO  Progress (5): 2.2/6.3 MB | 1.0/12 MB | 1.1/2.6 MB | 0.3/1.1 MB | 16/229 kB
2026.09.20 16:54:50 INFO  Progress (5): 2.2/6.3 MB | 1.0/12 MB | 1.1/2.6 MB | 0.3/1.1 MB | 16/229 kB
2026.09.20 16:54:50 INFO  Progress (5): 2.2/6.3 MB | 1.0/12 MB | 1.1/2.6 MB | 0.3/1.1 MB | 16/229 kB
2026.09.20 16:54:50 INFO  Progress (5): 2.2/6.3 MB | 1.0/12 MB | 1.1/2.6 MB | 0.3/1.1 MB | 16/229 kB
2026.09.20 16:54:50 INFO  Progress (5): 2.2/6.3 MB | 1.0/12 MB | 1.1/2.6 MB | 0.3/1.1 MB | 16/229 kB
2026.09.20 16:54:50 INFO  Progress (5): 2.2/6.3 MB | 1.0/12 MB | 1.1/2.6 MB | 0.3/1.1 MB | 16/229 kB
2026.09.20 16:54:50 INFO  Progress (5): 2.2/6.3 MB | 1.0/12 MB | 1.2/2.6 MB | 0.3/1.1 MB | 16/229 kB
2026.09.20 16:54:50 INFO  Progress (5): 2.2/6.3 MB | 1.0/12 MB | 1.2/2.6 MB | 0.3/1.1 MB | 16/229 kB
2026.09.20 16:54:50 INFO  Progress (5): 2.2/6.3 MB | 1.0/12 MB | 1.2/2.6 MB | 0.3/1.1 MB | 16/229 kB
2026.09.20 16:54:50 INFO  Progress (5): 2.2/6.3 MB | 1.0/12 MB | 1.2/2.6 MB | 0.3/1.1 MB | 16/229 kB
2026.09.20 16:54:50 INFO  Progress (5): 2.2/6.3 MB | 1.0/12 MB | 1.2/2.6 MB | 0.3/1.1 MB | 16/229 kB
2026.09.20 16:54:50 INFO  Progress (5): 2.2/6.3 MB | 1.0/12 MB | 1.2/2.6 MB | 0.3/1.1 MB | 16/229 kB
2026.09.20 16:54:50 INFO  Progress (5): 2.2/6.3 MB | 1.0/12 MB | 1.3/2.6 MB | 0.3/1.1 MB | 16/229 kB
2026.09.20 16:54:50 INFO  Progress (5): 2.2/6.3 MB | 1.0/12 MB | 1.3/2.6 MB | 0.3/1.1 MB | 16/229 kB
2026.09.20 16:54:50 INFO  Progress (5): 2.2/6.3 MB | 1.0/12 MB | 1.3/2.6 MB | 0.3/1.1 MB | 25/229 kB
2026.09.20 16:54:50 INFO  Progress (5): 2.2/6.3 MB | 1.0/12 MB | 1.3/2.6 MB | 0.3/1.1 MB | 41/229 kB
2026.09.20 16:54:50 INFO  Progress (5): 2.2/6.3 MB | 1.0/12 MB | 1.3/2.6 MB | 0.3/1.1 MB | 57/229 kB
2026.09.20 16:54:50 INFO  Progress (5): 2.2/6.3 MB | 1.0/12 MB | 1.3/2.6 MB | 0.3/1.1 MB | 74/229 kB
2026.09.20 16:54:50 INFO  Progress (5): 2.2/6.3 MB | 1.0/12 MB | 1.3/2.6 MB | 0.3/1.1 MB | 90/229 kB
2026.09.20 16:54:50 INFO  Progress (5): 2.2/6.3 MB | 1.0/12 MB | 1.3/2.6 MB | 0.3/1.1 MB | 106/229 kB
2026.09.20 16:54:50 INFO  Progress (5): 2.2/6.3 MB | 1.0/12 MB | 1.3/2.6 MB | 0.3/1.1 MB | 123/229 kB
2026.09.20 16:54:50 INFO  Progress (5): 2.2/6.3 MB | 1.1/12 MB | 1.3/2.6 MB | 0.3/1.1 MB | 123/229 kB
2026.09.20 16:54:50 INFO  Progress (5): 2.2/6.3 MB | 1.1/12 MB | 1.3/2.6 MB | 0.3/1.1 MB | 123/229 kB
2026.09.20 16:54:50 INFO  Progress (5): 2.2/6.3 MB | 1.1/12 MB | 1.3/2.6 MB | 0.3/1.1 MB | 123/229 kB
2026.09.20 16:54:50 INFO  Progress (5): 2.2/6.3 MB | 1.1/12 MB | 1.3/2.6 MB | 0.3/1.1 MB | 123/229 kB
2026.09.20 16:54:50 INFO  Progress (5): 2.2/6.3 MB | 1.1/12 MB | 1.3/2.6 MB | 0.3/1.1 MB | 123/229 kB
2026.09.20 16:54:50 INFO  Progress (5): 2.2/6.3 MB | 1.1/12 MB | 1.3/2.6 MB | 0.3/1.1 MB | 123/229 kB
2026.09.20 16:54:50 INFO  Progress (5): 2.2/6.3 MB | 1.1/12 MB | 1.3/2.6 MB | 0.3/1.1 MB | 123/229 kB
2026.09.20 16:54:50 INFO  Progress (5): 2.3/6.3 MB | 1.1/12 MB | 1.3/2.6 MB | 0.3/1.1 MB | 123/229 kB
2026.09.20 16:54:50 INFO  Progress (5): 2.3/6.3 MB | 1.1/12 MB | 1.3/2.6 MB | 0.3/1.1 MB | 123/229 kB
2026.09.20 16:54:50 INFO  Progress (5): 2.3/6.3 MB | 1.1/12 MB | 1.3/2.6 MB | 0.3/1.1 MB | 123/229 kB
2026.09.20 16:54:50 INFO  Progress (5): 2.3/6.3 MB | 1.1/12 MB | 1.3/2.6 MB | 0.3/1.1 MB | 123/229 kB
2026.09.20 16:54:50 INFO  Progress (5): 2.3/6.3 MB | 1.1/12 MB | 1.3/2.6 MB | 0.3/1.1 MB | 123/229 kB
2026.09.20 16:54:50 INFO  Progress (5): 2.3/6.3 MB | 1.1/12 MB | 1.4/2.6 MB | 0.3/1.1 MB | 123/229 kB
2026.09.20 16:54:50 INFO  Progress (5): 2.3/6.3 MB | 1.1/12 MB | 1.4/2.6 MB | 0.3/1.1 MB | 123/229 kB
2026.09.20 16:54:50 INFO  Progress (5): 2.3/6.3 MB | 1.1/12 MB | 1.4/2.6 MB | 0.3/1.1 MB | 123/229 kB
2026.09.20 16:54:50 INFO  Progress (5): 2.3/6.3 MB | 1.1/12 MB | 1.4/2.6 MB | 0.3/1.1 MB | 123/229 kB
2026.09.20 16:54:50 INFO  Progress (5): 2.3/6.3 MB | 1.1/12 MB | 1.4/2.6 MB | 0.3/1.1 MB | 123/229 kB
2026.09.20 16:54:50 INFO  Progress (5): 2.3/6.3 MB | 1.1/12 MB | 1.4/2.6 MB | 0.3/1.1 MB | 123/229 kB
2026.09.20 16:54:50 INFO  Progress (5): 2.3/6.3 MB | 1.1/12 MB | 1.4/2.6 MB | 0.3/1.1 MB | 123/229 kB
2026.09.20 16:54:50 INFO  Progress (5): 2.3/6.3 MB | 1.1/12 MB | 1.4/2.6 MB | 0.3/1.1 MB | 123/229 kB
2026.09.20 16:54:50 INFO  Progress (5): 2.4/6.3 MB | 1.1/12 MB | 1.4/2.6 MB | 0.3/1.1 MB | 123/229 kB
2026.09.20 16:54:50 INFO  Progress (5): 2.4/6.3 MB | 1.1/12 MB | 1.4/2.6 MB | 0.3/1.1 MB | 123/229 kB
2026.09.20 16:54:50 INFO  Progress (5): 2.4/6.3 MB | 1.1/12 MB | 1.4/2.6 MB | 0.3/1.1 MB | 123/229 kB
2026.09.20 16:54:50 INFO  Progress (5): 2.4/6.3 MB | 1.1/12 MB | 1.4/2.6 MB | 0.3/1.1 MB | 123/229 kB
2026.09.20 16:54:50 INFO  Progress (5): 2.4/6.3 MB | 1.1/12 MB | 1.4/2.6 MB | 0.3/1.1 MB | 123/229 kB
2026.09.20 16:54:50 INFO  Progress (5): 2.4/6.3 MB | 1.1/12 MB | 1.4/2.6 MB | 0.3/1.1 MB | 123/229 kB
2026.09.20 16:54:50 INFO  Progress (5): 2.4/6.3 MB | 1.1/12 MB | 1.5/2.6 MB | 0.3/1.1 MB | 123/229 kB
2026.09.20 16:54:50 INFO  Progress (5): 2.4/6.3 MB | 1.1/12 MB | 1.5/2.6 MB | 0.3/1.1 MB | 123/229 kB
2026.09.20 16:54:50 INFO  Progress (5): 2.4/6.3 MB | 1.1/12 MB | 1.5/2.6 MB | 0.3/1.1 MB | 123/229 kB
2026.09.20 16:54:50 INFO  Progress (5): 2.4/6.3 MB | 1.1/12 MB | 1.5/2.6 MB | 0.3/1.1 MB | 123/229 kB
2026.09.20 16:54:50 INFO  Progress (5): 2.4/6.3 MB | 1.1/12 MB | 1.5/2.6 MB | 0.3/1.1 MB | 123/229 kB
2026.09.20 16:54:50 INFO  Progress (5): 2.4/6.3 MB | 1.1/12 MB | 1.5/2.6 MB | 0.3/1.1 MB | 123/229 kB
2026.09.20 16:54:50 INFO  Progress (5): 2.4/6.3 MB | 1.1/12 MB | 1.6/2.6 MB | 0.3/1.1 MB | 123/229 kB
2026.09.20 16:54:50 INFO  Progress (5): 2.4/6.3 MB | 1.1/12 MB | 1.6/2.6 MB | 0.3/1.1 MB | 123/229 kB
2026.09.20 16:54:50 INFO  Progress (5): 2.4/6.3 MB | 1.1/12 MB | 1.6/2.6 MB | 0.3/1.1 MB | 123/229 kB
2026.09.20 16:54:50 INFO  Progress (5): 2.4/6.3 MB | 1.1/12 MB | 1.6/2.6 MB | 0.3/1.1 MB | 123/229 kB
2026.09.20 16:54:50 INFO  Progress (5): 2.4/6.3 MB | 1.1/12 MB | 1.6/2.6 MB | 0.3/1.1 MB | 139/229 kB
2026.09.20 16:54:50 INFO  Progress (5): 2.4/6.3 MB | 1.1/12 MB | 1.6/2.6 MB | 0.3/1.1 MB | 156/229 kB
2026.09.20 16:54:50 INFO  Progress (5): 2.4/6.3 MB | 1.1/12 MB | 1.6/2.6 MB | 0.3/1.1 MB | 172/229 kB
2026.09.20 16:54:50 INFO  Progress (5): 2.4/6.3 MB | 1.1/12 MB | 1.6/2.6 MB | 0.3/1.1 MB | 188/229 kB
2026.09.20 16:54:50 INFO  Progress (5): 2.4/6.3 MB | 1.1/12 MB | 1.6/2.6 MB | 0.3/1.1 MB | 188/229 kB
2026.09.20 16:54:50 INFO  Progress (5): 2.4/6.3 MB | 1.1/12 MB | 1.6/2.6 MB | 0.3/1.1 MB | 188/229 kB
2026.09.20 16:54:50 INFO  Progress (5): 2.4/6.3 MB | 1.1/12 MB | 1.6/2.6 MB | 0.3/1.1 MB | 188/229 kB
2026.09.20 16:54:50 INFO  Progress (5): 2.4/6.3 MB | 1.1/12 MB | 1.6/2.6 MB | 0.3/1.1 MB | 188/229 kB
2026.09.20 16:54:50 INFO  Progress (5): 2.4/6.3 MB | 1.1/12 MB | 1.6/2.6 MB | 0.3/1.1 MB | 188/229 kB
2026.09.20 16:54:50 INFO  Progress (5): 2.4/6.3 MB | 1.1/12 MB | 1.6/2.6 MB | 0.3/1.1 MB | 188/229 kB
2026.09.20 16:54:50 INFO  Progress (5): 2.5/6.3 MB | 1.1/12 MB | 1.6/2.6 MB | 0.3/1.1 MB | 188/229 kB
2026.09.20 16:54:50 INFO  Progress (5): 2.5/6.3 MB | 1.1/12 MB | 1.6/2.6 MB | 0.3/1.1 MB | 188/229 kB
2026.09.20 16:54:50 INFO  Progress (5): 2.5/6.3 MB | 1.1/12 MB | 1.6/2.6 MB | 0.3/1.1 MB | 188/229 kB
2026.09.20 16:54:50 INFO  Progress (5): 2.5/6.3 MB | 1.1/12 MB | 1.6/2.6 MB | 0.3/1.1 MB | 188/229 kB
2026.09.20 16:54:50 INFO  Progress (5): 2.5/6.3 MB | 1.1/12 MB | 1.6/2.6 MB | 0.3/1.1 MB | 188/229 kB
2026.09.20 16:54:50 INFO  Progress (5): 2.5/6.3 MB | 1.1/12 MB | 1.6/2.6 MB | 0.3/1.1 MB | 188/229 kB
2026.09.20 16:54:50 INFO  Progress (5): 2.6/6.3 MB | 1.1/12 MB | 1.6/2.6 MB | 0.3/1.1 MB | 188/229 kB
2026.09.20 16:54:50 INFO  Progress (5): 2.6/6.3 MB | 1.1/12 MB | 1.6/2.6 MB | 0.3/1.1 MB | 188/229 kB
2026.09.20 16:54:50 INFO  Progress (5): 2.6/6.3 MB | 1.1/12 MB | 1.6/2.6 MB | 0.3/1.1 MB | 205/229 kB
2026.09.20 16:54:50 INFO  Progress (5): 2.6/6.3 MB | 1.1/12 MB | 1.6/2.6 MB | 0.3/1.1 MB | 221/229 kB
2026.09.20 16:54:50 INFO  Progress (5): 2.6/6.3 MB | 1.1/12 MB | 1.6/2.6 MB | 0.3/1.1 MB | 221/229 kB
2026.09.20 16:54:50 INFO  Progress (5): 2.6/6.3 MB | 1.1/12 MB | 1.6/2.6 MB | 0.3/1.1 MB | 229 kB    
2026.09.20 16:54:50 INFO  Progress (5): 2.6/6.3 MB | 1.1/12 MB | 1.7/2.6 MB | 0.3/1.1 MB | 229 kB
2026.09.20 16:54:50 INFO                                                                         
2026.09.20 16:54:50 INFO  Downloaded from central: https://repo.maven.apache.org/maven2/com/swoval/file-tree-views/2.1.9/file-tree-views-2.1.9.jar (229 kB at 49 kB/s)
2026.09.20 16:54:50 INFO  Downloading from central: https://repo.maven.apache.org/maven2/net/java/dev/jna/jna/5.12.0/jna-5.12.0.jar
2026.09.20 16:54:50 INFO  Progress (4): 2.6/6.3 MB | 1.1/12 MB | 1.7/2.6 MB | 0.3/1.1 MB
2026.09.20 16:54:50 INFO  Progress (4): 2.6/6.3 MB | 1.1/12 MB | 1.7/2.6 MB | 0.3/1.1 MB
2026.09.20 16:54:50 INFO  Progress (4): 2.6/6.3 MB | 1.1/12 MB | 1.7/2.6 MB | 0.3/1.1 MB
2026.09.20 16:54:50 INFO  Progress (4): 2.6/6.3 MB | 1.1/12 MB | 1.7/2.6 MB | 0.3/1.1 MB
2026.09.20 16:54:50 INFO  Progress (4): 2.6/6.3 MB | 1.1/12 MB | 1.7/2.6 MB | 0.3/1.1 MB
2026.09.20 16:54:50 INFO  Progress (4): 2.6/6.3 MB | 1.1/12 MB | 1.7/2.6 MB | 0.3/1.1 MB
2026.09.20 16:54:50 INFO  Progress (4): 2.6/6.3 MB | 1.2/12 MB | 1.7/2.6 MB | 0.3/1.1 MB
2026.09.20 16:54:50 INFO  Progress (4): 2.6/6.3 MB | 1.2/12 MB | 1.7/2.6 MB | 0.3/1.1 MB
2026.09.20 16:54:50 INFO  Progress (4): 2.6/6.3 MB | 1.2/12 MB | 1.7/2.6 MB | 0.3/1.1 MB
2026.09.20 16:54:50 INFO  Progress (4): 2.6/6.3 MB | 1.2/12 MB | 1.7/2.6 MB | 0.3/1.1 MB
2026.09.20 16:54:50 INFO  Progress (4): 2.6/6.3 MB | 1.2/12 MB | 1.7/2.6 MB | 0.3/1.1 MB
2026.09.20 16:54:50 INFO  Progress (4): 2.6/6.3 MB | 1.2/12 MB | 1.7/2.6 MB | 0.3/1.1 MB
2026.09.20 16:54:50 INFO  Progress (4): 2.6/6.3 MB | 1.3/12 MB | 1.7/2.6 MB | 0.3/1.1 MB
2026.09.20 16:54:50 INFO  Progress (4): 2.6/6.3 MB | 1.3/12 MB | 1.7/2.6 MB | 0.3/1.1 MB
2026.09.20 16:54:50 INFO  Progress (4): 2.6/6.3 MB | 1.3/12 MB | 1.7/2.6 MB | 0.3/1.1 MB
2026.09.20 16:54:50 INFO  Progress (4): 2.6/6.3 MB | 1.3/12 MB | 1.7/2.6 MB | 0.3/1.1 MB
2026.09.20 16:54:50 INFO  Progress (4): 2.6/6.3 MB | 1.3/12 MB | 1.7/2.6 MB | 0.3/1.1 MB
2026.09.20 16:54:50 INFO  Progress (4): 2.6/6.3 MB | 1.3/12 MB | 1.7/2.6 MB | 0.3/1.1 MB
2026.09.20 16:54:50 INFO  Progress (4): 2.6/6.3 MB | 1.3/12 MB | 1.7/2.6 MB | 0.4/1.1 MB
2026.09.20 16:54:50 INFO  Progress (4): 2.6/6.3 MB | 1.3/12 MB | 1.7/2.6 MB | 0.4/1.1 MB
2026.09.20 16:54:50 INFO  Progress (4): 2.6/6.3 MB | 1.3/12 MB | 1.7/2.6 MB | 0.4/1.1 MB
2026.09.20 16:54:50 INFO  Progress (4): 2.6/6.3 MB | 1.3/12 MB | 1.8/2.6 MB | 0.4/1.1 MB
2026.09.20 16:54:50 INFO  Progress (4): 2.6/6.3 MB | 1.3/12 MB | 1.8/2.6 MB | 0.4/1.1 MB
2026.09.20 16:54:50 INFO  Progress (4): 2.6/6.3 MB | 1.3/12 MB | 1.8/2.6 MB | 0.4/1.1 MB
2026.09.20 16:54:50 INFO  Progress (4): 2.6/6.3 MB | 1.3/12 MB | 1.8/2.6 MB | 0.4/1.1 MB
2026.09.20 16:54:50 INFO  Progress (4): 2.6/6.3 MB | 1.3/12 MB | 1.8/2.6 MB | 0.4/1.1 MB
2026.09.20 16:54:50 INFO  Progress (4): 2.6/6.3 MB | 1.3/12 MB | 1.8/2.6 MB | 0.4/1.1 MB
2026.09.20 16:54:50 INFO  Progress (4): 2.7/6.3 MB | 1.3/12 MB | 1.8/2.6 MB | 0.4/1.1 MB
2026.09.20 16:54:50 INFO  Progress (4): 2.7/6.3 MB | 1.3/12 MB | 1.8/2.6 MB | 0.4/1.1 MB
2026.09.20 16:54:50 INFO  Progress (4): 2.7/6.3 MB | 1.3/12 MB | 1.8/2.6 MB | 0.4/1.1 MB
2026.09.20 16:54:50 INFO  Progress (4): 2.7/6.3 MB | 1.3/12 MB | 1.8/2.6 MB | 0.4/1.1 MB
2026.09.20 16:54:50 INFO  Progress (4): 2.7/6.3 MB | 1.3/12 MB | 1.8/2.6 MB | 0.4/1.1 MB
2026.09.20 16:54:50 INFO  Progress (4): 2.7/6.3 MB | 1.3/12 MB | 1.8/2.6 MB | 0.4/1.1 MB
2026.09.20 16:54:50 INFO  Progress (4): 2.7/6.3 MB | 1.3/12 MB | 1.9/2.6 MB | 0.4/1.1 MB
2026.09.20 16:54:50 INFO  Progress (4): 2.7/6.3 MB | 1.3/12 MB | 1.9/2.6 MB | 0.4/1.1 MB
2026.09.20 16:54:50 INFO  Progress (4): 2.7/6.3 MB | 1.3/12 MB | 1.9/2.6 MB | 0.4/1.1 MB
2026.09.20 16:54:50 INFO  Progress (4): 2.7/6.3 MB | 1.3/12 MB | 1.9/2.6 MB | 0.4/1.1 MB
2026.09.20 16:54:50 INFO  Progress (4): 2.7/6.3 MB | 1.3/12 MB | 1.9/2.6 MB | 0.4/1.1 MB
2026.09.20 16:54:50 INFO  Progress (4): 2.7/6.3 MB | 1.3/12 MB | 1.9/2.6 MB | 0.4/1.1 MB
2026.09.20 16:54:50 INFO  Progress (4): 2.7/6.3 MB | 1.3/12 MB | 1.9/2.6 MB | 0.5/1.1 MB
2026.09.20 16:54:50 INFO  Progress (4): 2.7/6.3 MB | 1.3/12 MB | 1.9/2.6 MB | 0.5/1.1 MB
2026.09.20 16:54:50 INFO  Progress (4): 2.7/6.3 MB | 1.3/12 MB | 1.9/2.6 MB | 0.5/1.1 MB
2026.09.20 16:54:50 INFO  Progress (4): 2.7/6.3 MB | 1.3/12 MB | 1.9/2.6 MB | 0.5/1.1 MB
2026.09.20 16:54:50 INFO  Progress (4): 2.7/6.3 MB | 1.3/12 MB | 1.9/2.6 MB | 0.5/1.1 MB
2026.09.20 16:54:50 INFO  Progress (4): 2.7/6.3 MB | 1.3/12 MB | 1.9/2.6 MB | 0.5/1.1 MB
2026.09.20 16:54:51 INFO  Progress (4): 2.7/6.3 MB | 1.3/12 MB | 1.9/2.6 MB | 0.5/1.1 MB
2026.09.20 16:54:51 INFO  Progress (4): 2.7/6.3 MB | 1.3/12 MB | 1.9/2.6 MB | 0.5/1.1 MB
2026.09.20 16:54:51 INFO  Progress (4): 2.7/6.3 MB | 1.3/12 MB | 1.9/2.6 MB | 0.5/1.1 MB
2026.09.20 16:54:51 INFO  Progress (4): 2.8/6.3 MB | 1.3/12 MB | 1.9/2.6 MB | 0.5/1.1 MB
2026.09.20 16:54:51 INFO  Progress (4): 2.8/6.3 MB | 1.3/12 MB | 1.9/2.6 MB | 0.5/1.1 MB
2026.09.20 16:54:51 INFO  Progress (5): 2.8/6.3 MB | 1.3/12 MB | 1.9/2.6 MB | 0.5/1.1 MB | 0/1.9 MB
2026.09.20 16:54:51 INFO  Progress (5): 2.8/6.3 MB | 1.3/12 MB | 1.9/2.6 MB | 0.5/1.1 MB | 0/1.9 MB
2026.09.20 16:54:51 INFO  Progress (5): 2.8/6.3 MB | 1.3/12 MB | 1.9/2.6 MB | 0.5/1.1 MB | 0/1.9 MB
2026.09.20 16:54:51 INFO  Progress (5): 2.8/6.3 MB | 1.3/12 MB | 1.9/2.6 MB | 0.5/1.1 MB | 0/1.9 MB
2026.09.20 16:54:51 INFO  Progress (5): 2.8/6.3 MB | 1.3/12 MB | 1.9/2.6 MB | 0.5/1.1 MB | 0/1.9 MB
2026.09.20 16:54:51 INFO  Progress (5): 2.8/6.3 MB | 1.3/12 MB | 1.9/2.6 MB | 0.5/1.1 MB | 0/1.9 MB
2026.09.20 16:54:51 INFO  Progress (5): 2.8/6.3 MB | 1.3/12 MB | 2.0/2.6 MB | 0.5/1.1 MB | 0/1.9 MB
2026.09.20 16:54:51 INFO  Progress (5): 2.8/6.3 MB | 1.3/12 MB | 2.0/2.6 MB | 0.5/1.1 MB | 0/1.9 MB
2026.09.20 16:54:51 INFO  Progress (5): 2.8/6.3 MB | 1.3/12 MB | 2.0/2.6 MB | 0.5/1.1 MB | 0/1.9 MB
2026.09.20 16:54:51 INFO  Progress (5): 2.8/6.3 MB | 1.4/12 MB | 2.0/2.6 MB | 0.5/1.1 MB | 0/1.9 MB
2026.09.20 16:54:51 INFO  Progress (5): 2.8/6.3 MB | 1.4/12 MB | 2.0/2.6 MB | 0.5/1.1 MB | 0/1.9 MB
2026.09.20 16:54:51 INFO  Progress (5): 2.8/6.3 MB | 1.4/12 MB | 2.0/2.6 MB | 0.5/1.1 MB | 0/1.9 MB
2026.09.20 16:54:51 INFO  Progress (5): 2.8/6.3 MB | 1.4/12 MB | 2.0/2.6 MB | 0.5/1.1 MB | 0/1.9 MB
2026.09.20 16:54:51 INFO  Progress (5): 2.8/6.3 MB | 1.4/12 MB | 2.0/2.6 MB | 0.5/1.1 MB | 0/1.9 MB
2026.09.20 16:54:51 INFO  Progress (5): 2.8/6.3 MB | 1.4/12 MB | 2.0/2.6 MB | 0.5/1.1 MB | 0/1.9 MB
2026.09.20 16:54:51 INFO  Progress (5): 2.8/6.3 MB | 1.4/12 MB | 2.0/2.6 MB | 0.5/1.1 MB | 0/1.9 MB
2026.09.20 16:54:51 INFO  Progress (5): 2.8/6.3 MB | 1.4/12 MB | 2.0/2.6 MB | 0.5/1.1 MB | 0/1.9 MB
2026.09.20 16:54:51 INFO  Progress (5): 2.8/6.3 MB | 1.4/12 MB | 2.0/2.6 MB | 0.5/1.1 MB | 0.1/1.9 MB
2026.09.20 16:54:51 INFO  Progress (5): 2.8/6.3 MB | 1.4/12 MB | 2.0/2.6 MB | 0.5/1.1 MB | 0.1/1.9 MB
2026.09.20 16:54:51 INFO  Progress (5): 2.8/6.3 MB | 1.4/12 MB | 2.0/2.6 MB | 0.5/1.1 MB | 0.1/1.9 MB
2026.09.20 16:54:51 INFO  Progress (5): 2.9/6.3 MB | 1.4/12 MB | 2.0/2.6 MB | 0.5/1.1 MB | 0.1/1.9 MB
2026.09.20 16:54:51 INFO  Progress (5): 2.9/6.3 MB | 1.4/12 MB | 2.0/2.6 MB | 0.5/1.1 MB | 0.1/1.9 MB
2026.09.20 16:54:51 INFO  Progress (5): 2.9/6.3 MB | 1.4/12 MB | 2.0/2.6 MB | 0.5/1.1 MB | 0.1/1.9 MB
2026.09.20 16:54:51 INFO  Progress (5): 2.9/6.3 MB | 1.4/12 MB | 2.0/2.6 MB | 0.5/1.1 MB | 0.1/1.9 MB
2026.09.20 16:54:51 INFO  Progress (5): 2.9/6.3 MB | 1.4/12 MB | 2.0/2.6 MB | 0.5/1.1 MB | 0.1/1.9 MB
2026.09.20 16:54:51 INFO  Progress (5): 2.9/6.3 MB | 1.4/12 MB | 2.0/2.6 MB | 0.5/1.1 MB | 0.1/1.9 MB
2026.09.20 16:54:51 INFO  Progress (5): 2.9/6.3 MB | 1.4/12 MB | 2.0/2.6 MB | 0.5/1.1 MB | 0.1/1.9 MB
2026.09.20 16:54:51 INFO  Progress (5): 2.9/6.3 MB | 1.4/12 MB | 2.1/2.6 MB | 0.5/1.1 MB | 0.1/1.9 MB
2026.09.20 16:54:51 INFO  Progress (5): 2.9/6.3 MB | 1.4/12 MB | 2.1/2.6 MB | 0.5/1.1 MB | 0.1/1.9 MB
2026.09.20 16:54:51 INFO  Progress (5): 2.9/6.3 MB | 1.4/12 MB | 2.1/2.6 MB | 0.5/1.1 MB | 0.1/1.9 MB
2026.09.20 16:54:51 INFO  Progress (5): 2.9/6.3 MB | 1.4/12 MB | 2.1/2.6 MB | 0.5/1.1 MB | 0.1/1.9 MB
2026.09.20 16:54:51 INFO  Progress (5): 2.9/6.3 MB | 1.4/12 MB | 2.1/2.6 MB | 0.5/1.1 MB | 0.1/1.9 MB
2026.09.20 16:54:51 INFO  Progress (5): 2.9/6.3 MB | 1.4/12 MB | 2.1/2.6 MB | 0.5/1.1 MB | 0.1/1.9 MB
2026.09.20 16:54:51 INFO  Progress (5): 2.9/6.3 MB | 1.4/12 MB | 2.1/2.6 MB | 0.5/1.1 MB | 0.1/1.9 MB
2026.09.20 16:54:51 INFO  Progress (5): 2.9/6.3 MB | 1.4/12 MB | 2.1/2.6 MB | 0.5/1.1 MB | 0.1/1.9 MB
2026.09.20 16:54:51 INFO  Progress (5): 2.9/6.3 MB | 1.4/12 MB | 2.1/2.6 MB | 0.5/1.1 MB | 0.1/1.9 MB
2026.09.20 16:54:51 INFO  Progress (5): 2.9/6.3 MB | 1.4/12 MB | 2.1/2.6 MB | 0.5/1.1 MB | 0.1/1.9 MB
2026.09.20 16:54:51 INFO  Progress (5): 2.9/6.3 MB | 1.4/12 MB | 2.1/2.6 MB | 0.5/1.1 MB | 0.1/1.9 MB
2026.09.20 16:54:51 INFO  Progress (5): 2.9/6.3 MB | 1.4/12 MB | 2.1/2.6 MB | 0.5/1.1 MB | 0.1/1.9 MB
2026.09.20 16:54:51 INFO  Progress (5): 2.9/6.3 MB | 1.4/12 MB | 2.1/2.6 MB | 0.5/1.1 MB | 0.1/1.9 MB
2026.09.20 16:54:51 INFO  Progress (5): 2.9/6.3 MB | 1.4/12 MB | 2.1/2.6 MB | 0.5/1.1 MB | 0.1/1.9 MB
2026.09.20 16:54:51 INFO  Progress (5): 2.9/6.3 MB | 1.4/12 MB | 2.1/2.6 MB | 0.5/1.1 MB | 0.1/1.9 MB
2026.09.20 16:54:51 INFO  Progress (5): 2.9/6.3 MB | 1.4/12 MB | 2.1/2.6 MB | 0.5/1.1 MB | 0.1/1.9 MB
2026.09.20 16:54:51 INFO  Progress (5): 3.0/6.3 MB | 1.4/12 MB | 2.1/2.6 MB | 0.5/1.1 MB | 0.1/1.9 MB
2026.09.20 16:54:51 INFO  Progress (5): 3.0/6.3 MB | 1.4/12 MB | 2.1/2.6 MB | 0.5/1.1 MB | 0.1/1.9 MB
2026.09.20 16:54:51 INFO  Progress (5): 3.0/6.3 MB | 1.4/12 MB | 2.1/2.6 MB | 0.5/1.1 MB | 0.1/1.9 MB
2026.09.20 16:54:51 INFO  Progress (5): 3.0/6.3 MB | 1.4/12 MB | 2.1/2.6 MB | 0.5/1.1 MB | 0.1/1.9 MB
2026.09.20 16:54:51 INFO  Progress (5): 3.0/6.3 MB | 1.4/12 MB | 2.1/2.6 MB | 0.5/1.1 MB | 0.1/1.9 MB
2026.09.20 16:54:51 INFO  Progress (5): 3.0/6.3 MB | 1.4/12 MB | 2.1/2.6 MB | 0.5/1.1 MB | 0.1/1.9 MB
2026.09.20 16:54:51 INFO  Progress (5): 3.0/6.3 MB | 1.4/12 MB | 2.1/2.6 MB | 0.5/1.1 MB | 0.1/1.9 MB
2026.09.20 16:54:51 INFO  Progress (5): 3.0/6.3 MB | 1.4/12 MB | 2.2/2.6 MB | 0.5/1.1 MB | 0.1/1.9 MB
2026.09.20 16:54:51 INFO  Progress (5): 3.0/6.3 MB | 1.4/12 MB | 2.2/2.6 MB | 0.5/1.1 MB | 0.1/1.9 MB
2026.09.20 16:54:51 INFO  Progress (5): 3.0/6.3 MB | 1.4/12 MB | 2.2/2.6 MB | 0.5/1.1 MB | 0.1/1.9 MB
2026.09.20 16:54:51 INFO  Progress (5): 3.0/6.3 MB | 1.4/12 MB | 2.2/2.6 MB | 0.5/1.1 MB | 0.2/1.9 MB
2026.09.20 16:54:51 INFO  Progress (5): 3.0/6.3 MB | 1.4/12 MB | 2.2/2.6 MB | 0.5/1.1 MB | 0.2/1.9 MB
2026.09.20 16:54:51 INFO  Progress (5): 3.0/6.3 MB | 1.4/12 MB | 2.2/2.6 MB | 0.5/1.1 MB | 0.2/1.9 MB
2026.09.20 16:54:51 INFO  Progress (5): 3.0/6.3 MB | 1.4/12 MB | 2.2/2.6 MB | 0.5/1.1 MB | 0.2/1.9 MB
2026.09.20 16:54:51 INFO  Progress (5): 3.0/6.3 MB | 1.5/12 MB | 2.2/2.6 MB | 0.5/1.1 MB | 0.2/1.9 MB
2026.09.20 16:54:51 INFO  Progress (5): 3.0/6.3 MB | 1.5/12 MB | 2.2/2.6 MB | 0.5/1.1 MB | 0.2/1.9 MB
2026.09.20 16:54:51 INFO  Progress (5): 3.0/6.3 MB | 1.5/12 MB | 2.2/2.6 MB | 0.6/1.1 MB | 0.2/1.9 MB
2026.09.20 16:54:51 INFO  Progress (5): 3.0/6.3 MB | 1.5/12 MB | 2.2/2.6 MB | 0.6/1.1 MB | 0.2/1.9 MB
2026.09.20 16:54:51 INFO  Progress (5): 3.0/6.3 MB | 1.5/12 MB | 2.2/2.6 MB | 0.6/1.1 MB | 0.2/1.9 MB
2026.09.20 16:54:51 INFO  Progress (5): 3.1/6.3 MB | 1.5/12 MB | 2.2/2.6 MB | 0.6/1.1 MB | 0.2/1.9 MB
2026.09.20 16:54:51 INFO  Progress (5): 3.1/6.3 MB | 1.5/12 MB | 2.2/2.6 MB | 0.6/1.1 MB | 0.2/1.9 MB
2026.09.20 16:54:51 INFO  Progress (5): 3.1/6.3 MB | 1.5/12 MB | 2.2/2.6 MB | 0.6/1.1 MB | 0.2/1.9 MB
2026.09.20 16:54:51 INFO  Progress (5): 3.1/6.3 MB | 1.5/12 MB | 2.2/2.6 MB | 0.6/1.1 MB | 0.2/1.9 MB
2026.09.20 16:54:51 INFO  Progress (5): 3.1/6.3 MB | 1.5/12 MB | 2.2/2.6 MB | 0.6/1.1 MB | 0.2/1.9 MB
2026.09.20 16:54:51 INFO  Progress (5): 3.1/6.3 MB | 1.5/12 MB | 2.2/2.6 MB | 0.6/1.1 MB | 0.2/1.9 MB
2026.09.20 16:54:51 INFO  Progress (5): 3.1/6.3 MB | 1.5/12 MB | 2.3/2.6 MB | 0.6/1.1 MB | 0.2/1.9 MB
2026.09.20 16:54:51 INFO  Progress (5): 3.1/6.3 MB | 1.5/12 MB | 2.3/2.6 MB | 0.6/1.1 MB | 0.2/1.9 MB
2026.09.20 16:54:51 INFO  Progress (5): 3.1/6.3 MB | 1.5/12 MB | 2.3/2.6 MB | 0.6/1.1 MB | 0.2/1.9 MB
2026.09.20 16:54:51 INFO  Progress (5): 3.1/6.3 MB | 1.5/12 MB | 2.3/2.6 MB | 0.6/1.1 MB | 0.2/1.9 MB
2026.09.20 16:54:51 INFO  Progress (5): 3.1/6.3 MB | 1.5/12 MB | 2.3/2.6 MB | 0.6/1.1 MB | 0.2/1.9 MB
2026.09.20 16:54:51 INFO  Progress (5): 3.1/6.3 MB | 1.5/12 MB | 2.3/2.6 MB | 0.6/1.1 MB | 0.2/1.9 MB
2026.09.20 16:54:51 INFO  Progress (5): 3.1/6.3 MB | 1.5/12 MB | 2.3/2.6 MB | 0.6/1.1 MB | 0.2/1.9 MB
2026.09.20 16:54:51 INFO  Progress (5): 3.1/6.3 MB | 1.5/12 MB | 2.3/2.6 MB | 0.6/1.1 MB | 0.2/1.9 MB
2026.09.20 16:54:51 INFO  Progress (5): 3.1/6.3 MB | 1.5/12 MB | 2.3/2.6 MB | 0.6/1.1 MB | 0.2/1.9 MB
2026.09.20 16:54:51 INFO  Progress (5): 3.1/6.3 MB | 1.5/12 MB | 2.3/2.6 MB | 0.6/1.1 MB | 0.2/1.9 MB
2026.09.20 16:54:51 INFO  Progress (5): 3.1/6.3 MB | 1.5/12 MB | 2.3/2.6 MB | 0.6/1.1 MB | 0.2/1.9 MB
2026.09.20 16:54:51 INFO  Progress (5): 3.1/6.3 MB | 1.5/12 MB | 2.3/2.6 MB | 0.6/1.1 MB | 0.2/1.9 MB
2026.09.20 16:54:51 INFO  Progress (5): 3.1/6.3 MB | 1.5/12 MB | 2.3/2.6 MB | 0.6/1.1 MB | 0.2/1.9 MB
2026.09.20 16:54:51 INFO  Progress (5): 3.1/6.3 MB | 1.5/12 MB | 2.3/2.6 MB | 0.6/1.1 MB | 0.2/1.9 MB
2026.09.20 16:54:51 INFO  Progress (5): 3.1/6.3 MB | 1.5/12 MB | 2.3/2.6 MB | 0.6/1.1 MB | 0.2/1.9 MB
2026.09.20 16:54:51 INFO  Progress (5): 3.1/6.3 MB | 1.5/12 MB | 2.3/2.6 MB | 0.6/1.1 MB | 0.3/1.9 MB
2026.09.20 16:54:51 INFO  Progress (5): 3.1/6.3 MB | 1.5/12 MB | 2.3/2.6 MB | 0.6/1.1 MB | 0.3/1.9 MB
2026.09.20 16:54:51 INFO  Progress (5): 3.1/6.3 MB | 1.5/12 MB | 2.4/2.6 MB | 0.6/1.1 MB | 0.3/1.9 MB
2026.09.20 16:54:51 INFO  Progress (5): 3.1/6.3 MB | 1.5/12 MB | 2.4/2.6 MB | 0.6/1.1 MB | 0.3/1.9 MB
2026.09.20 16:54:51 INFO  Progress (5): 3.1/6.3 MB | 1.5/12 MB | 2.4/2.6 MB | 0.6/1.1 MB | 0.3/1.9 MB
2026.09.20 16:54:51 INFO  Progress (5): 3.1/6.3 MB | 1.5/12 MB | 2.4/2.6 MB | 0.6/1.1 MB | 0.3/1.9 MB
2026.09.20 16:54:51 INFO  Progress (5): 3.2/6.3 MB | 1.5/12 MB | 2.4/2.6 MB | 0.6/1.1 MB | 0.3/1.9 MB
2026.09.20 16:54:51 INFO  Progress (5): 3.2/6.3 MB | 1.5/12 MB | 2.4/2.6 MB | 0.6/1.1 MB | 0.3/1.9 MB
2026.09.20 16:54:51 INFO  Progress (5): 3.2/6.3 MB | 1.5/12 MB | 2.4/2.6 MB | 0.6/1.1 MB | 0.3/1.9 MB
2026.09.20 16:54:51 INFO  Progress (5): 3.2/6.3 MB | 1.5/12 MB | 2.4/2.6 MB | 0.6/1.1 MB | 0.3/1.9 MB
2026.09.20 16:54:51 INFO  Progress (5): 3.2/6.3 MB | 1.5/12 MB | 2.4/2.6 MB | 0.6/1.1 MB | 0.3/1.9 MB
2026.09.20 16:54:51 INFO  Progress (5): 3.2/6.3 MB | 1.5/12 MB | 2.4/2.6 MB | 0.6/1.1 MB | 0.3/1.9 MB
2026.09.20 16:54:51 INFO  Progress (5): 3.2/6.3 MB | 1.5/12 MB | 2.4/2.6 MB | 0.6/1.1 MB | 0.3/1.9 MB
2026.09.20 16:54:51 INFO  Progress (5): 3.2/6.3 MB | 1.5/12 MB | 2.4/2.6 MB | 0.6/1.1 MB | 0.3/1.9 MB
2026.09.20 16:54:51 INFO  Progress (5): 3.2/6.3 MB | 1.6/12 MB | 2.4/2.6 MB | 0.6/1.1 MB | 0.3/1.9 MB
2026.09.20 16:54:51 INFO  Progress (5): 3.2/6.3 MB | 1.6/12 MB | 2.4/2.6 MB | 0.6/1.1 MB | 0.3/1.9 MB
2026.09.20 16:54:51 INFO  Progress (5): 3.2/6.3 MB | 1.6/12 MB | 2.4/2.6 MB | 0.6/1.1 MB | 0.3/1.9 MB
2026.09.20 16:54:51 INFO  Progress (5): 3.2/6.3 MB | 1.6/12 MB | 2.4/2.6 MB | 0.6/1.1 MB | 0.3/1.9 MB
2026.09.20 16:54:51 INFO  Progress (5): 3.2/6.3 MB | 1.6/12 MB | 2.4/2.6 MB | 0.6/1.1 MB | 0.3/1.9 MB
2026.09.20 16:54:51 INFO  Progress (5): 3.2/6.3 MB | 1.6/12 MB | 2.4/2.6 MB | 0.6/1.1 MB | 0.3/1.9 MB
2026.09.20 16:54:51 INFO  Progress (5): 3.2/6.3 MB | 1.6/12 MB | 2.4/2.6 MB | 0.6/1.1 MB | 0.3/1.9 MB
2026.09.20 16:54:51 INFO  Progress (5): 3.2/6.3 MB | 1.6/12 MB | 2.4/2.6 MB | 0.6/1.1 MB | 0.3/1.9 MB
2026.09.20 16:54:51 INFO  Progress (5): 3.2/6.3 MB | 1.6/12 MB | 2.4/2.6 MB | 0.6/1.1 MB | 0.3/1.9 MB
2026.09.20 16:54:51 INFO  Progress (5): 3.2/6.3 MB | 1.6/12 MB | 2.5/2.6 MB | 0.6/1.1 MB | 0.3/1.9 MB
2026.09.20 16:54:51 INFO  Progress (5): 3.3/6.3 MB | 1.6/12 MB | 2.5/2.6 MB | 0.6/1.1 MB | 0.3/1.9 MB
2026.09.20 16:54:51 INFO  Progress (5): 3.3/6.3 MB | 1.6/12 MB | 2.5/2.6 MB | 0.6/1.1 MB | 0.3/1.9 MB
2026.09.20 16:54:51 INFO  Progress (5): 3.3/6.3 MB | 1.6/12 MB | 2.5/2.6 MB | 0.6/1.1 MB | 0.3/1.9 MB
2026.09.20 16:54:51 INFO  Progress (5): 3.3/6.3 MB | 1.6/12 MB | 2.5/2.6 MB | 0.6/1.1 MB | 0.3/1.9 MB
2026.09.20 16:54:51 INFO  Progress (5): 3.3/6.3 MB | 1.6/12 MB | 2.5/2.6 MB | 0.6/1.1 MB | 0.3/1.9 MB
2026.09.20 16:54:51 INFO  Progress (5): 3.3/6.3 MB | 1.6/12 MB | 2.5/2.6 MB | 0.6/1.1 MB | 0.3/1.9 MB
2026.09.20 16:54:51 INFO  Progress (5): 3.3/6.3 MB | 1.6/12 MB | 2.5/2.6 MB | 0.6/1.1 MB | 0.3/1.9 MB
2026.09.20 16:54:51 INFO  Progress (5): 3.3/6.3 MB | 1.6/12 MB | 2.5/2.6 MB | 0.6/1.1 MB | 0.3/1.9 MB
2026.09.20 16:54:51 INFO  Progress (5): 3.3/6.3 MB | 1.6/12 MB | 2.5/2.6 MB | 0.6/1.1 MB | 0.3/1.9 MB
2026.09.20 16:54:51 INFO  Progress (5): 3.3/6.3 MB | 1.6/12 MB | 2.5/2.6 MB | 0.6/1.1 MB | 0.3/1.9 MB
2026.09.20 16:54:51 INFO  Progress (5): 3.3/6.3 MB | 1.6/12 MB | 2.5/2.6 MB | 0.6/1.1 MB | 0.3/1.9 MB
2026.09.20 16:54:51 INFO  Progress (5): 3.3/6.3 MB | 1.6/12 MB | 2.5/2.6 MB | 0.6/1.1 MB | 0.4/1.9 MB
2026.09.20 16:54:51 INFO  Progress (5): 3.3/6.3 MB | 1.6/12 MB | 2.5/2.6 MB | 0.6/1.1 MB | 0.4/1.9 MB
2026.09.20 16:54:51 INFO  Progress (5): 3.3/6.3 MB | 1.6/12 MB | 2.5/2.6 MB | 0.6/1.1 MB | 0.4/1.9 MB
2026.09.20 16:54:51 INFO  Progress (5): 3.3/6.3 MB | 1.6/12 MB | 2.5/2.6 MB | 0.7/1.1 MB | 0.4/1.9 MB
2026.09.20 16:54:51 INFO  Progress (5): 3.3/6.3 MB | 1.6/12 MB | 2.5/2.6 MB | 0.7/1.1 MB | 0.4/1.9 MB
2026.09.20 16:54:51 INFO  Progress (5): 3.3/6.3 MB | 1.6/12 MB | 2.5/2.6 MB | 0.7/1.1 MB | 0.4/1.9 MB
2026.09.20 16:54:51 INFO  Progress (5): 3.3/6.3 MB | 1.6/12 MB | 2.5/2.6 MB | 0.7/1.1 MB | 0.4/1.9 MB
2026.09.20 16:54:51 INFO  Progress (5): 3.3/6.3 MB | 1.6/12 MB | 2.6/2.6 MB | 0.7/1.1 MB | 0.4/1.9 MB
2026.09.20 16:54:51 INFO  Progress (5): 3.3/6.3 MB | 1.6/12 MB | 2.6/2.6 MB | 0.7/1.1 MB | 0.4/1.9 MB
2026.09.20 16:54:51 INFO  Progress (5): 3.3/6.3 MB | 1.6/12 MB | 2.6/2.6 MB | 0.7/1.1 MB | 0.4/1.9 MB
2026.09.20 16:54:51 INFO  Progress (5): 3.3/6.3 MB | 1.6/12 MB | 2.6/2.6 MB | 0.7/1.1 MB | 0.4/1.9 MB
2026.09.20 16:54:51 INFO  Progress (5): 3.3/6.3 MB | 1.6/12 MB | 2.6/2.6 MB | 0.7/1.1 MB | 0.4/1.9 MB
2026.09.20 16:54:51 INFO  Progress (5): 3.3/6.3 MB | 1.6/12 MB | 2.6/2.6 MB | 0.7/1.1 MB | 0.4/1.9 MB
2026.09.20 16:54:51 INFO  Progress (5): 3.3/6.3 MB | 1.6/12 MB | 2.6/2.6 MB | 0.7/1.1 MB | 0.4/1.9 MB
2026.09.20 16:54:51 INFO  Progress (5): 3.3/6.3 MB | 1.6/12 MB | 2.6/2.6 MB | 0.7/1.1 MB | 0.4/1.9 MB
2026.09.20 16:54:51 INFO  Progress (5): 3.3/6.3 MB | 1.6/12 MB | 2.6/2.6 MB | 0.7/1.1 MB | 0.4/1.9 MB
2026.09.20 16:54:51 INFO  Progress (5): 3.4/6.3 MB | 1.6/12 MB | 2.6/2.6 MB | 0.7/1.1 MB | 0.4/1.9 MB
2026.09.20 16:54:51 INFO  Progress (5): 3.4/6.3 MB | 1.6/12 MB | 2.6/2.6 MB | 0.7/1.1 MB | 0.4/1.9 MB
2026.09.20 16:54:51 INFO  Progress (5): 3.4/6.3 MB | 1.6/12 MB | 2.6 MB | 0.7/1.1 MB | 0.4/1.9 MB    
2026.09.20 16:54:51 INFO  Progress (5): 3.4/6.3 MB | 1.6/12 MB | 2.6 MB | 0.7/1.1 MB | 0.4/1.9 MB
2026.09.20 16:54:51 INFO  Progress (5): 3.4/6.3 MB | 1.6/12 MB | 2.6 MB | 0.7/1.1 MB | 0.4/1.9 MB
2026.09.20 16:54:51 INFO  Progress (5): 3.4/6.3 MB | 1.6/12 MB | 2.6 MB | 0.7/1.1 MB | 0.4/1.9 MB
2026.09.20 16:54:51 INFO  Progress (5): 3.4/6.3 MB | 1.6/12 MB | 2.6 MB | 0.7/1.1 MB | 0.4/1.9 MB
2026.09.20 16:54:51 INFO  Progress (5): 3.4/6.3 MB | 1.6/12 MB | 2.6 MB | 0.7/1.1 MB | 0.4/1.9 MB
2026.09.20 16:54:51 INFO                                                                         
2026.09.20 16:54:51 INFO  Downloaded from central: https://repo.maven.apache.org/maven2/org/scala-sbt/zinc-persist-core-assembly/1.8.0/zinc-persist-core-assembly-1.8.0.jar (2.6 MB at 471 kB/s)
2026.09.20 16:54:51 INFO  Downloading from central: https://repo.maven.apache.org/maven2/net/java/dev/jna/jna-platform/5.12.0/jna-platform-5.12.0.jar
2026.09.20 16:54:51 INFO  Progress (4): 3.4/6.3 MB | 1.6/12 MB | 0.7/1.1 MB | 0.4/1.9 MB
2026.09.20 16:54:51 INFO  Progress (4): 3.4/6.3 MB | 1.6/12 MB | 0.7/1.1 MB | 0.4/1.9 MB
2026.09.20 16:54:51 INFO  Progress (4): 3.4/6.3 MB | 1.7/12 MB | 0.7/1.1 MB | 0.4/1.9 MB
2026.09.20 16:54:51 INFO  Progress (4): 3.4/6.3 MB | 1.7/12 MB | 0.7/1.1 MB | 0.4/1.9 MB
2026.09.20 16:54:51 INFO  Progress (4): 3.4/6.3 MB | 1.7/12 MB | 0.7/1.1 MB | 0.5/1.9 MB
2026.09.20 16:54:51 INFO  Progress (4): 3.4/6.3 MB | 1.7/12 MB | 0.7/1.1 MB | 0.5/1.9 MB
2026.09.20 16:54:51 INFO  Progress (4): 3.4/6.3 MB | 1.7/12 MB | 0.7/1.1 MB | 0.5/1.9 MB
2026.09.20 16:54:51 INFO  Progress (4): 3.4/6.3 MB | 1.7/12 MB | 0.7/1.1 MB | 0.5/1.9 MB
2026.09.20 16:54:51 INFO  Progress (4): 3.4/6.3 MB | 1.7/12 MB | 0.7/1.1 MB | 0.5/1.9 MB
2026.09.20 16:54:51 INFO  Progress (4): 3.4/6.3 MB | 1.7/12 MB | 0.7/1.1 MB | 0.5/1.9 MB
2026.09.20 16:54:51 INFO  Progress (4): 3.5/6.3 MB | 1.7/12 MB | 0.7/1.1 MB | 0.5/1.9 MB
2026.09.20 16:54:51 INFO  Progress (4): 3.5/6.3 MB | 1.7/12 MB | 0.7/1.1 MB | 0.5/1.9 MB
2026.09.20 16:54:51 INFO  Progress (4): 3.5/6.3 MB | 1.7/12 MB | 0.7/1.1 MB | 0.5/1.9 MB
2026.09.20 16:54:51 INFO  Progress (4): 3.5/6.3 MB | 1.7/12 MB | 0.7/1.1 MB | 0.5/1.9 MB
2026.09.20 16:54:51 INFO  Progress (4): 3.5/6.3 MB | 1.7/12 MB | 0.7/1.1 MB | 0.5/1.9 MB
2026.09.20 16:54:51 INFO  Progress (4): 3.5/6.3 MB | 1.7/12 MB | 0.7/1.1 MB | 0.5/1.9 MB
2026.09.20 16:54:51 INFO  Progress (4): 3.5/6.3 MB | 1.7/12 MB | 0.7/1.1 MB | 0.5/1.9 MB
2026.09.20 16:54:51 INFO  Progress (4): 3.5/6.3 MB | 1.7/12 MB | 0.7/1.1 MB | 0.5/1.9 MB
2026.09.20 16:54:51 INFO  Progress (4): 3.5/6.3 MB | 1.7/12 MB | 0.7/1.1 MB | 0.5/1.9 MB
2026.09.20 16:54:51 INFO  Progress (4): 3.5/6.3 MB | 1.7/12 MB | 0.7/1.1 MB | 0.5/1.9 MB
2026.09.20 16:54:51 INFO  Progress (4): 3.5/6.3 MB | 1.7/12 MB | 0.7/1.1 MB | 0.5/1.9 MB
2026.09.20 16:54:51 INFO  Progress (4): 3.5/6.3 MB | 1.7/12 MB | 0.7/1.1 MB | 0.5/1.9 MB
2026.09.20 16:54:51 INFO  Progress (4): 3.5/6.3 MB | 1.7/12 MB | 0.7/1.1 MB | 0.5/1.9 MB
2026.09.20 16:54:51 INFO  Progress (4): 3.5/6.3 MB | 1.7/12 MB | 0.7/1.1 MB | 0.5/1.9 MB
2026.09.20 16:54:51 INFO  Progress (4): 3.5/6.3 MB | 1.7/12 MB | 0.7/1.1 MB | 0.5/1.9 MB
2026.09.20 16:54:51 INFO  Progress (4): 3.5/6.3 MB | 1.7/12 MB | 0.7/1.1 MB | 0.5/1.9 MB
2026.09.20 16:54:51 INFO  Progress (4): 3.5/6.3 MB | 1.7/12 MB | 0.7/1.1 MB | 0.6/1.9 MB
2026.09.20 16:54:51 INFO  Progress (4): 3.6/6.3 MB | 1.7/12 MB | 0.7/1.1 MB | 0.6/1.9 MB
2026.09.20 16:54:52 INFO  Progress (4): 3.6/6.3 MB | 1.7/12 MB | 0.8/1.1 MB | 0.6/1.9 MB
2026.09.20 16:54:52 INFO  Progress (4): 3.6/6.3 MB | 1.7/12 MB | 0.8/1.1 MB | 0.6/1.9 MB
2026.09.20 16:54:52 INFO  Progress (4): 3.6/6.3 MB | 1.8/12 MB | 0.8/1.1 MB | 0.6/1.9 MB
2026.09.20 16:54:52 INFO  Progress (5): 3.6/6.3 MB | 1.8/12 MB | 0.8/1.1 MB | 0.6/1.9 MB | 0/1.4 MB
2026.09.20 16:54:52 INFO  Progress (5): 3.6/6.3 MB | 1.8/12 MB | 0.8/1.1 MB | 0.6/1.9 MB | 0/1.4 MB
2026.09.20 16:54:52 INFO  Progress (5): 3.6/6.3 MB | 1.8/12 MB | 0.8/1.1 MB | 0.6/1.9 MB | 0/1.4 MB
2026.09.20 16:54:52 INFO  Progress (5): 3.6/6.3 MB | 1.8/12 MB | 0.8/1.1 MB | 0.6/1.9 MB | 0/1.4 MB
2026.09.20 16:54:52 INFO  Progress (5): 3.6/6.3 MB | 1.8/12 MB | 0.8/1.1 MB | 0.6/1.9 MB | 0/1.4 MB
2026.09.20 16:54:52 INFO  Progress (5): 3.6/6.3 MB | 1.8/12 MB | 0.8/1.1 MB | 0.6/1.9 MB | 0/1.4 MB
2026.09.20 16:54:52 INFO  Progress (5): 3.6/6.3 MB | 1.8/12 MB | 0.8/1.1 MB | 0.6/1.9 MB | 0/1.4 MB
2026.09.20 16:54:52 INFO  Progress (5): 3.6/6.3 MB | 1.8/12 MB | 0.8/1.1 MB | 0.6/1.9 MB | 0/1.4 MB
2026.09.20 16:54:52 INFO  Progress (5): 3.6/6.3 MB | 1.8/12 MB | 0.8/1.1 MB | 0.6/1.9 MB | 0/1.4 MB
2026.09.20 16:54:52 INFO  Progress (5): 3.6/6.3 MB | 1.8/12 MB | 0.8/1.1 MB | 0.6/1.9 MB | 0/1.4 MB
2026.09.20 16:54:52 INFO  Progress (5): 3.6/6.3 MB | 1.8/12 MB | 0.8/1.1 MB | 0.6/1.9 MB | 0/1.4 MB
2026.09.20 16:54:52 INFO  Progress (5): 3.6/6.3 MB | 1.8/12 MB | 0.8/1.1 MB | 0.6/1.9 MB | 0.1/1.4 MB
2026.09.20 16:54:52 INFO  Progress (5): 3.6/6.3 MB | 1.8/12 MB | 0.8/1.1 MB | 0.6/1.9 MB | 0.1/1.4 MB
2026.09.20 16:54:52 INFO  Progress (5): 3.6/6.3 MB | 1.8/12 MB | 0.8/1.1 MB | 0.6/1.9 MB | 0.1/1.4 MB
2026.09.20 16:54:52 INFO  Progress (5): 3.6/6.3 MB | 1.8/12 MB | 0.8/1.1 MB | 0.6/1.9 MB | 0.1/1.4 MB
2026.09.20 16:54:52 INFO  Progress (5): 3.6/6.3 MB | 1.8/12 MB | 0.8/1.1 MB | 0.6/1.9 MB | 0.1/1.4 MB
2026.09.20 16:54:52 INFO  Progress (5): 3.6/6.3 MB | 1.8/12 MB | 0.8/1.1 MB | 0.6/1.9 MB | 0.1/1.4 MB
2026.09.20 16:54:52 INFO  Progress (5): 3.6/6.3 MB | 1.8/12 MB | 0.8/1.1 MB | 0.6/1.9 MB | 0.1/1.4 MB
2026.09.20 16:54:52 INFO  Progress (5): 3.6/6.3 MB | 1.8/12 MB | 0.8/1.1 MB | 0.6/1.9 MB | 0.1/1.4 MB
2026.09.20 16:54:52 INFO  Progress (5): 3.6/6.3 MB | 1.8/12 MB | 0.8/1.1 MB | 0.6/1.9 MB | 0.1/1.4 MB
2026.09.20 16:54:52 INFO  Progress (5): 3.6/6.3 MB | 1.8/12 MB | 0.8/1.1 MB | 0.6/1.9 MB | 0.1/1.4 MB
2026.09.20 16:54:52 INFO  Progress (5): 3.6/6.3 MB | 1.8/12 MB | 0.8/1.1 MB | 0.6/1.9 MB | 0.1/1.4 MB
2026.09.20 16:54:52 INFO  Progress (5): 3.6/6.3 MB | 1.8/12 MB | 0.8/1.1 MB | 0.6/1.9 MB | 0.1/1.4 MB
2026.09.20 16:54:52 INFO  Progress (5): 3.6/6.3 MB | 1.8/12 MB | 0.8/1.1 MB | 0.7/1.9 MB | 0.1/1.4 MB
2026.09.20 16:54:52 INFO  Progress (5): 3.6/6.3 MB | 1.8/12 MB | 0.8/1.1 MB | 0.7/1.9 MB | 0.1/1.4 MB
2026.09.20 16:54:52 INFO  Progress (5): 3.7/6.3 MB | 1.8/12 MB | 0.8/1.1 MB | 0.7/1.9 MB | 0.1/1.4 MB
2026.09.20 16:54:52 INFO  Progress (5): 3.7/6.3 MB | 1.8/12 MB | 0.8/1.1 MB | 0.7/1.9 MB | 0.1/1.4 MB
2026.09.20 16:54:52 INFO  Progress (5): 3.7/6.3 MB | 1.8/12 MB | 0.8/1.1 MB | 0.7/1.9 MB | 0.1/1.4 MB
2026.09.20 16:54:52 INFO  Progress (5): 3.7/6.3 MB | 1.8/12 MB | 0.8/1.1 MB | 0.7/1.9 MB | 0.1/1.4 MB
2026.09.20 16:54:52 INFO  Progress (5): 3.7/6.3 MB | 1.8/12 MB | 0.8/1.1 MB | 0.7/1.9 MB | 0.2/1.4 MB
2026.09.20 16:54:52 INFO  Progress (5): 3.7/6.3 MB | 1.8/12 MB | 0.8/1.1 MB | 0.7/1.9 MB | 0.2/1.4 MB
2026.09.20 16:54:52 INFO  Progress (5): 3.7/6.3 MB | 1.8/12 MB | 0.8/1.1 MB | 0.7/1.9 MB | 0.2/1.4 MB
2026.09.20 16:54:52 INFO  Progress (5): 3.7/6.3 MB | 1.8/12 MB | 0.8/1.1 MB | 0.7/1.9 MB | 0.2/1.4 MB
2026.09.20 16:54:52 INFO  Progress (5): 3.7/6.3 MB | 1.8/12 MB | 0.8/1.1 MB | 0.7/1.9 MB | 0.2/1.4 MB
2026.09.20 16:54:52 INFO  Progress (5): 3.7/6.3 MB | 1.8/12 MB | 0.8/1.1 MB | 0.7/1.9 MB | 0.2/1.4 MB
2026.09.20 16:54:52 INFO  Progress (5): 3.7/6.3 MB | 1.8/12 MB | 0.8/1.1 MB | 0.7/1.9 MB | 0.2/1.4 MB
2026.09.20 16:54:52 INFO  Progress (5): 3.7/6.3 MB | 1.8/12 MB | 0.8/1.1 MB | 0.7/1.9 MB | 0.2/1.4 MB
2026.09.20 16:54:52 INFO  Progress (5): 3.7/6.3 MB | 1.8/12 MB | 0.8/1.1 MB | 0.7/1.9 MB | 0.2/1.4 MB
2026.09.20 16:54:52 INFO  Progress (5): 3.7/6.3 MB | 1.8/12 MB | 0.8/1.1 MB | 0.7/1.9 MB | 0.2/1.4 MB
2026.09.20 16:54:52 INFO  Progress (5): 3.7/6.3 MB | 1.8/12 MB | 0.8/1.1 MB | 0.7/1.9 MB | 0.2/1.4 MB
2026.09.20 16:54:52 INFO  Progress (5): 3.7/6.3 MB | 1.8/12 MB | 0.8/1.1 MB | 0.7/1.9 MB | 0.2/1.4 MB
2026.09.20 16:54:52 INFO  Progress (5): 3.7/6.3 MB | 1.8/12 MB | 0.8/1.1 MB | 0.7/1.9 MB | 0.2/1.4 MB
2026.09.20 16:54:52 INFO  Progress (5): 3.7/6.3 MB | 1.9/12 MB | 0.8/1.1 MB | 0.7/1.9 MB | 0.2/1.4 MB
2026.09.20 16:54:52 INFO  Progress (5): 3.7/6.3 MB | 1.9/12 MB | 0.8/1.1 MB | 0.7/1.9 MB | 0.2/1.4 MB
2026.09.20 16:54:52 INFO  Progress (5): 3.7/6.3 MB | 1.9/12 MB | 0.8/1.1 MB | 0.7/1.9 MB | 0.2/1.4 MB
2026.09.20 16:54:52 INFO  Progress (5): 3.7/6.3 MB | 1.9/12 MB | 0.9/1.1 MB | 0.7/1.9 MB | 0.2/1.4 MB
2026.09.20 16:54:52 INFO  Progress (5): 3.7/6.3 MB | 1.9/12 MB | 0.9/1.1 MB | 0.7/1.9 MB | 0.2/1.4 MB
2026.09.20 16:54:52 INFO  Progress (5): 3.7/6.3 MB | 1.9/12 MB | 0.9/1.1 MB | 0.7/1.9 MB | 0.2/1.4 MB
2026.09.20 16:54:52 INFO  Progress (5): 3.8/6.3 MB | 1.9/12 MB | 0.9/1.1 MB | 0.7/1.9 MB | 0.2/1.4 MB
2026.09.20 16:54:52 INFO  Progress (5): 3.8/6.3 MB | 1.9/12 MB | 0.9/1.1 MB | 0.7/1.9 MB | 0.2/1.4 MB
2026.09.20 16:54:52 INFO  Progress (5): 3.8/6.3 MB | 1.9/12 MB | 0.9/1.1 MB | 0.7/1.9 MB | 0.3/1.4 MB
2026.09.20 16:54:52 INFO  Progress (5): 3.8/6.3 MB | 1.9/12 MB | 0.9/1.1 MB | 0.7/1.9 MB | 0.3/1.4 MB
2026.09.20 16:54:52 INFO  Progress (5): 3.8/6.3 MB | 1.9/12 MB | 0.9/1.1 MB | 0.7/1.9 MB | 0.3/1.4 MB
2026.09.20 16:54:52 INFO  Progress (5): 3.8/6.3 MB | 1.9/12 MB | 0.9/1.1 MB | 0.7/1.9 MB | 0.3/1.4 MB
2026.09.20 16:54:52 INFO  Progress (5): 3.8/6.3 MB | 1.9/12 MB | 0.9/1.1 MB | 0.7/1.9 MB | 0.3/1.4 MB
2026.09.20 16:54:52 INFO  Progress (5): 3.8/6.3 MB | 1.9/12 MB | 0.9/1.1 MB | 0.7/1.9 MB | 0.3/1.4 MB
2026.09.20 16:54:52 INFO  Progress (5): 3.8/6.3 MB | 1.9/12 MB | 0.9/1.1 MB | 0.7/1.9 MB | 0.3/1.4 MB
2026.09.20 16:54:52 INFO  Progress (5): 3.8/6.3 MB | 1.9/12 MB | 0.9/1.1 MB | 0.7/1.9 MB | 0.3/1.4 MB
2026.09.20 16:54:52 INFO  Progress (5): 3.8/6.3 MB | 1.9/12 MB | 0.9/1.1 MB | 0.7/1.9 MB | 0.3/1.4 MB
2026.09.20 16:54:52 INFO  Progress (5): 3.8/6.3 MB | 1.9/12 MB | 0.9/1.1 MB | 0.7/1.9 MB | 0.4/1.4 MB
2026.09.20 16:54:52 INFO  Progress (5): 3.8/6.3 MB | 1.9/12 MB | 0.9/1.1 MB | 0.7/1.9 MB | 0.4/1.4 MB
2026.09.20 16:54:52 INFO  Progress (5): 3.8/6.3 MB | 1.9/12 MB | 0.9/1.1 MB | 0.8/1.9 MB | 0.4/1.4 MB
2026.09.20 16:54:52 INFO  Progress (5): 3.8/6.3 MB | 1.9/12 MB | 0.9/1.1 MB | 0.8/1.9 MB | 0.4/1.4 MB
2026.09.20 16:54:52 INFO  Progress (5): 3.8/6.3 MB | 1.9/12 MB | 0.9/1.1 MB | 0.8/1.9 MB | 0.4/1.4 MB
2026.09.20 16:54:52 INFO  Progress (5): 3.8/6.3 MB | 1.9/12 MB | 0.9/1.1 MB | 0.8/1.9 MB | 0.4/1.4 MB
2026.09.20 16:54:52 INFO  Progress (5): 3.8/6.3 MB | 1.9/12 MB | 0.9/1.1 MB | 0.8/1.9 MB | 0.4/1.4 MB
2026.09.20 16:54:52 INFO  Progress (5): 3.8/6.3 MB | 1.9/12 MB | 0.9/1.1 MB | 0.8/1.9 MB | 0.4/1.4 MB
2026.09.20 16:54:52 INFO  Progress (5): 3.8/6.3 MB | 1.9/12 MB | 0.9/1.1 MB | 0.8/1.9 MB | 0.4/1.4 MB
2026.09.20 16:54:52 INFO  Progress (5): 3.8/6.3 MB | 1.9/12 MB | 0.9/1.1 MB | 0.8/1.9 MB | 0.4/1.4 MB
2026.09.20 16:54:52 INFO  Progress (5): 3.8/6.3 MB | 1.9/12 MB | 0.9/1.1 MB | 0.8/1.9 MB | 0.4/1.4 MB
2026.09.20 16:54:52 INFO  Progress (5): 3.8/6.3 MB | 1.9/12 MB | 0.9/1.1 MB | 0.8/1.9 MB | 0.4/1.4 MB
2026.09.20 16:54:52 INFO  Progress (5): 3.8/6.3 MB | 1.9/12 MB | 0.9/1.1 MB | 0.8/1.9 MB | 0.4/1.4 MB
2026.09.20 16:54:52 INFO  Progress (5): 3.8/6.3 MB | 1.9/12 MB | 0.9/1.1 MB | 0.8/1.9 MB | 0.5/1.4 MB
2026.09.20 16:54:52 INFO  Progress (5): 3.8/6.3 MB | 1.9/12 MB | 0.9/1.1 MB | 0.8/1.9 MB | 0.5/1.4 MB
2026.09.20 16:54:52 INFO  Progress (5): 3.8/6.3 MB | 1.9/12 MB | 0.9/1.1 MB | 0.8/1.9 MB | 0.5/1.4 MB
2026.09.20 16:54:52 INFO  Progress (5): 3.8/6.3 MB | 1.9/12 MB | 0.9/1.1 MB | 0.8/1.9 MB | 0.5/1.4 MB
2026.09.20 16:54:52 INFO  Progress (5): 3.8/6.3 MB | 1.9/12 MB | 0.9/1.1 MB | 0.8/1.9 MB | 0.5/1.4 MB
2026.09.20 16:54:52 INFO  Progress (5): 3.8/6.3 MB | 1.9/12 MB | 0.9/1.1 MB | 0.8/1.9 MB | 0.5/1.4 MB
2026.09.20 16:54:52 INFO  Progress (5): 3.8/6.3 MB | 1.9/12 MB | 0.9/1.1 MB | 0.8/1.9 MB | 0.5/1.4 MB
2026.09.20 16:54:52 INFO  Progress (5): 3.8/6.3 MB | 2.0/12 MB | 0.9/1.1 MB | 0.8/1.9 MB | 0.5/1.4 MB
2026.09.20 16:54:52 INFO  Progress (5): 3.8/6.3 MB | 2.0/12 MB | 0.9/1.1 MB | 0.8/1.9 MB | 0.5/1.4 MB
2026.09.20 16:54:52 INFO  Progress (5): 3.8/6.3 MB | 2.0/12 MB | 0.9/1.1 MB | 0.8/1.9 MB | 0.5/1.4 MB
2026.09.20 16:54:52 INFO  Progress (5): 3.8/6.3 MB | 2.0/12 MB | 0.9/1.1 MB | 0.8/1.9 MB | 0.5/1.4 MB
2026.09.20 16:54:52 INFO  Progress (5): 3.8/6.3 MB | 2.0/12 MB | 0.9/1.1 MB | 0.8/1.9 MB | 0.5/1.4 MB
2026.09.20 16:54:52 INFO  Progress (5): 3.8/6.3 MB | 2.0/12 MB | 0.9/1.1 MB | 0.8/1.9 MB | 0.5/1.4 MB
2026.09.20 16:54:52 INFO  Progress (5): 3.8/6.3 MB | 2.0/12 MB | 0.9/1.1 MB | 0.8/1.9 MB | 0.5/1.4 MB
2026.09.20 16:54:52 INFO  Progress (5): 3.8/6.3 MB | 2.0/12 MB | 0.9/1.1 MB | 0.8/1.9 MB | 0.5/1.4 MB
2026.09.20 16:54:52 INFO  Progress (5): 3.8/6.3 MB | 2.0/12 MB | 0.9/1.1 MB | 0.8/1.9 MB | 0.5/1.4 MB
2026.09.20 16:54:52 INFO  Progress (5): 3.8/6.3 MB | 2.0/12 MB | 0.9/1.1 MB | 0.8/1.9 MB | 0.5/1.4 MB
2026.09.20 16:54:52 INFO  Progress (5): 3.9/6.3 MB | 2.0/12 MB | 0.9/1.1 MB | 0.8/1.9 MB | 0.5/1.4 MB
2026.09.20 16:54:52 INFO  Progress (5): 3.9/6.3 MB | 2.0/12 MB | 0.9/1.1 MB | 0.8/1.9 MB | 0.5/1.4 MB
2026.09.20 16:54:52 INFO  Progress (5): 3.9/6.3 MB | 2.0/12 MB | 0.9/1.1 MB | 0.8/1.9 MB | 0.5/1.4 MB
2026.09.20 16:54:52 INFO  Progress (5): 3.9/6.3 MB | 2.0/12 MB | 0.9/1.1 MB | 0.8/1.9 MB | 0.5/1.4 MB
2026.09.20 16:54:52 INFO  Progress (5): 3.9/6.3 MB | 2.0/12 MB | 0.9/1.1 MB | 0.8/1.9 MB | 0.5/1.4 MB
2026.09.20 16:54:52 INFO  Progress (5): 3.9/6.3 MB | 2.0/12 MB | 0.9/1.1 MB | 0.8/1.9 MB | 0.6/1.4 MB
2026.09.20 16:54:52 INFO  Progress (5): 3.9/6.3 MB | 2.0/12 MB | 0.9/1.1 MB | 0.8/1.9 MB | 0.6/1.4 MB
2026.09.20 16:54:52 INFO  Progress (5): 3.9/6.3 MB | 2.0/12 MB | 0.9/1.1 MB | 0.9/1.9 MB | 0.6/1.4 MB
2026.09.20 16:54:52 INFO  Progress (5): 3.9/6.3 MB | 2.0/12 MB | 0.9/1.1 MB | 0.9/1.9 MB | 0.6/1.4 MB
2026.09.20 16:54:52 INFO  Progress (5): 3.9/6.3 MB | 2.0/12 MB | 0.9/1.1 MB | 0.9/1.9 MB | 0.6/1.4 MB
2026.09.20 16:54:52 INFO  Progress (5): 3.9/6.3 MB | 2.0/12 MB | 0.9/1.1 MB | 0.9/1.9 MB | 0.6/1.4 MB
2026.09.20 16:54:52 INFO  Progress (5): 3.9/6.3 MB | 2.0/12 MB | 0.9/1.1 MB | 0.9/1.9 MB | 0.6/1.4 MB
2026.09.20 16:54:52 INFO  Progress (5): 3.9/6.3 MB | 2.0/12 MB | 1.0/1.1 MB | 0.9/1.9 MB | 0.6/1.4 MB
2026.09.20 16:54:52 INFO  Progress (5): 3.9/6.3 MB | 2.0/12 MB | 1.0/1.1 MB | 0.9/1.9 MB | 0.6/1.4 MB
2026.09.20 16:54:52 INFO  Progress (5): 3.9/6.3 MB | 2.0/12 MB | 1.0/1.1 MB | 0.9/1.9 MB | 0.6/1.4 MB
2026.09.20 16:54:52 INFO  Progress (5): 3.9/6.3 MB | 2.0/12 MB | 1.0/1.1 MB | 0.9/1.9 MB | 0.6/1.4 MB
2026.09.20 16:54:52 INFO  Progress (5): 3.9/6.3 MB | 2.0/12 MB | 1.0/1.1 MB | 0.9/1.9 MB | 0.6/1.4 MB
2026.09.20 16:54:52 INFO  Progress (5): 3.9/6.3 MB | 2.0/12 MB | 1.0/1.1 MB | 0.9/1.9 MB | 0.6/1.4 MB
2026.09.20 16:54:52 INFO  Progress (5): 3.9/6.3 MB | 2.0/12 MB | 1.0/1.1 MB | 0.9/1.9 MB | 0.6/1.4 MB
2026.09.20 16:54:52 INFO  Progress (5): 3.9/6.3 MB | 2.0/12 MB | 1.0/1.1 MB | 0.9/1.9 MB | 0.6/1.4 MB
2026.09.20 16:54:52 INFO  Progress (5): 3.9/6.3 MB | 2.0/12 MB | 1.0/1.1 MB | 0.9/1.9 MB | 0.6/1.4 MB
2026.09.20 16:54:52 INFO  Progress (5): 3.9/6.3 MB | 2.0/12 MB | 1.0/1.1 MB | 0.9/1.9 MB | 0.6/1.4 MB
2026.09.20 16:54:52 INFO  Progress (5): 3.9/6.3 MB | 2.0/12 MB | 1.0/1.1 MB | 0.9/1.9 MB | 0.6/1.4 MB
2026.09.20 16:54:52 INFO  Progress (5): 3.9/6.3 MB | 2.0/12 MB | 1.0/1.1 MB | 0.9/1.9 MB | 0.7/1.4 MB
2026.09.20 16:54:52 INFO  Progress (5): 3.9/6.3 MB | 2.0/12 MB | 1.0/1.1 MB | 0.9/1.9 MB | 0.7/1.4 MB
2026.09.20 16:54:52 INFO  Progress (5): 4.0/6.3 MB | 2.0/12 MB | 1.0/1.1 MB | 0.9/1.9 MB | 0.7/1.4 MB
2026.09.20 16:54:52 INFO  Progress (5): 4.0/6.3 MB | 2.0/12 MB | 1.0/1.1 MB | 0.9/1.9 MB | 0.7/1.4 MB
2026.09.20 16:54:52 INFO  Progress (5): 4.0/6.3 MB | 2.0/12 MB | 1.0/1.1 MB | 0.9/1.9 MB | 0.7/1.4 MB
2026.09.20 16:54:52 INFO  Progress (5): 4.0/6.3 MB | 2.0/12 MB | 1.0/1.1 MB | 0.9/1.9 MB | 0.7/1.4 MB
2026.09.20 16:54:52 INFO  Progress (5): 4.0/6.3 MB | 2.0/12 MB | 1.0/1.1 MB | 0.9/1.9 MB | 0.7/1.4 MB
2026.09.20 16:54:52 INFO  Progress (5): 4.0/6.3 MB | 2.0/12 MB | 1.0/1.1 MB | 0.9/1.9 MB | 0.7/1.4 MB
2026.09.20 16:54:52 INFO  Progress (5): 4.0/6.3 MB | 2.0/12 MB | 1.0/1.1 MB | 0.9/1.9 MB | 0.7/1.4 MB
2026.09.20 16:54:52 INFO  Progress (5): 4.0/6.3 MB | 2.0/12 MB | 1.0/1.1 MB | 0.9/1.9 MB | 0.7/1.4 MB
2026.09.20 16:54:52 INFO  Progress (5): 4.0/6.3 MB | 2.0/12 MB | 1.0/1.1 MB | 0.9/1.9 MB | 0.7/1.4 MB
2026.09.20 16:54:52 INFO  Progress (5): 4.0/6.3 MB | 2.0/12 MB | 1.0/1.1 MB | 0.9/1.9 MB | 0.7/1.4 MB
2026.09.20 16:54:52 INFO  Progress (5): 4.0/6.3 MB | 2.0/12 MB | 1.0/1.1 MB | 0.9/1.9 MB | 0.7/1.4 MB
2026.09.20 16:54:52 INFO  Progress (5): 4.0/6.3 MB | 2.0/12 MB | 1.0/1.1 MB | 0.9/1.9 MB | 0.7/1.4 MB
2026.09.20 16:54:52 INFO  Progress (5): 4.0/6.3 MB | 2.0/12 MB | 1.0/1.1 MB | 0.9/1.9 MB | 0.7/1.4 MB
2026.09.20 16:54:52 INFO  Progress (5): 4.0/6.3 MB | 2.0/12 MB | 1.0/1.1 MB | 0.9/1.9 MB | 0.7/1.4 MB
2026.09.20 16:54:52 INFO  Progress (5): 4.0/6.3 MB | 2.0/12 MB | 1.0/1.1 MB | 0.9/1.9 MB | 0.7/1.4 MB
2026.09.20 16:54:52 INFO  Progress (5): 4.0/6.3 MB | 2.0/12 MB | 1.0/1.1 MB | 0.9/1.9 MB | 0.7/1.4 MB
2026.09.20 16:54:52 INFO  Progress (5): 4.0/6.3 MB | 2.1/12 MB | 1.0/1.1 MB | 0.9/1.9 MB | 0.7/1.4 MB
2026.09.20 16:54:52 INFO  Progress (5): 4.0/6.3 MB | 2.1/12 MB | 1.0/1.1 MB | 1.0/1.9 MB | 0.7/1.4 MB
2026.09.20 16:54:52 INFO  Progress (5): 4.0/6.3 MB | 2.1/12 MB | 1.0/1.1 MB | 1.0/1.9 MB | 0.7/1.4 MB
2026.09.20 16:54:52 INFO  Progress (5): 4.0/6.3 MB | 2.1/12 MB | 1.0/1.1 MB | 1.0/1.9 MB | 0.8/1.4 MB
2026.09.20 16:54:52 INFO  Progress (5): 4.1/6.3 MB | 2.1/12 MB | 1.0/1.1 MB | 1.0/1.9 MB | 0.8/1.4 MB
2026.09.20 16:54:52 INFO  Progress (5): 4.1/6.3 MB | 2.1/12 MB | 1.0/1.1 MB | 1.0/1.9 MB | 0.8/1.4 MB
2026.09.20 16:54:52 INFO  Progress (5): 4.1/6.3 MB | 2.1/12 MB | 1.0/1.1 MB | 1.0/1.9 MB | 0.8/1.4 MB
2026.09.20 16:54:52 INFO  Progress (5): 4.1/6.3 MB | 2.1/12 MB | 1.0/1.1 MB | 1.0/1.9 MB | 0.8/1.4 MB
2026.09.20 16:54:52 INFO  Progress (5): 4.1/6.3 MB | 2.1/12 MB | 1.0/1.1 MB | 1.0/1.9 MB | 0.8/1.4 MB
2026.09.20 16:54:52 INFO  Progress (5): 4.1/6.3 MB | 2.1/12 MB | 1.0/1.1 MB | 1.0/1.9 MB | 0.8/1.4 MB
2026.09.20 16:54:52 INFO  Progress (5): 4.1/6.3 MB | 2.1/12 MB | 1.0/1.1 MB | 1.0/1.9 MB | 0.8/1.4 MB
2026.09.20 16:54:52 INFO  Progress (5): 4.1/6.3 MB | 2.1/12 MB | 1.0/1.1 MB | 1.0/1.9 MB | 0.8/1.4 MB
2026.09.20 16:54:52 INFO  Progress (5): 4.1/6.3 MB | 2.1/12 MB | 1.0/1.1 MB | 1.0/1.9 MB | 0.8/1.4 MB
2026.09.20 16:54:52 INFO  Progress (5): 4.1/6.3 MB | 2.1/12 MB | 1.0/1.1 MB | 1.0/1.9 MB | 0.8/1.4 MB
2026.09.20 16:54:52 INFO  Progress (5): 4.1/6.3 MB | 2.1/12 MB | 1.0/1.1 MB | 1.0/1.9 MB | 0.8/1.4 MB
2026.09.20 16:54:52 INFO  Progress (5): 4.1/6.3 MB | 2.1/12 MB | 1.0/1.1 MB | 1.0/1.9 MB | 0.8/1.4 MB
2026.09.20 16:54:52 INFO  Progress (5): 4.1/6.3 MB | 2.1/12 MB | 1.0/1.1 MB | 1.0/1.9 MB | 0.8/1.4 MB
2026.09.20 16:54:52 INFO  Progress (5): 4.1/6.3 MB | 2.1/12 MB | 1.0/1.1 MB | 1.0/1.9 MB | 0.8/1.4 MB
2026.09.20 16:54:52 INFO  Progress (5): 4.1/6.3 MB | 2.1/12 MB | 1.0/1.1 MB | 1.0/1.9 MB | 0.8/1.4 MB
2026.09.20 16:54:52 INFO  Progress (5): 4.1/6.3 MB | 2.1/12 MB | 1.0/1.1 MB | 1.0/1.9 MB | 0.8/1.4 MB
2026.09.20 16:54:52 INFO  Progress (5): 4.1/6.3 MB | 2.1/12 MB | 1.0/1.1 MB | 1.0/1.9 MB | 0.8/1.4 MB
2026.09.20 16:54:52 INFO  Progress (5): 4.1/6.3 MB | 2.1/12 MB | 1.0/1.1 MB | 1.0/1.9 MB | 0.8/1.4 MB
2026.09.20 16:54:52 INFO  Progress (5): 4.1/6.3 MB | 2.1/12 MB | 1.0/1.1 MB | 1.0/1.9 MB | 0.8/1.4 MB
2026.09.20 16:54:52 INFO  Progress (5): 4.1/6.3 MB | 2.1/12 MB | 1.0/1.1 MB | 1.0/1.9 MB | 0.8/1.4 MB
2026.09.20 16:54:52 INFO  Progress (5): 4.1/6.3 MB | 2.1/12 MB | 1.0/1.1 MB | 1.0/1.9 MB | 0.9/1.4 MB
2026.09.20 16:54:52 INFO  Progress (5): 4.1/6.3 MB | 2.1/12 MB | 1.0/1.1 MB | 1.0/1.9 MB | 0.9/1.4 MB
2026.09.20 16:54:52 INFO  Progress (5): 4.2/6.3 MB | 2.1/12 MB | 1.0/1.1 MB | 1.0/1.9 MB | 0.9/1.4 MB
2026.09.20 16:54:52 INFO  Progress (5): 4.2/6.3 MB | 2.1/12 MB | 1.0/1.1 MB | 1.0/1.9 MB | 0.9/1.4 MB
2026.09.20 16:54:52 INFO  Progress (5): 4.2/6.3 MB | 2.1/12 MB | 1.0/1.1 MB | 1.0/1.9 MB | 0.9/1.4 MB
2026.09.20 16:54:52 INFO  Progress (5): 4.2/6.3 MB | 2.1/12 MB | 1.0/1.1 MB | 1.0/1.9 MB | 0.9/1.4 MB
2026.09.20 16:54:52 INFO  Progress (5): 4.2/6.3 MB | 2.1/12 MB | 1.0/1.1 MB | 1.0/1.9 MB | 0.9/1.4 MB
2026.09.20 16:54:52 INFO  Progress (5): 4.2/6.3 MB | 2.1/12 MB | 1.0/1.1 MB | 1.0/1.9 MB | 0.9/1.4 MB
2026.09.20 16:54:52 INFO  Progress (5): 4.2/6.3 MB | 2.1/12 MB | 1.0/1.1 MB | 1.0/1.9 MB | 0.9/1.4 MB
2026.09.20 16:54:52 INFO  Progress (5): 4.2/6.3 MB | 2.1/12 MB | 1.0/1.1 MB | 1.0/1.9 MB | 0.9/1.4 MB
2026.09.20 16:54:52 INFO  Progress (5): 4.2/6.3 MB | 2.1/12 MB | 1.0/1.1 MB | 1.0/1.9 MB | 0.9/1.4 MB
2026.09.20 16:54:52 INFO  Progress (5): 4.2/6.3 MB | 2.1/12 MB | 1.1/1.1 MB | 1.0/1.9 MB | 0.9/1.4 MB
2026.09.20 16:54:52 INFO  Progress (5): 4.2/6.3 MB | 2.1/12 MB | 1.1/1.1 MB | 1.1/1.9 MB | 0.9/1.4 MB
2026.09.20 16:54:52 INFO  Progress (5): 4.2/6.3 MB | 2.1/12 MB | 1.1/1.1 MB | 1.1/1.9 MB | 0.9/1.4 MB
2026.09.20 16:54:52 INFO  Progress (5): 4.2/6.3 MB | 2.1/12 MB | 1.1/1.1 MB | 1.1/1.9 MB | 0.9/1.4 MB
2026.09.20 16:54:52 INFO  Progress (5): 4.2/6.3 MB | 2.1/12 MB | 1.1/1.1 MB | 1.1/1.9 MB | 0.9/1.4 MB
2026.09.20 16:54:52 INFO  Progress (5): 4.2/6.3 MB | 2.1/12 MB | 1.1/1.1 MB | 1.1/1.9 MB | 1.0/1.4 MB
2026.09.20 16:54:52 INFO  Progress (5): 4.2/6.3 MB | 2.1/12 MB | 1.1/1.1 MB | 1.1/1.9 MB | 1.0/1.4 MB
2026.09.20 16:54:52 INFO  Progress (5): 4.2/6.3 MB | 2.1/12 MB | 1.1/1.1 MB | 1.1/1.9 MB | 1.0/1.4 MB
2026.09.20 16:54:52 INFO  Progress (5): 4.2/6.3 MB | 2.1/12 MB | 1.1/1.1 MB | 1.1/1.9 MB | 1.0/1.4 MB
2026.09.20 16:54:52 INFO  Progress (5): 4.2/6.3 MB | 2.1/12 MB | 1.1/1.1 MB | 1.1/1.9 MB | 1.0/1.4 MB
2026.09.20 16:54:52 INFO  Progress (5): 4.2/6.3 MB | 2.1/12 MB | 1.1/1.1 MB | 1.1/1.9 MB | 1.0/1.4 MB
2026.09.20 16:54:52 INFO  Progress (5): 4.3/6.3 MB | 2.1/12 MB | 1.1/1.1 MB | 1.1/1.9 MB | 1.0/1.4 MB
2026.09.20 16:54:52 INFO  Progress (5): 4.3/6.3 MB | 2.1/12 MB | 1.1/1.1 MB | 1.1/1.9 MB | 1.0/1.4 MB
2026.09.20 16:54:52 INFO  Progress (5): 4.3/6.3 MB | 2.1/12 MB | 1.1/1.1 MB | 1.1/1.9 MB | 1.0/1.4 MB
2026.09.20 16:54:52 INFO  Progress (5): 4.3/6.3 MB | 2.1/12 MB | 1.1/1.1 MB | 1.1/1.9 MB | 1.0/1.4 MB
2026.09.20 16:54:52 INFO  Progress (5): 4.3/6.3 MB | 2.1/12 MB | 1.1/1.1 MB | 1.1/1.9 MB | 1.0/1.4 MB
2026.09.20 16:54:52 INFO  Progress (5): 4.3/6.3 MB | 2.1/12 MB | 1.1/1.1 MB | 1.1/1.9 MB | 1.0/1.4 MB
2026.09.20 16:54:52 INFO  Progress (5): 4.3/6.3 MB | 2.1/12 MB | 1.1/1.1 MB | 1.1/1.9 MB | 1.0/1.4 MB
2026.09.20 16:54:52 INFO  Progress (5): 4.3/6.3 MB | 2.1/12 MB | 1.1/1.1 MB | 1.1/1.9 MB | 1.0/1.4 MB
2026.09.20 16:54:52 INFO  Progress (5): 4.3/6.3 MB | 2.1/12 MB | 1.1/1.1 MB | 1.1/1.9 MB | 1.0/1.4 MB
2026.09.20 16:54:52 INFO  Progress (5): 4.3/6.3 MB | 2.1/12 MB | 1.1/1.1 MB | 1.1/1.9 MB | 1.0/1.4 MB
2026.09.20 16:54:52 INFO  Progress (5): 4.3/6.3 MB | 2.1/12 MB | 1.1/1.1 MB | 1.1/1.9 MB | 1.0/1.4 MB
2026.09.20 16:54:52 INFO  Progress (5): 4.3/6.3 MB | 2.1/12 MB | 1.1/1.1 MB | 1.1/1.9 MB | 1.0/1.4 MB
2026.09.20 16:54:52 INFO  Progress (5): 4.3/6.3 MB | 2.1/12 MB | 1.1/1.1 MB | 1.1/1.9 MB | 1.0/1.4 MB
2026.09.20 16:54:53 INFO  Progress (5): 4.3/6.3 MB | 2.1/12 MB | 1.1/1.1 MB | 1.1/1.9 MB | 1.0/1.4 MB
2026.09.20 16:54:53 INFO  Progress (5): 4.3/6.3 MB | 2.2/12 MB | 1.1/1.1 MB | 1.1/1.9 MB | 1.0/1.4 MB
2026.09.20 16:54:53 INFO  Progress (5): 4.3/6.3 MB | 2.2/12 MB | 1.1/1.1 MB | 1.1/1.9 MB | 1.0/1.4 MB
2026.09.20 16:54:53 INFO  Progress (5): 4.3/6.3 MB | 2.2/12 MB | 1.1/1.1 MB | 1.1/1.9 MB | 1.0/1.4 MB
2026.09.20 16:54:53 INFO  Progress (5): 4.3/6.3 MB | 2.2/12 MB | 1.1/1.1 MB | 1.1/1.9 MB | 1.0/1.4 MB
2026.09.20 16:54:53 INFO  Progress (5): 4.3/6.3 MB | 2.2/12 MB | 1.1/1.1 MB | 1.1/1.9 MB | 1.0/1.4 MB
2026.09.20 16:54:53 INFO  Progress (5): 4.3/6.3 MB | 2.2/12 MB | 1.1/1.1 MB | 1.1/1.9 MB | 1.0/1.4 MB
2026.09.20 16:54:53 INFO  Progress (5): 4.3/6.3 MB | 2.2/12 MB | 1.1/1.1 MB | 1.1/1.9 MB | 1.1/1.4 MB
2026.09.20 16:54:53 INFO  Progress (5): 4.3/6.3 MB | 2.2/12 MB | 1.1/1.1 MB | 1.1/1.9 MB | 1.1/1.4 MB
2026.09.20 16:54:53 INFO  Progress (5): 4.3/6.3 MB | 2.2/12 MB | 1.1/1.1 MB | 1.1/1.9 MB | 1.1/1.4 MB
2026.09.20 16:54:53 INFO  Progress (5): 4.4/6.3 MB | 2.2/12 MB | 1.1/1.1 MB | 1.1/1.9 MB | 1.1/1.4 MB
2026.09.20 16:54:53 INFO  Progress (5): 4.4/6.3 MB | 2.2/12 MB | 1.1/1.1 MB | 1.1/1.9 MB | 1.1/1.4 MB
2026.09.20 16:54:53 INFO  Progress (5): 4.4/6.3 MB | 2.2/12 MB | 1.1/1.1 MB | 1.1/1.9 MB | 1.1/1.4 MB
2026.09.20 16:54:53 INFO  Progress (5): 4.4/6.3 MB | 2.2/12 MB | 1.1/1.1 MB | 1.1/1.9 MB | 1.1/1.4 MB
2026.09.20 16:54:53 INFO  Progress (5): 4.4/6.3 MB | 2.2/12 MB | 1.1/1.1 MB | 1.2/1.9 MB | 1.1/1.4 MB
2026.09.20 16:54:53 INFO  Progress (5): 4.4/6.3 MB | 2.2/12 MB | 1.1/1.1 MB | 1.2/1.9 MB | 1.1/1.4 MB
2026.09.20 16:54:53 INFO  Progress (5): 4.4/6.3 MB | 2.2/12 MB | 1.1/1.1 MB | 1.2/1.9 MB | 1.1/1.4 MB
2026.09.20 16:54:53 INFO  Progress (5): 4.4/6.3 MB | 2.2/12 MB | 1.1/1.1 MB | 1.2/1.9 MB | 1.1/1.4 MB
2026.09.20 16:54:53 INFO  Progress (5): 4.4/6.3 MB | 2.2/12 MB | 1.1/1.1 MB | 1.2/1.9 MB | 1.1/1.4 MB
2026.09.20 16:54:53 INFO  Progress (5): 4.4/6.3 MB | 2.2/12 MB | 1.1/1.1 MB | 1.2/1.9 MB | 1.1/1.4 MB
2026.09.20 16:54:53 INFO  Progress (5): 4.4/6.3 MB | 2.2/12 MB | 1.1 MB | 1.2/1.9 MB | 1.1/1.4 MB    
2026.09.20 16:54:53 INFO                                                                         
2026.09.20 16:54:53 INFO  Downloaded from central: https://repo.maven.apache.org/maven2/org/scala-lang/modules/scala-parallel-collections_2.13/0.2.0/scala-parallel-collections_2.13-0.2.0.jar (1.1 MB at 162 kB/s)
2026.09.20 16:54:53 INFO  Downloading from central: https://repo.maven.apache.org/maven2/org/scala-sbt/util-logging_2.13/1.8.0/util-logging_2.13-1.8.0.jar
2026.09.20 16:54:53 INFO  Progress (4): 4.4/6.3 MB | 2.2/12 MB | 1.2/1.9 MB | 1.1/1.4 MB
2026.09.20 16:54:53 INFO  Progress (4): 4.4/6.3 MB | 2.2/12 MB | 1.2/1.9 MB | 1.1/1.4 MB
2026.09.20 16:54:53 INFO  Progress (4): 4.4/6.3 MB | 2.2/12 MB | 1.2/1.9 MB | 1.2/1.4 MB
2026.09.20 16:54:53 INFO  Progress (4): 4.4/6.3 MB | 2.2/12 MB | 1.2/1.9 MB | 1.2/1.4 MB
2026.09.20 16:54:53 INFO  Progress (4): 4.5/6.3 MB | 2.2/12 MB | 1.2/1.9 MB | 1.2/1.4 MB
2026.09.20 16:54:53 INFO  Progress (4): 4.5/6.3 MB | 2.2/12 MB | 1.2/1.9 MB | 1.2/1.4 MB
2026.09.20 16:54:53 INFO  Progress (4): 4.5/6.3 MB | 2.2/12 MB | 1.2/1.9 MB | 1.2/1.4 MB
2026.09.20 16:54:53 INFO  Progress (4): 4.5/6.3 MB | 2.2/12 MB | 1.2/1.9 MB | 1.2/1.4 MB
2026.09.20 16:54:53 INFO  Progress (4): 4.5/6.3 MB | 2.2/12 MB | 1.2/1.9 MB | 1.2/1.4 MB
2026.09.20 16:54:53 INFO  Progress (4): 4.5/6.3 MB | 2.2/12 MB | 1.2/1.9 MB | 1.2/1.4 MB
2026.09.20 16:54:53 INFO  Progress (4): 4.5/6.3 MB | 2.2/12 MB | 1.2/1.9 MB | 1.2/1.4 MB
2026.09.20 16:54:53 INFO  Progress (4): 4.5/6.3 MB | 2.2/12 MB | 1.2/1.9 MB | 1.2/1.4 MB
2026.09.20 16:54:53 INFO  Progress (4): 4.5/6.3 MB | 2.2/12 MB | 1.2/1.9 MB | 1.2/1.4 MB
2026.09.20 16:54:53 INFO  Progress (4): 4.5/6.3 MB | 2.2/12 MB | 1.2/1.9 MB | 1.2/1.4 MB
2026.09.20 16:54:53 INFO  Progress (4): 4.5/6.3 MB | 2.2/12 MB | 1.2/1.9 MB | 1.2/1.4 MB
2026.09.20 16:54:53 INFO  Progress (4): 4.5/6.3 MB | 2.2/12 MB | 1.3/1.9 MB | 1.2/1.4 MB
2026.09.20 16:54:53 INFO  Progress (4): 4.5/6.3 MB | 2.2/12 MB | 1.3/1.9 MB | 1.2/1.4 MB
2026.09.20 16:54:53 INFO  Progress (4): 4.5/6.3 MB | 2.2/12 MB | 1.3/1.9 MB | 1.2/1.4 MB
2026.09.20 16:54:53 INFO  Progress (4): 4.5/6.3 MB | 2.3/12 MB | 1.3/1.9 MB | 1.2/1.4 MB
2026.09.20 16:54:53 INFO  Progress (4): 4.5/6.3 MB | 2.3/12 MB | 1.3/1.9 MB | 1.2/1.4 MB
2026.09.20 16:54:53 INFO  Progress (4): 4.5/6.3 MB | 2.3/12 MB | 1.3/1.9 MB | 1.2/1.4 MB
2026.09.20 16:54:53 INFO  Progress (4): 4.5/6.3 MB | 2.3/12 MB | 1.3/1.9 MB | 1.2/1.4 MB
2026.09.20 16:54:53 INFO  Progress (4): 4.5/6.3 MB | 2.3/12 MB | 1.3/1.9 MB | 1.2/1.4 MB
2026.09.20 16:54:53 INFO  Progress (4): 4.6/6.3 MB | 2.3/12 MB | 1.3/1.9 MB | 1.2/1.4 MB
2026.09.20 16:54:53 INFO  Progress (4): 4.6/6.3 MB | 2.3/12 MB | 1.3/1.9 MB | 1.2/1.4 MB
2026.09.20 16:54:53 INFO  Progress (4): 4.6/6.3 MB | 2.3/12 MB | 1.3/1.9 MB | 1.3/1.4 MB
2026.09.20 16:54:53 INFO  Progress (4): 4.6/6.3 MB | 2.3/12 MB | 1.3/1.9 MB | 1.3/1.4 MB
2026.09.20 16:54:53 INFO  Progress (4): 4.6/6.3 MB | 2.3/12 MB | 1.3/1.9 MB | 1.3/1.4 MB
2026.09.20 16:54:53 INFO  Progress (4): 4.6/6.3 MB | 2.3/12 MB | 1.3/1.9 MB | 1.3/1.4 MB
2026.09.20 16:54:53 INFO  Progress (4): 4.6/6.3 MB | 2.3/12 MB | 1.3/1.9 MB | 1.3/1.4 MB
2026.09.20 16:54:53 INFO  Progress (4): 4.6/6.3 MB | 2.3/12 MB | 1.3/1.9 MB | 1.3/1.4 MB
2026.09.20 16:54:53 INFO  Progress (4): 4.6/6.3 MB | 2.3/12 MB | 1.3/1.9 MB | 1.3/1.4 MB
2026.09.20 16:54:53 INFO  Progress (4): 4.6/6.3 MB | 2.3/12 MB | 1.3/1.9 MB | 1.3/1.4 MB
2026.09.20 16:54:53 INFO  Progress (4): 4.6/6.3 MB | 2.3/12 MB | 1.3/1.9 MB | 1.3/1.4 MB
2026.09.20 16:54:53 INFO  Progress (4): 4.6/6.3 MB | 2.3/12 MB | 1.3/1.9 MB | 1.3/1.4 MB
2026.09.20 16:54:53 INFO  Progress (4): 4.6/6.3 MB | 2.3/12 MB | 1.3/1.9 MB | 1.3/1.4 MB
2026.09.20 16:54:53 INFO  Progress (4): 4.6/6.3 MB | 2.3/12 MB | 1.3/1.9 MB | 1.3/1.4 MB
2026.09.20 16:54:53 INFO  Progress (4): 4.6/6.3 MB | 2.3/12 MB | 1.3/1.9 MB | 1.3/1.4 MB
2026.09.20 16:54:53 INFO  Progress (4): 4.6/6.3 MB | 2.3/12 MB | 1.3/1.9 MB | 1.4 MB    
2026.09.20 16:54:53 INFO  Progress (4): 4.6/6.3 MB | 2.3/12 MB | 1.3/1.9 MB | 1.4 MB
2026.09.20 16:54:53 INFO                                                            
2026.09.20 16:54:53 INFO  Downloaded from central: https://repo.maven.apache.org/maven2/net/java/dev/jna/jna-platform/5.12.0/jna-platform-5.12.0.jar (1.4 MB at 193 kB/s)
2026.09.20 16:54:53 INFO  Downloading from central: https://repo.maven.apache.org/maven2/org/scala-sbt/collections_2.13/1.8.0/collections_2.13-1.8.0.jar
2026.09.20 16:54:53 INFO  Progress (3): 4.6/6.3 MB | 2.3/12 MB | 1.3/1.9 MB
2026.09.20 16:54:53 INFO  Progress (3): 4.6/6.3 MB | 2.4/12 MB | 1.3/1.9 MB
2026.09.20 16:54:53 INFO  Progress (3): 4.6/6.3 MB | 2.4/12 MB | 1.3/1.9 MB
2026.09.20 16:54:53 INFO  Progress (3): 4.6/6.3 MB | 2.4/12 MB | 1.3/1.9 MB
2026.09.20 16:54:53 INFO  Progress (3): 4.6/6.3 MB | 2.4/12 MB | 1.4/1.9 MB
2026.09.20 16:54:53 INFO  Progress (3): 4.6/6.3 MB | 2.4/12 MB | 1.4/1.9 MB
2026.09.20 16:54:53 INFO  Progress (3): 4.6/6.3 MB | 2.4/12 MB | 1.4/1.9 MB
2026.09.20 16:54:53 INFO  Progress (3): 4.6/6.3 MB | 2.4/12 MB | 1.4/1.9 MB
2026.09.20 16:54:53 INFO  Progress (3): 4.6/6.3 MB | 2.4/12 MB | 1.4/1.9 MB
2026.09.20 16:54:53 INFO  Progress (3): 4.6/6.3 MB | 2.4/12 MB | 1.4/1.9 MB
2026.09.20 16:54:53 INFO  Progress (3): 4.6/6.3 MB | 2.4/12 MB | 1.4/1.9 MB
2026.09.20 16:54:53 INFO  Progress (3): 4.7/6.3 MB | 2.4/12 MB | 1.4/1.9 MB
2026.09.20 16:54:53 INFO  Progress (3): 4.7/6.3 MB | 2.4/12 MB | 1.4/1.9 MB
2026.09.20 16:54:53 INFO  Progress (3): 4.7/6.3 MB | 2.4/12 MB | 1.4/1.9 MB
2026.09.20 16:54:53 INFO  Progress (3): 4.7/6.3 MB | 2.4/12 MB | 1.4/1.9 MB
2026.09.20 16:54:53 INFO  Progress (3): 4.7/6.3 MB | 2.4/12 MB | 1.4/1.9 MB
2026.09.20 16:54:53 INFO  Progress (3): 4.7/6.3 MB | 2.4/12 MB | 1.4/1.9 MB
2026.09.20 16:54:53 INFO  Progress (3): 4.7/6.3 MB | 2.4/12 MB | 1.4/1.9 MB
2026.09.20 16:54:53 INFO  Progress (4): 4.7/6.3 MB | 2.4/12 MB | 1.4/1.9 MB | 7.7/365 kB
2026.09.20 16:54:53 INFO  Progress (4): 4.7/6.3 MB | 2.4/12 MB | 1.4/1.9 MB | 16/365 kB 
2026.09.20 16:54:53 INFO  Progress (4): 4.7/6.3 MB | 2.4/12 MB | 1.4/1.9 MB | 25/365 kB
2026.09.20 16:54:53 INFO  Progress (4): 4.7/6.3 MB | 2.4/12 MB | 1.4/1.9 MB | 25/365 kB
2026.09.20 16:54:53 INFO  Progress (4): 4.7/6.3 MB | 2.4/12 MB | 1.4/1.9 MB | 25/365 kB
2026.09.20 16:54:53 INFO  Progress (4): 4.7/6.3 MB | 2.4/12 MB | 1.4/1.9 MB | 25/365 kB
2026.09.20 16:54:53 INFO  Progress (4): 4.7/6.3 MB | 2.4/12 MB | 1.4/1.9 MB | 41/365 kB
2026.09.20 16:54:53 INFO  Progress (4): 4.7/6.3 MB | 2.4/12 MB | 1.4/1.9 MB | 41/365 kB
2026.09.20 16:54:53 INFO  Progress (4): 4.7/6.3 MB | 2.4/12 MB | 1.4/1.9 MB | 57/365 kB
2026.09.20 16:54:53 INFO  Progress (4): 4.7/6.3 MB | 2.4/12 MB | 1.5/1.9 MB | 57/365 kB
2026.09.20 16:54:53 INFO  Progress (4): 4.8/6.3 MB | 2.4/12 MB | 1.5/1.9 MB | 57/365 kB
2026.09.20 16:54:53 INFO  Progress (5): 4.8/6.3 MB | 2.4/12 MB | 1.5/1.9 MB | 57/365 kB | 16/463 kB
2026.09.20 16:54:53 INFO  Progress (5): 4.8/6.3 MB | 2.4/12 MB | 1.5/1.9 MB | 57/365 kB | 16/463 kB
2026.09.20 16:54:53 INFO  Progress (5): 4.8/6.3 MB | 2.4/12 MB | 1.5/1.9 MB | 74/365 kB | 16/463 kB
2026.09.20 16:54:53 INFO  Progress (5): 4.8/6.3 MB | 2.4/12 MB | 1.5/1.9 MB | 74/365 kB | 16/463 kB
2026.09.20 16:54:53 INFO  Progress (5): 4.8/6.3 MB | 2.4/12 MB | 1.5/1.9 MB | 74/365 kB | 16/463 kB
2026.09.20 16:54:53 INFO  Progress (5): 4.8/6.3 MB | 2.4/12 MB | 1.5/1.9 MB | 74/365 kB | 25/463 kB
2026.09.20 16:54:53 INFO  Progress (5): 4.8/6.3 MB | 2.4/12 MB | 1.5/1.9 MB | 90/365 kB | 25/463 kB
2026.09.20 16:54:53 INFO  Progress (5): 4.8/6.3 MB | 2.4/12 MB | 1.5/1.9 MB | 90/365 kB | 25/463 kB
2026.09.20 16:54:53 INFO  Progress (5): 4.8/6.3 MB | 2.4/12 MB | 1.5/1.9 MB | 90/365 kB | 25/463 kB
2026.09.20 16:54:53 INFO  Progress (5): 4.8/6.3 MB | 2.4/12 MB | 1.5/1.9 MB | 106/365 kB | 25/463 kB
2026.09.20 16:54:53 INFO  Progress (5): 4.8/6.3 MB | 2.5/12 MB | 1.5/1.9 MB | 106/365 kB | 25/463 kB
2026.09.20 16:54:53 INFO  Progress (5): 4.8/6.3 MB | 2.5/12 MB | 1.5/1.9 MB | 106/365 kB | 25/463 kB
2026.09.20 16:54:53 INFO  Progress (5): 4.8/6.3 MB | 2.5/12 MB | 1.5/1.9 MB | 123/365 kB | 25/463 kB
2026.09.20 16:54:53 INFO  Progress (5): 4.8/6.3 MB | 2.5/12 MB | 1.5/1.9 MB | 123/365 kB | 25/463 kB
2026.09.20 16:54:53 INFO  Progress (5): 4.8/6.3 MB | 2.5/12 MB | 1.5/1.9 MB | 131/365 kB | 25/463 kB
2026.09.20 16:54:53 INFO  Progress (5): 4.8/6.3 MB | 2.5/12 MB | 1.5/1.9 MB | 131/365 kB | 25/463 kB
2026.09.20 16:54:53 INFO  Progress (5): 4.8/6.3 MB | 2.5/12 MB | 1.5/1.9 MB | 131/365 kB | 41/463 kB
2026.09.20 16:54:53 INFO  Progress (5): 4.8/6.3 MB | 2.5/12 MB | 1.5/1.9 MB | 147/365 kB | 41/463 kB
2026.09.20 16:54:53 INFO  Progress (5): 4.8/6.3 MB | 2.5/12 MB | 1.5/1.9 MB | 147/365 kB | 41/463 kB
2026.09.20 16:54:53 INFO  Progress (5): 4.8/6.3 MB | 2.5/12 MB | 1.5/1.9 MB | 147/365 kB | 41/463 kB
2026.09.20 16:54:53 INFO  Progress (5): 4.8/6.3 MB | 2.5/12 MB | 1.5/1.9 MB | 156/365 kB | 41/463 kB
2026.09.20 16:54:53 INFO  Progress (5): 4.8/6.3 MB | 2.5/12 MB | 1.5/1.9 MB | 156/365 kB | 41/463 kB
2026.09.20 16:54:53 INFO  Progress (5): 4.8/6.3 MB | 2.5/12 MB | 1.5/1.9 MB | 172/365 kB | 41/463 kB
2026.09.20 16:54:53 INFO  Progress (5): 4.8/6.3 MB | 2.5/12 MB | 1.5/1.9 MB | 172/365 kB | 41/463 kB
2026.09.20 16:54:53 INFO  Progress (5): 4.8/6.3 MB | 2.5/12 MB | 1.5/1.9 MB | 172/365 kB | 41/463 kB
2026.09.20 16:54:53 INFO  Progress (5): 4.8/6.3 MB | 2.5/12 MB | 1.5/1.9 MB | 172/365 kB | 57/463 kB
2026.09.20 16:54:53 INFO  Progress (5): 4.8/6.3 MB | 2.5/12 MB | 1.5/1.9 MB | 172/365 kB | 57/463 kB
2026.09.20 16:54:53 INFO  Progress (5): 4.8/6.3 MB | 2.5/12 MB | 1.5/1.9 MB | 188/365 kB | 57/463 kB
2026.09.20 16:54:53 INFO  Progress (5): 4.9/6.3 MB | 2.5/12 MB | 1.5/1.9 MB | 188/365 kB | 57/463 kB
2026.09.20 16:54:53 INFO  Progress (5): 4.9/6.3 MB | 2.5/12 MB | 1.6/1.9 MB | 188/365 kB | 57/463 kB
2026.09.20 16:54:53 INFO  Progress (5): 4.9/6.3 MB | 2.5/12 MB | 1.6/1.9 MB | 205/365 kB | 57/463 kB
2026.09.20 16:54:53 INFO  Progress (5): 4.9/6.3 MB | 2.5/12 MB | 1.6/1.9 MB | 205/365 kB | 57/463 kB
2026.09.20 16:54:53 INFO  Progress (5): 4.9/6.3 MB | 2.5/12 MB | 1.6/1.9 MB | 221/365 kB | 57/463 kB
2026.09.20 16:54:53 INFO  Progress (5): 4.9/6.3 MB | 2.5/12 MB | 1.6/1.9 MB | 221/365 kB | 57/463 kB
2026.09.20 16:54:53 INFO  Progress (5): 4.9/6.3 MB | 2.5/12 MB | 1.6/1.9 MB | 221/365 kB | 74/463 kB
2026.09.20 16:54:53 INFO  Progress (5): 4.9/6.3 MB | 2.5/12 MB | 1.6/1.9 MB | 221/365 kB | 74/463 kB
2026.09.20 16:54:53 INFO  Progress (5): 4.9/6.3 MB | 2.5/12 MB | 1.6/1.9 MB | 221/365 kB | 74/463 kB
2026.09.20 16:54:53 INFO  Progress (5): 4.9/6.3 MB | 2.5/12 MB | 1.6/1.9 MB | 238/365 kB | 74/463 kB
2026.09.20 16:54:53 INFO  Progress (5): 4.9/6.3 MB | 2.5/12 MB | 1.6/1.9 MB | 238/365 kB | 74/463 kB
2026.09.20 16:54:53 INFO  Progress (5): 4.9/6.3 MB | 2.5/12 MB | 1.6/1.9 MB | 238/365 kB | 74/463 kB
2026.09.20 16:54:53 INFO  Progress (5): 4.9/6.3 MB | 2.5/12 MB | 1.6/1.9 MB | 254/365 kB | 74/463 kB
2026.09.20 16:54:53 INFO  Progress (5): 4.9/6.3 MB | 2.5/12 MB | 1.6/1.9 MB | 254/365 kB | 74/463 kB
2026.09.20 16:54:53 INFO  Progress (5): 4.9/6.3 MB | 2.5/12 MB | 1.6/1.9 MB | 254/365 kB | 90/463 kB
2026.09.20 16:54:53 INFO  Progress (5): 4.9/6.3 MB | 2.5/12 MB | 1.6/1.9 MB | 254/365 kB | 90/463 kB
2026.09.20 16:54:53 INFO  Progress (5): 4.9/6.3 MB | 2.5/12 MB | 1.6/1.9 MB | 254/365 kB | 90/463 kB
2026.09.20 16:54:53 INFO  Progress (5): 4.9/6.3 MB | 2.5/12 MB | 1.6/1.9 MB | 270/365 kB | 90/463 kB
2026.09.20 16:54:53 INFO  Progress (5): 4.9/6.3 MB | 2.5/12 MB | 1.6/1.9 MB | 270/365 kB | 90/463 kB
2026.09.20 16:54:53 INFO  Progress (5): 4.9/6.3 MB | 2.5/12 MB | 1.6/1.9 MB | 270/365 kB | 90/463 kB
2026.09.20 16:54:53 INFO  Progress (5): 4.9/6.3 MB | 2.5/12 MB | 1.6/1.9 MB | 287/365 kB | 90/463 kB
2026.09.20 16:54:53 INFO  Progress (5): 4.9/6.3 MB | 2.5/12 MB | 1.6/1.9 MB | 287/365 kB | 90/463 kB
2026.09.20 16:54:53 INFO  Progress (5): 4.9/6.3 MB | 2.5/12 MB | 1.6/1.9 MB | 303/365 kB | 90/463 kB
2026.09.20 16:54:53 INFO  Progress (5): 5.0/6.3 MB | 2.5/12 MB | 1.6/1.9 MB | 303/365 kB | 90/463 kB
2026.09.20 16:54:53 INFO  Progress (5): 5.0/6.3 MB | 2.5/12 MB | 1.6/1.9 MB | 303/365 kB | 90/463 kB
2026.09.20 16:54:53 INFO  Progress (5): 5.0/6.3 MB | 2.5/12 MB | 1.6/1.9 MB | 319/365 kB | 90/463 kB
2026.09.20 16:54:53 INFO  Progress (5): 5.0/6.3 MB | 2.5/12 MB | 1.6/1.9 MB | 319/365 kB | 106/463 kB
2026.09.20 16:54:53 INFO  Progress (5): 5.0/6.3 MB | 2.5/12 MB | 1.6/1.9 MB | 319/365 kB | 106/463 kB
2026.09.20 16:54:53 INFO  Progress (5): 5.0/6.3 MB | 2.5/12 MB | 1.6/1.9 MB | 336/365 kB | 106/463 kB
2026.09.20 16:54:53 INFO  Progress (5): 5.0/6.3 MB | 2.5/12 MB | 1.7/1.9 MB | 336/365 kB | 106/463 kB
2026.09.20 16:54:53 INFO  Progress (5): 5.0/6.3 MB | 2.6/12 MB | 1.7/1.9 MB | 336/365 kB | 106/463 kB
2026.09.20 16:54:53 INFO  Progress (5): 5.0/6.3 MB | 2.6/12 MB | 1.7/1.9 MB | 352/365 kB | 106/463 kB
2026.09.20 16:54:53 INFO  Progress (5): 5.0/6.3 MB | 2.6/12 MB | 1.7/1.9 MB | 352/365 kB | 106/463 kB
2026.09.20 16:54:53 INFO  Progress (5): 5.0/6.3 MB | 2.6/12 MB | 1.7/1.9 MB | 352/365 kB | 106/463 kB
2026.09.20 16:54:53 INFO  Progress (5): 5.0/6.3 MB | 2.6/12 MB | 1.7/1.9 MB | 365 kB | 106/463 kB    
2026.09.20 16:54:53 INFO  Progress (5): 5.0/6.3 MB | 2.6/12 MB | 1.7/1.9 MB | 365 kB | 106/463 kB
2026.09.20 16:54:53 INFO                                                                         
2026.09.20 16:54:53 INFO  Downloaded from central: https://repo.maven.apache.org/maven2/org/scala-sbt/collections_2.13/1.8.0/collections_2.13-1.8.0.jar (365 kB at 49 kB/s)
2026.09.20 16:54:53 INFO  Downloading from central: https://repo.maven.apache.org/maven2/org/scala-sbt/util-position_2.13/1.8.0/util-position_2.13-1.8.0.jar
2026.09.20 16:54:53 INFO  Progress (4): 5.0/6.3 MB | 2.6/12 MB | 1.7/1.9 MB | 106/463 kB
2026.09.20 16:54:53 INFO  Progress (4): 5.0/6.3 MB | 2.6/12 MB | 1.7/1.9 MB | 106/463 kB
2026.09.20 16:54:53 INFO  Progress (4): 5.0/6.3 MB | 2.6/12 MB | 1.7/1.9 MB | 106/463 kB
2026.09.20 16:54:53 INFO  Progress (4): 5.0/6.3 MB | 2.6/12 MB | 1.7/1.9 MB | 106/463 kB
2026.09.20 16:54:53 INFO  Progress (4): 5.0/6.3 MB | 2.6/12 MB | 1.8/1.9 MB | 106/463 kB
2026.09.20 16:54:53 INFO  Progress (4): 5.0/6.3 MB | 2.6/12 MB | 1.8/1.9 MB | 106/463 kB
2026.09.20 16:54:53 INFO  Progress (4): 5.0/6.3 MB | 2.6/12 MB | 1.8/1.9 MB | 106/463 kB
2026.09.20 16:54:53 INFO  Progress (4): 5.0/6.3 MB | 2.6/12 MB | 1.8/1.9 MB | 106/463 kB
2026.09.20 16:54:53 INFO  Progress (4): 5.0/6.3 MB | 2.6/12 MB | 1.8/1.9 MB | 106/463 kB
2026.09.20 16:54:53 INFO  Progress (4): 5.0/6.3 MB | 2.6/12 MB | 1.8/1.9 MB | 106/463 kB
2026.09.20 16:54:53 INFO  Progress (4): 5.1/6.3 MB | 2.6/12 MB | 1.8/1.9 MB | 106/463 kB
2026.09.20 16:54:53 INFO  Progress (4): 5.1/6.3 MB | 2.6/12 MB | 1.8/1.9 MB | 106/463 kB
2026.09.20 16:54:53 INFO  Progress (4): 5.1/6.3 MB | 2.6/12 MB | 1.8/1.9 MB | 106/463 kB
2026.09.20 16:54:53 INFO  Progress (4): 5.1/6.3 MB | 2.6/12 MB | 1.8/1.9 MB | 106/463 kB
2026.09.20 16:54:53 INFO  Progress (4): 5.1/6.3 MB | 2.6/12 MB | 1.8/1.9 MB | 106/463 kB
2026.09.20 16:54:53 INFO  Progress (4): 5.1/6.3 MB | 2.6/12 MB | 1.8/1.9 MB | 106/463 kB
2026.09.20 16:54:53 INFO  Progress (4): 5.2/6.3 MB | 2.6/12 MB | 1.8/1.9 MB | 106/463 kB
2026.09.20 16:54:53 INFO  Progress (4): 5.2/6.3 MB | 2.6/12 MB | 1.8/1.9 MB | 106/463 kB
2026.09.20 16:54:53 INFO  Progress (4): 5.2/6.3 MB | 2.6/12 MB | 1.8/1.9 MB | 106/463 kB
2026.09.20 16:54:53 INFO  Progress (5): 5.2/6.3 MB | 2.6/12 MB | 1.8/1.9 MB | 106/463 kB | 7.7/28 kB
2026.09.20 16:54:53 INFO  Progress (5): 5.2/6.3 MB | 2.6/12 MB | 1.8/1.9 MB | 106/463 kB | 11/28 kB 
2026.09.20 16:54:53 INFO  Progress (5): 5.2/6.3 MB | 2.6/12 MB | 1.8/1.9 MB | 106/463 kB | 11/28 kB
2026.09.20 16:54:53 INFO  Progress (5): 5.2/6.3 MB | 2.6/12 MB | 1.8/1.9 MB | 106/463 kB | 11/28 kB
2026.09.20 16:54:53 INFO  Progress (5): 5.2/6.3 MB | 2.6/12 MB | 1.8/1.9 MB | 106/463 kB | 11/28 kB
2026.09.20 16:54:53 INFO  Progress (5): 5.2/6.3 MB | 2.6/12 MB | 1.8/1.9 MB | 106/463 kB | 28/28 kB
2026.09.20 16:54:53 INFO  Progress (5): 5.2/6.3 MB | 2.6/12 MB | 1.8/1.9 MB | 106/463 kB | 28/28 kB
2026.09.20 16:54:53 INFO  Progress (5): 5.2/6.3 MB | 2.6/12 MB | 1.8/1.9 MB | 106/463 kB | 28 kB   
2026.09.20 16:54:53 INFO  Progress (5): 5.2/6.3 MB | 2.6/12 MB | 1.8/1.9 MB | 106/463 kB | 28 kB
2026.09.20 16:54:53 INFO  Progress (5): 5.2/6.3 MB | 2.6/12 MB | 1.8/1.9 MB | 106/463 kB | 28 kB
2026.09.20 16:54:53 INFO  Progress (5): 5.2/6.3 MB | 2.6/12 MB | 1.8/1.9 MB | 106/463 kB | 28 kB
2026.09.20 16:54:53 INFO  Progress (5): 5.2/6.3 MB | 2.6/12 MB | 1.8/1.9 MB | 123/463 kB | 28 kB
2026.09.20 16:54:53 INFO  Progress (5): 5.2/6.3 MB | 2.6/12 MB | 1.8/1.9 MB | 131/463 kB | 28 kB
2026.09.20 16:54:53 INFO  Progress (5): 5.2/6.3 MB | 2.6/12 MB | 1.8/1.9 MB | 147/463 kB | 28 kB
2026.09.20 16:54:53 INFO  Progress (5): 5.2/6.3 MB | 2.6/12 MB | 1.8/1.9 MB | 164/463 kB | 28 kB
2026.09.20 16:54:53 INFO  Progress (5): 5.2/6.3 MB | 2.6/12 MB | 1.8/1.9 MB | 180/463 kB | 28 kB
2026.09.20 16:54:53 INFO  Progress (5): 5.2/6.3 MB | 2.6/12 MB | 1.8/1.9 MB | 180/463 kB | 28 kB
2026.09.20 16:54:53 INFO                                                                        
2026.09.20 16:54:53 INFO  Downloaded from central: https://repo.maven.apache.org/maven2/org/scala-sbt/util-position_2.13/1.8.0/util-position_2.13-1.8.0.jar (28 kB at 3.7 kB/s)
2026.09.20 16:54:53 INFO  Downloading from central: https://repo.maven.apache.org/maven2/org/scala-sbt/core-macros_2.13/1.8.0/core-macros_2.13-1.8.0.jar
2026.09.20 16:54:53 INFO  Progress (4): 5.2/6.3 MB | 2.6/12 MB | 1.8/1.9 MB | 180/463 kB
2026.09.20 16:54:53 INFO  Progress (4): 5.2/6.3 MB | 2.6/12 MB | 1.8/1.9 MB | 180/463 kB
2026.09.20 16:54:53 INFO  Progress (4): 5.2/6.3 MB | 2.7/12 MB | 1.8/1.9 MB | 180/463 kB
2026.09.20 16:54:53 INFO  Progress (4): 5.2/6.3 MB | 2.7/12 MB | 1.9/1.9 MB | 180/463 kB
2026.09.20 16:54:53 INFO  Progress (4): 5.2/6.3 MB | 2.7/12 MB | 1.9/1.9 MB | 197/463 kB
2026.09.20 16:54:53 INFO  Progress (4): 5.2/6.3 MB | 2.7/12 MB | 1.9/1.9 MB | 197/463 kB
2026.09.20 16:54:53 INFO  Progress (4): 5.2/6.3 MB | 2.7/12 MB | 1.9/1.9 MB | 197/463 kB
2026.09.20 16:54:53 INFO  Progress (4): 5.2/6.3 MB | 2.7/12 MB | 1.9 MB | 197/463 kB    
2026.09.20 16:54:53 INFO  Progress (4): 5.3/6.3 MB | 2.7/12 MB | 1.9 MB | 197/463 kB
2026.09.20 16:54:53 INFO  Progress (4): 5.3/6.3 MB | 2.7/12 MB | 1.9 MB | 197/463 kB
2026.09.20 16:54:53 INFO  Progress (4): 5.3/6.3 MB | 2.7/12 MB | 1.9 MB | 197/463 kB
2026.09.20 16:54:53 INFO  Progress (4): 5.3/6.3 MB | 2.7/12 MB | 1.9 MB | 213/463 kB
2026.09.20 16:54:53 INFO                                                            
2026.09.20 16:54:53 INFO  Downloaded from central: https://repo.maven.apache.org/maven2/net/java/dev/jna/jna/5.12.0/jna-5.12.0.jar (1.9 MB at 243 kB/s)
2026.09.20 16:54:53 INFO  Downloading from central: https://repo.maven.apache.org/maven2/org/jline/jline-terminal/3.19.0/jline-terminal-3.19.0.jar
2026.09.20 16:54:53 INFO  Progress (3): 5.3/6.3 MB | 2.7/12 MB | 213/463 kB
2026.09.20 16:54:53 INFO  Progress (3): 5.3/6.3 MB | 2.7/12 MB | 213/463 kB
2026.09.20 16:54:53 INFO  Progress (3): 5.3/6.3 MB | 2.7/12 MB | 229/463 kB
2026.09.20 16:54:53 INFO  Progress (3): 5.3/6.3 MB | 2.7/12 MB | 229/463 kB
2026.09.20 16:54:53 INFO  Progress (3): 5.3/6.3 MB | 2.7/12 MB | 229/463 kB
2026.09.20 16:54:53 INFO  Progress (3): 5.3/6.3 MB | 2.7/12 MB | 229/463 kB
2026.09.20 16:54:53 INFO  Progress (3): 5.3/6.3 MB | 2.7/12 MB | 229/463 kB
2026.09.20 16:54:53 INFO  Progress (4): 5.3/6.3 MB | 2.7/12 MB | 229/463 kB | 3.2/87 kB
2026.09.20 16:54:53 INFO  Progress (4): 5.4/6.3 MB | 2.7/12 MB | 229/463 kB | 3.2/87 kB
2026.09.20 16:54:53 INFO  Progress (4): 5.4/6.3 MB | 2.7/12 MB | 229/463 kB | 20/87 kB 
2026.09.20 16:54:53 INFO  Progress (4): 5.4/6.3 MB | 2.7/12 MB | 246/463 kB | 20/87 kB
2026.09.20 16:54:53 INFO  Progress (4): 5.4/6.3 MB | 2.7/12 MB | 246/463 kB | 28/87 kB
2026.09.20 16:54:53 INFO  Progress (4): 5.4/6.3 MB | 2.7/12 MB | 246/463 kB | 28/87 kB
2026.09.20 16:54:53 INFO  Progress (4): 5.4/6.3 MB | 2.7/12 MB | 246/463 kB | 28/87 kB
2026.09.20 16:54:53 INFO  Progress (4): 5.4/6.3 MB | 2.7/12 MB | 246/463 kB | 44/87 kB
2026.09.20 16:54:53 INFO  Progress (4): 5.4/6.3 MB | 2.7/12 MB | 246/463 kB | 44/87 kB
2026.09.20 16:54:53 INFO  Progress (4): 5.4/6.3 MB | 2.7/12 MB | 246/463 kB | 61/87 kB
2026.09.20 16:54:53 INFO  Progress (4): 5.4/6.3 MB | 2.7/12 MB | 246/463 kB | 61/87 kB
2026.09.20 16:54:53 INFO  Progress (4): 5.4/6.3 MB | 2.7/12 MB | 262/463 kB | 61/87 kB
2026.09.20 16:54:53 INFO  Progress (4): 5.4/6.3 MB | 2.7/12 MB | 262/463 kB | 61/87 kB
2026.09.20 16:54:53 INFO  Progress (4): 5.4/6.3 MB | 2.7/12 MB | 262/463 kB | 77/87 kB
2026.09.20 16:54:53 INFO  Progress (4): 5.4/6.3 MB | 2.7/12 MB | 262/463 kB | 77/87 kB
2026.09.20 16:54:53 INFO  Progress (4): 5.4/6.3 MB | 2.7/12 MB | 262/463 kB | 87 kB   
2026.09.20 16:54:53 INFO  Progress (5): 5.4/6.3 MB | 2.7/12 MB | 262/463 kB | 87 kB | 8.2/228 kB
2026.09.20 16:54:53 INFO  Progress (5): 5.4/6.3 MB | 2.7/12 MB | 262/463 kB | 87 kB | 8.2/228 kB
2026.09.20 16:54:53 INFO  Progress (5): 5.4/6.3 MB | 2.8/12 MB | 262/463 kB | 87 kB | 8.2/228 kB
2026.09.20 16:54:53 INFO                                                                        
2026.09.20 16:54:53 INFO  Downloaded from central: https://repo.maven.apache.org/maven2/org/scala-sbt/core-macros_2.13/1.8.0/core-macros_2.13-1.8.0.jar (87 kB at 11 kB/s)
2026.09.20 16:54:53 INFO  Downloading from central: https://repo.maven.apache.org/maven2/org/scala-lang/scala-reflect/2.13.8/scala-reflect-2.13.8.jar
2026.09.20 16:54:53 INFO  Progress (4): 5.4/6.3 MB | 2.8/12 MB | 262/463 kB | 25/228 kB
2026.09.20 16:54:54 INFO  Progress (4): 5.5/6.3 MB | 2.8/12 MB | 262/463 kB | 25/228 kB
2026.09.20 16:54:54 INFO  Progress (4): 5.5/6.3 MB | 2.8/12 MB | 279/463 kB | 25/228 kB
2026.09.20 16:54:54 INFO  Progress (4): 5.5/6.3 MB | 2.8/12 MB | 279/463 kB | 25/228 kB
2026.09.20 16:54:54 INFO  Progress (4): 5.5/6.3 MB | 2.8/12 MB | 279/463 kB | 25/228 kB
2026.09.20 16:54:54 INFO  Progress (4): 5.5/6.3 MB | 2.8/12 MB | 279/463 kB | 41/228 kB
2026.09.20 16:54:54 INFO  Progress (4): 5.5/6.3 MB | 2.8/12 MB | 279/463 kB | 41/228 kB
2026.09.20 16:54:54 INFO  Progress (4): 5.5/6.3 MB | 2.8/12 MB | 279/463 kB | 57/228 kB
2026.09.20 16:54:54 INFO  Progress (4): 5.5/6.3 MB | 2.8/12 MB | 295/463 kB | 57/228 kB
2026.09.20 16:54:54 INFO  Progress (4): 5.5/6.3 MB | 2.8/12 MB | 295/463 kB | 57/228 kB
2026.09.20 16:54:54 INFO  Progress (4): 5.5/6.3 MB | 2.8/12 MB | 295/463 kB | 57/228 kB
2026.09.20 16:54:54 INFO  Progress (4): 5.5/6.3 MB | 2.8/12 MB | 295/463 kB | 74/228 kB
2026.09.20 16:54:54 INFO  Progress (4): 5.5/6.3 MB | 2.8/12 MB | 295/463 kB | 74/228 kB
2026.09.20 16:54:54 INFO  Progress (4): 5.5/6.3 MB | 2.8/12 MB | 295/463 kB | 82/228 kB
2026.09.20 16:54:54 INFO  Progress (4): 5.5/6.3 MB | 2.8/12 MB | 295/463 kB | 82/228 kB
2026.09.20 16:54:54 INFO  Progress (4): 5.5/6.3 MB | 2.8/12 MB | 295/463 kB | 98/228 kB
2026.09.20 16:54:54 INFO  Progress (4): 5.5/6.3 MB | 2.8/12 MB | 311/463 kB | 98/228 kB
2026.09.20 16:54:54 INFO  Progress (4): 5.6/6.3 MB | 2.8/12 MB | 311/463 kB | 98/228 kB
2026.09.20 16:54:54 INFO  Progress (4): 5.6/6.3 MB | 2.8/12 MB | 311/463 kB | 98/228 kB
2026.09.20 16:54:54 INFO  Progress (5): 5.6/6.3 MB | 2.8/12 MB | 311/463 kB | 98/228 kB | 0/3.8 MB
2026.09.20 16:54:54 INFO  Progress (5): 5.6/6.3 MB | 2.8/12 MB | 311/463 kB | 98/228 kB | 0/3.8 MB
2026.09.20 16:54:54 INFO  Progress (5): 5.6/6.3 MB | 2.8/12 MB | 311/463 kB | 115/228 kB | 0/3.8 MB
2026.09.20 16:54:54 INFO  Progress (5): 5.6/6.3 MB | 2.8/12 MB | 311/463 kB | 115/228 kB | 0/3.8 MB
2026.09.20 16:54:54 INFO  Progress (5): 5.6/6.3 MB | 2.8/12 MB | 311/463 kB | 115/228 kB | 0/3.8 MB
2026.09.20 16:54:54 INFO  Progress (5): 5.6/6.3 MB | 2.8/12 MB | 311/463 kB | 115/228 kB | 0/3.8 MB
2026.09.20 16:54:54 INFO  Progress (5): 5.6/6.3 MB | 2.8/12 MB | 311/463 kB | 131/228 kB | 0/3.8 MB
2026.09.20 16:54:54 INFO  Progress (5): 5.6/6.3 MB | 2.8/12 MB | 311/463 kB | 131/228 kB | 0/3.8 MB
2026.09.20 16:54:54 INFO  Progress (5): 5.6/6.3 MB | 2.8/12 MB | 311/463 kB | 131/228 kB | 0/3.8 MB
2026.09.20 16:54:54 INFO  Progress (5): 5.6/6.3 MB | 2.8/12 MB | 328/463 kB | 131/228 kB | 0/3.8 MB
2026.09.20 16:54:54 INFO  Progress (5): 5.6/6.3 MB | 2.8/12 MB | 328/463 kB | 131/228 kB | 0.1/3.8 MB
2026.09.20 16:54:54 INFO  Progress (5): 5.6/6.3 MB | 2.8/12 MB | 328/463 kB | 147/228 kB | 0.1/3.8 MB
2026.09.20 16:54:54 INFO  Progress (5): 5.6/6.3 MB | 2.8/12 MB | 328/463 kB | 147/228 kB | 0.1/3.8 MB
2026.09.20 16:54:54 INFO  Progress (5): 5.6/6.3 MB | 2.8/12 MB | 328/463 kB | 147/228 kB | 0.1/3.8 MB
2026.09.20 16:54:54 INFO  Progress (5): 5.6/6.3 MB | 2.8/12 MB | 328/463 kB | 164/228 kB | 0.1/3.8 MB
2026.09.20 16:54:54 INFO  Progress (5): 5.6/6.3 MB | 2.8/12 MB | 328/463 kB | 164/228 kB | 0.1/3.8 MB
2026.09.20 16:54:54 INFO  Progress (5): 5.6/6.3 MB | 2.8/12 MB | 328/463 kB | 164/228 kB | 0.1/3.8 MB
2026.09.20 16:54:54 INFO  Progress (5): 5.6/6.3 MB | 2.8/12 MB | 344/463 kB | 164/228 kB | 0.1/3.8 MB
2026.09.20 16:54:54 INFO  Progress (5): 5.6/6.3 MB | 2.8/12 MB | 344/463 kB | 164/228 kB | 0.1/3.8 MB
2026.09.20 16:54:54 INFO  Progress (5): 5.6/6.3 MB | 2.8/12 MB | 344/463 kB | 164/228 kB | 0.1/3.8 MB
2026.09.20 16:54:54 INFO  Progress (5): 5.6/6.3 MB | 2.8/12 MB | 344/463 kB | 180/228 kB | 0.1/3.8 MB
2026.09.20 16:54:54 INFO  Progress (5): 5.6/6.3 MB | 2.8/12 MB | 344/463 kB | 180/228 kB | 0.1/3.8 MB
2026.09.20 16:54:54 INFO  Progress (5): 5.6/6.3 MB | 2.8/12 MB | 344/463 kB | 180/228 kB | 0.1/3.8 MB
2026.09.20 16:54:54 INFO  Progress (5): 5.6/6.3 MB | 2.8/12 MB | 360/463 kB | 180/228 kB | 0.1/3.8 MB
2026.09.20 16:54:54 INFO  Progress (5): 5.7/6.3 MB | 2.8/12 MB | 360/463 kB | 180/228 kB | 0.1/3.8 MB
2026.09.20 16:54:54 INFO  Progress (5): 5.7/6.3 MB | 2.9/12 MB | 360/463 kB | 180/228 kB | 0.1/3.8 MB
2026.09.20 16:54:54 INFO  Progress (5): 5.7/6.3 MB | 2.9/12 MB | 360/463 kB | 197/228 kB | 0.1/3.8 MB
2026.09.20 16:54:54 INFO  Progress (5): 5.7/6.3 MB | 2.9/12 MB | 360/463 kB | 197/228 kB | 0.1/3.8 MB
2026.09.20 16:54:54 INFO  Progress (5): 5.7/6.3 MB | 2.9/12 MB | 360/463 kB | 205/228 kB | 0.1/3.8 MB
2026.09.20 16:54:54 INFO  Progress (5): 5.7/6.3 MB | 2.9/12 MB | 360/463 kB | 205/228 kB | 0.2/3.8 MB
2026.09.20 16:54:54 INFO  Progress (5): 5.7/6.3 MB | 2.9/12 MB | 360/463 kB | 205/228 kB | 0.2/3.8 MB
2026.09.20 16:54:54 INFO  Progress (5): 5.7/6.3 MB | 2.9/12 MB | 360/463 kB | 205/228 kB | 0.2/3.8 MB
2026.09.20 16:54:54 INFO  Progress (5): 5.7/6.3 MB | 2.9/12 MB | 377/463 kB | 205/228 kB | 0.2/3.8 MB
2026.09.20 16:54:54 INFO  Progress (5): 5.7/6.3 MB | 2.9/12 MB | 377/463 kB | 221/228 kB | 0.2/3.8 MB
2026.09.20 16:54:54 INFO  Progress (5): 5.7/6.3 MB | 2.9/12 MB | 377/463 kB | 221/228 kB | 0.2/3.8 MB
2026.09.20 16:54:54 INFO  Progress (5): 5.7/6.3 MB | 2.9/12 MB | 377/463 kB | 228 kB | 0.2/3.8 MB    
2026.09.20 16:54:54 INFO  Progress (5): 5.7/6.3 MB | 2.9/12 MB | 377/463 kB | 228 kB | 0.2/3.8 MB
2026.09.20 16:54:54 INFO  Progress (5): 5.7/6.3 MB | 2.9/12 MB | 377/463 kB | 228 kB | 0.2/3.8 MB
2026.09.20 16:54:54 INFO  Progress (5): 5.7/6.3 MB | 2.9/12 MB | 377/463 kB | 228 kB | 0.2/3.8 MB
2026.09.20 16:54:54 INFO                                                                         
2026.09.20 16:54:54 INFO  Downloaded from central: https://repo.maven.apache.org/maven2/org/jline/jline-terminal/3.19.0/jline-terminal-3.19.0.jar (228 kB at 28 kB/s)
2026.09.20 16:54:54 INFO  Downloading from central: https://repo.maven.apache.org/maven2/org/scala-sbt/util-relation_2.13/1.8.0/util-relation_2.13-1.8.0.jar
2026.09.20 16:54:54 INFO  Progress (4): 5.7/6.3 MB | 2.9/12 MB | 377/463 kB | 0.2/3.8 MB
2026.09.20 16:54:54 INFO  Progress (4): 5.7/6.3 MB | 2.9/12 MB | 377/463 kB | 0.2/3.8 MB
2026.09.20 16:54:54 INFO  Progress (4): 5.7/6.3 MB | 2.9/12 MB | 377/463 kB | 0.2/3.8 MB
2026.09.20 16:54:54 INFO  Progress (4): 5.7/6.3 MB | 2.9/12 MB | 377/463 kB | 0.2/3.8 MB
2026.09.20 16:54:54 INFO  Progress (4): 5.7/6.3 MB | 2.9/12 MB | 393/463 kB | 0.2/3.8 MB
2026.09.20 16:54:54 INFO  Progress (4): 5.7/6.3 MB | 2.9/12 MB | 393/463 kB | 0.2/3.8 MB
2026.09.20 16:54:54 INFO  Progress (5): 5.7/6.3 MB | 2.9/12 MB | 393/463 kB | 0.2/3.8 MB | 7.7/15 kB
2026.09.20 16:54:54 INFO  Progress (5): 5.7/6.3 MB | 2.9/12 MB | 393/463 kB | 0.2/3.8 MB | 8.2/15 kB
2026.09.20 16:54:54 INFO  Progress (5): 5.7/6.3 MB | 2.9/12 MB | 393/463 kB | 0.2/3.8 MB | 15 kB    
2026.09.20 16:54:54 INFO                                                                        
2026.09.20 16:54:54 INFO  Downloaded from central: https://repo.maven.apache.org/maven2/org/scala-sbt/util-relation_2.13/1.8.0/util-relation_2.13-1.8.0.jar (15 kB at 1.8 kB/s)
2026.09.20 16:54:54 INFO  Downloading from central: https://repo.maven.apache.org/maven2/org/scala-sbt/zinc-persist_2.13/1.8.0/zinc-persist_2.13-1.8.0.jar
2026.09.20 16:54:54 INFO  Progress (4): 5.7/6.3 MB | 2.9/12 MB | 393/463 kB | 0.2/3.8 MB
2026.09.20 16:54:54 INFO  Progress (4): 5.8/6.3 MB | 2.9/12 MB | 393/463 kB | 0.2/3.8 MB
2026.09.20 16:54:54 INFO  Progress (4): 5.8/6.3 MB | 2.9/12 MB | 393/463 kB | 0.2/3.8 MB
2026.09.20 16:54:54 INFO  Progress (4): 5.8/6.3 MB | 2.9/12 MB | 393/463 kB | 0.2/3.8 MB
2026.09.20 16:54:54 INFO  Progress (4): 5.8/6.3 MB | 2.9/12 MB | 393/463 kB | 0.3/3.8 MB
2026.09.20 16:54:54 INFO  Progress (4): 5.8/6.3 MB | 2.9/12 MB | 393/463 kB | 0.3/3.8 MB
2026.09.20 16:54:54 INFO  Progress (4): 5.8/6.3 MB | 2.9/12 MB | 393/463 kB | 0.3/3.8 MB
2026.09.20 16:54:54 INFO  Progress (4): 5.8/6.3 MB | 2.9/12 MB | 393/463 kB | 0.3/3.8 MB
2026.09.20 16:54:54 INFO  Progress (4): 5.8/6.3 MB | 2.9/12 MB | 410/463 kB | 0.3/3.8 MB
2026.09.20 16:54:54 INFO  Progress (4): 5.8/6.3 MB | 2.9/12 MB | 410/463 kB | 0.3/3.8 MB
2026.09.20 16:54:54 INFO  Progress (4): 5.8/6.3 MB | 2.9/12 MB | 410/463 kB | 0.3/3.8 MB
2026.09.20 16:54:54 INFO  Progress (4): 5.8/6.3 MB | 2.9/12 MB | 426/463 kB | 0.3/3.8 MB
2026.09.20 16:54:54 INFO  Progress (4): 5.8/6.3 MB | 2.9/12 MB | 426/463 kB | 0.3/3.8 MB
2026.09.20 16:54:54 INFO  Progress (4): 5.8/6.3 MB | 2.9/12 MB | 426/463 kB | 0.3/3.8 MB
2026.09.20 16:54:54 INFO  Progress (4): 5.8/6.3 MB | 2.9/12 MB | 426/463 kB | 0.3/3.8 MB
2026.09.20 16:54:54 INFO  Progress (4): 5.8/6.3 MB | 2.9/12 MB | 426/463 kB | 0.3/3.8 MB
2026.09.20 16:54:54 INFO  Progress (4): 5.8/6.3 MB | 2.9/12 MB | 426/463 kB | 0.3/3.8 MB
2026.09.20 16:54:54 INFO  Progress (4): 5.8/6.3 MB | 2.9/12 MB | 426/463 kB | 0.3/3.8 MB
2026.09.20 16:54:54 INFO  Progress (4): 5.8/6.3 MB | 2.9/12 MB | 426/463 kB | 0.3/3.8 MB
2026.09.20 16:54:54 INFO  Progress (4): 5.8/6.3 MB | 2.9/12 MB | 426/463 kB | 0.3/3.8 MB
2026.09.20 16:54:54 INFO  Progress (4): 5.9/6.3 MB | 2.9/12 MB | 426/463 kB | 0.3/3.8 MB
2026.09.20 16:54:54 INFO  Progress (4): 5.9/6.3 MB | 2.9/12 MB | 442/463 kB | 0.3/3.8 MB
2026.09.20 16:54:54 INFO  Progress (4): 5.9/6.3 MB | 2.9/12 MB | 442/463 kB | 0.3/3.8 MB
2026.09.20 16:54:54 INFO  Progress (4): 5.9/6.3 MB | 2.9/12 MB | 442/463 kB | 0.3/3.8 MB
2026.09.20 16:54:54 INFO  Progress (4): 5.9/6.3 MB | 2.9/12 MB | 442/463 kB | 0.4/3.8 MB
2026.09.20 16:54:54 INFO  Progress (4): 5.9/6.3 MB | 2.9/12 MB | 442/463 kB | 0.4/3.8 MB
2026.09.20 16:54:54 INFO  Progress (4): 5.9/6.3 MB | 3.0/12 MB | 442/463 kB | 0.4/3.8 MB
2026.09.20 16:54:54 INFO  Progress (4): 5.9/6.3 MB | 3.0/12 MB | 442/463 kB | 0.4/3.8 MB
2026.09.20 16:54:54 INFO  Progress (4): 5.9/6.3 MB | 3.0/12 MB | 442/463 kB | 0.4/3.8 MB
2026.09.20 16:54:54 INFO  Progress (4): 5.9/6.3 MB | 3.0/12 MB | 442/463 kB | 0.4/3.8 MB
2026.09.20 16:54:54 INFO  Progress (4): 5.9/6.3 MB | 3.0/12 MB | 442/463 kB | 0.4/3.8 MB
2026.09.20 16:54:54 INFO  Progress (4): 5.9/6.3 MB | 3.0/12 MB | 442/463 kB | 0.4/3.8 MB
2026.09.20 16:54:54 INFO  Progress (4): 5.9/6.3 MB | 3.0/12 MB | 442/463 kB | 0.4/3.8 MB
2026.09.20 16:54:54 INFO  Progress (4): 5.9/6.3 MB | 3.0/12 MB | 442/463 kB | 0.4/3.8 MB
2026.09.20 16:54:54 INFO  Progress (4): 5.9/6.3 MB | 3.0/12 MB | 442/463 kB | 0.5/3.8 MB
2026.09.20 16:54:54 INFO  Progress (4): 5.9/6.3 MB | 3.0/12 MB | 442/463 kB | 0.5/3.8 MB
2026.09.20 16:54:54 INFO  Progress (4): 5.9/6.3 MB | 3.0/12 MB | 442/463 kB | 0.5/3.8 MB
2026.09.20 16:54:54 INFO  Progress (4): 5.9/6.3 MB | 3.0/12 MB | 459/463 kB | 0.5/3.8 MB
2026.09.20 16:54:54 INFO  Progress (4): 5.9/6.3 MB | 3.0/12 MB | 463 kB | 0.5/3.8 MB    
2026.09.20 16:54:54 INFO  Progress (4): 5.9/6.3 MB | 3.0/12 MB | 463 kB | 0.5/3.8 MB
2026.09.20 16:54:54 INFO  Progress (4): 6.0/6.3 MB | 3.0/12 MB | 463 kB | 0.5/3.8 MB
2026.09.20 16:54:54 INFO                                                            
2026.09.20 16:54:54 INFO  Downloaded from central: https://repo.maven.apache.org/maven2/org/scala-sbt/util-logging_2.13/1.8.0/util-logging_2.13-1.8.0.jar (463 kB at 55 kB/s)
2026.09.20 16:54:54 INFO  Downloading from central: https://repo.maven.apache.org/maven2/org/scala-sbt/zinc-compile-core_2.13/1.8.0/zinc-compile-core_2.13-1.8.0.jar
2026.09.20 16:54:54 INFO  Progress (3): 6.0/6.3 MB | 3.0/12 MB | 0.5/3.8 MB
2026.09.20 16:54:54 INFO  Progress (3): 6.0/6.3 MB | 3.0/12 MB | 0.5/3.8 MB
2026.09.20 16:54:54 INFO  Progress (3): 6.0/6.3 MB | 3.0/12 MB | 0.5/3.8 MB
2026.09.20 16:54:54 INFO  Progress (3): 6.0/6.3 MB | 3.0/12 MB | 0.5/3.8 MB
2026.09.20 16:54:54 INFO  Progress (3): 6.0/6.3 MB | 3.0/12 MB | 0.5/3.8 MB
2026.09.20 16:54:54 INFO  Progress (3): 6.0/6.3 MB | 3.0/12 MB | 0.5/3.8 MB
2026.09.20 16:54:54 INFO  Progress (3): 6.0/6.3 MB | 3.0/12 MB | 0.5/3.8 MB
2026.09.20 16:54:54 INFO  Progress (3): 6.0/6.3 MB | 3.0/12 MB | 0.5/3.8 MB
2026.09.20 16:54:54 INFO  Progress (4): 6.0/6.3 MB | 3.0/12 MB | 0.5/3.8 MB | 7.7/270 kB
2026.09.20 16:54:54 INFO  Progress (4): 6.0/6.3 MB | 3.0/12 MB | 0.5/3.8 MB | 8.2/270 kB
2026.09.20 16:54:54 INFO  Progress (4): 6.0/6.3 MB | 3.0/12 MB | 0.6/3.8 MB | 8.2/270 kB
2026.09.20 16:54:54 INFO  Progress (4): 6.0/6.3 MB | 3.0/12 MB | 0.6/3.8 MB | 25/270 kB 
2026.09.20 16:54:54 INFO  Progress (4): 6.0/6.3 MB | 3.0/12 MB | 0.6/3.8 MB | 25/270 kB
2026.09.20 16:54:54 INFO  Progress (4): 6.0/6.3 MB | 3.1/12 MB | 0.6/3.8 MB | 25/270 kB
2026.09.20 16:54:54 INFO  Progress (4): 6.0/6.3 MB | 3.1/12 MB | 0.6/3.8 MB | 25/270 kB
2026.09.20 16:54:54 INFO  Progress (4): 6.0/6.3 MB | 3.1/12 MB | 0.6/3.8 MB | 41/270 kB
2026.09.20 16:54:54 INFO  Progress (4): 6.0/6.3 MB | 3.1/12 MB | 0.6/3.8 MB | 41/270 kB
2026.09.20 16:54:54 INFO  Progress (4): 6.0/6.3 MB | 3.1/12 MB | 0.6/3.8 MB | 41/270 kB
2026.09.20 16:54:54 INFO  Progress (4): 6.0/6.3 MB | 3.1/12 MB | 0.6/3.8 MB | 41/270 kB
2026.09.20 16:54:54 INFO  Progress (4): 6.0/6.3 MB | 3.1/12 MB | 0.6/3.8 MB | 57/270 kB
2026.09.20 16:54:54 INFO  Progress (4): 6.0/6.3 MB | 3.1/12 MB | 0.6/3.8 MB | 57/270 kB
2026.09.20 16:54:54 INFO  Progress (4): 6.0/6.3 MB | 3.1/12 MB | 0.6/3.8 MB | 57/270 kB
2026.09.20 16:54:54 INFO  Progress (4): 6.0/6.3 MB | 3.1/12 MB | 0.6/3.8 MB | 74/270 kB
2026.09.20 16:54:54 INFO  Progress (4): 6.0/6.3 MB | 3.1/12 MB | 0.6/3.8 MB | 74/270 kB
2026.09.20 16:54:54 INFO  Progress (4): 6.0/6.3 MB | 3.1/12 MB | 0.6/3.8 MB | 90/270 kB
2026.09.20 16:54:54 INFO  Progress (4): 6.0/6.3 MB | 3.1/12 MB | 0.6/3.8 MB | 90/270 kB
2026.09.20 16:54:54 INFO  Progress (4): 6.0/6.3 MB | 3.1/12 MB | 0.6/3.8 MB | 90/270 kB
2026.09.20 16:54:54 INFO  Progress (4): 6.1/6.3 MB | 3.1/12 MB | 0.6/3.8 MB | 90/270 kB
2026.09.20 16:54:54 INFO  Progress (4): 6.1/6.3 MB | 3.1/12 MB | 0.6/3.8 MB | 106/270 kB
2026.09.20 16:54:54 INFO  Progress (4): 6.1/6.3 MB | 3.1/12 MB | 0.6/3.8 MB | 123/270 kB
2026.09.20 16:54:55 INFO  Progress (4): 6.1/6.3 MB | 3.1/12 MB | 0.6/3.8 MB | 139/270 kB
2026.09.20 16:54:55 INFO  Progress (4): 6.1/6.3 MB | 3.1/12 MB | 0.6/3.8 MB | 147/270 kB
2026.09.20 16:54:55 INFO  Progress (4): 6.1/6.3 MB | 3.1/12 MB | 0.6/3.8 MB | 164/270 kB
2026.09.20 16:54:55 INFO  Progress (4): 6.1/6.3 MB | 3.1/12 MB | 0.6/3.8 MB | 180/270 kB
2026.09.20 16:54:55 INFO  Progress (4): 6.1/6.3 MB | 3.1/12 MB | 0.6/3.8 MB | 197/270 kB
2026.09.20 16:54:55 INFO  Progress (4): 6.1/6.3 MB | 3.1/12 MB | 0.6/3.8 MB | 197/270 kB
2026.09.20 16:54:55 INFO  Progress (4): 6.1/6.3 MB | 3.1/12 MB | 0.6/3.8 MB | 213/270 kB
2026.09.20 16:54:55 INFO  Progress (4): 6.1/6.3 MB | 3.1/12 MB | 0.6/3.8 MB | 229/270 kB
2026.09.20 16:54:55 INFO  Progress (4): 6.1/6.3 MB | 3.1/12 MB | 0.6/3.8 MB | 246/270 kB
2026.09.20 16:54:55 INFO  Progress (4): 6.1/6.3 MB | 3.1/12 MB | 0.7/3.8 MB | 246/270 kB
2026.09.20 16:54:55 INFO  Progress (4): 6.1/6.3 MB | 3.1/12 MB | 0.7/3.8 MB | 246/270 kB
2026.09.20 16:54:55 INFO  Progress (4): 6.1/6.3 MB | 3.1/12 MB | 0.7/3.8 MB | 246/270 kB
2026.09.20 16:54:55 INFO  Progress (4): 6.1/6.3 MB | 3.1/12 MB | 0.7/3.8 MB | 246/270 kB
2026.09.20 16:54:55 INFO  Progress (4): 6.1/6.3 MB | 3.1/12 MB | 0.7/3.8 MB | 246/270 kB
2026.09.20 16:54:55 INFO  Progress (4): 6.2/6.3 MB | 3.1/12 MB | 0.7/3.8 MB | 246/270 kB
2026.09.20 16:54:55 INFO  Progress (4): 6.2/6.3 MB | 3.1/12 MB | 0.7/3.8 MB | 246/270 kB
2026.09.20 16:54:55 INFO  Progress (4): 6.2/6.3 MB | 3.1/12 MB | 0.7/3.8 MB | 246/270 kB
2026.09.20 16:54:55 INFO  Progress (4): 6.2/6.3 MB | 3.1/12 MB | 0.7/3.8 MB | 246/270 kB
2026.09.20 16:54:55 INFO  Progress (5): 6.2/6.3 MB | 3.1/12 MB | 0.7/3.8 MB | 246/270 kB | 8.2/254 kB
2026.09.20 16:54:55 INFO  Progress (5): 6.2/6.3 MB | 3.1/12 MB | 0.7/3.8 MB | 246/270 kB | 8.2/254 kB
2026.09.20 16:54:55 INFO  Progress (5): 6.2/6.3 MB | 3.1/12 MB | 0.7/3.8 MB | 246/270 kB | 8.2/254 kB
2026.09.20 16:54:55 INFO  Progress (5): 6.2/6.3 MB | 3.1/12 MB | 0.7/3.8 MB | 246/270 kB | 8.2/254 kB
2026.09.20 16:54:55 INFO  Progress (5): 6.2/6.3 MB | 3.1/12 MB | 0.7/3.8 MB | 246/270 kB | 8.2/254 kB
2026.09.20 16:54:55 INFO  Progress (5): 6.2/6.3 MB | 3.1/12 MB | 0.7/3.8 MB | 246/270 kB | 8.2/254 kB
2026.09.20 16:54:55 INFO  Progress (5): 6.2/6.3 MB | 3.2/12 MB | 0.7/3.8 MB | 246/270 kB | 8.2/254 kB
2026.09.20 16:54:55 INFO  Progress (5): 6.2/6.3 MB | 3.2/12 MB | 0.7/3.8 MB | 246/270 kB | 8.2/254 kB
2026.09.20 16:54:55 INFO  Progress (5): 6.2/6.3 MB | 3.2/12 MB | 0.7/3.8 MB | 246/270 kB | 8.2/254 kB
2026.09.20 16:54:55 INFO  Progress (5): 6.2/6.3 MB | 3.2/12 MB | 0.7/3.8 MB | 246/270 kB | 25/254 kB 
2026.09.20 16:54:55 INFO  Progress (5): 6.2/6.3 MB | 3.2/12 MB | 0.7/3.8 MB | 246/270 kB | 25/254 kB
2026.09.20 16:54:55 INFO  Progress (5): 6.2/6.3 MB | 3.2/12 MB | 0.7/3.8 MB | 246/270 kB | 41/254 kB
2026.09.20 16:54:55 INFO  Progress (5): 6.2/6.3 MB | 3.2/12 MB | 0.7/3.8 MB | 246/270 kB | 41/254 kB
2026.09.20 16:54:55 INFO  Progress (5): 6.2/6.3 MB | 3.2/12 MB | 0.7/3.8 MB | 246/270 kB | 57/254 kB
2026.09.20 16:54:55 INFO  Progress (5): 6.2/6.3 MB | 3.2/12 MB | 0.7/3.8 MB | 246/270 kB | 74/254 kB
2026.09.20 16:54:55 INFO  Progress (5): 6.2/6.3 MB | 3.2/12 MB | 0.7/3.8 MB | 246/270 kB | 74/254 kB
2026.09.20 16:54:55 INFO  Progress (5): 6.2/6.3 MB | 3.2/12 MB | 0.7/3.8 MB | 246/270 kB | 74/254 kB
2026.09.20 16:54:55 INFO  Progress (5): 6.2/6.3 MB | 3.2/12 MB | 0.7/3.8 MB | 246/270 kB | 74/254 kB
2026.09.20 16:54:55 INFO  Progress (5): 6.2/6.3 MB | 3.2/12 MB | 0.8/3.8 MB | 246/270 kB | 74/254 kB
2026.09.20 16:54:55 INFO  Progress (5): 6.2/6.3 MB | 3.2/12 MB | 0.8/3.8 MB | 246/270 kB | 74/254 kB
2026.09.20 16:54:55 INFO  Progress (5): 6.2/6.3 MB | 3.2/12 MB | 0.8/3.8 MB | 246/270 kB | 74/254 kB
2026.09.20 16:54:55 INFO  Progress (5): 6.2/6.3 MB | 3.2/12 MB | 0.8/3.8 MB | 246/270 kB | 74/254 kB
2026.09.20 16:54:55 INFO  Progress (5): 6.2/6.3 MB | 3.2/12 MB | 0.8/3.8 MB | 246/270 kB | 74/254 kB
2026.09.20 16:54:55 INFO  Progress (5): 6.2/6.3 MB | 3.2/12 MB | 0.8/3.8 MB | 246/270 kB | 74/254 kB
2026.09.20 16:54:55 INFO  Progress (5): 6.2/6.3 MB | 3.2/12 MB | 0.9/3.8 MB | 246/270 kB | 74/254 kB
2026.09.20 16:54:55 INFO  Progress (5): 6.2/6.3 MB | 3.2/12 MB | 0.9/3.8 MB | 262/270 kB | 74/254 kB
2026.09.20 16:54:55 INFO  Progress (5): 6.2/6.3 MB | 3.2/12 MB | 0.9/3.8 MB | 270 kB | 74/254 kB    
2026.09.20 16:54:55 INFO  Progress (5): 6.2/6.3 MB | 3.2/12 MB | 0.9/3.8 MB | 270 kB | 74/254 kB
2026.09.20 16:54:55 INFO                                                                        
2026.09.20 16:54:55 INFO  Downloaded from central: https://repo.maven.apache.org/maven2/org/scala-sbt/zinc-persist_2.13/1.8.0/zinc-persist_2.13-1.8.0.jar (270 kB at 30 kB/s)
2026.09.20 16:54:55 INFO  Downloading from central: https://repo.maven.apache.org/maven2/org/scala-lang/modules/scala-parser-combinators_2.13/1.1.2/scala-parser-combinators_2.13-1.1.2.jar
2026.09.20 16:54:55 INFO  Progress (4): 6.2/6.3 MB | 3.2/12 MB | 0.9/3.8 MB | 74/254 kB
2026.09.20 16:54:55 INFO  Progress (4): 6.2/6.3 MB | 3.2/12 MB | 0.9/3.8 MB | 74/254 kB
2026.09.20 16:54:55 INFO  Progress (4): 6.2/6.3 MB | 3.2/12 MB | 0.9/3.8 MB | 74/254 kB
2026.09.20 16:54:55 INFO  Progress (4): 6.3/6.3 MB | 3.2/12 MB | 0.9/3.8 MB | 74/254 kB
2026.09.20 16:54:55 INFO  Progress (4): 6.3/6.3 MB | 3.2/12 MB | 0.9/3.8 MB | 74/254 kB
2026.09.20 16:54:55 INFO  Progress (4): 6.3/6.3 MB | 3.2/12 MB | 0.9/3.8 MB | 74/254 kB
2026.09.20 16:54:55 INFO  Progress (4): 6.3 MB | 3.2/12 MB | 0.9/3.8 MB | 74/254 kB    
2026.09.20 16:54:55 INFO  Progress (4): 6.3 MB | 3.2/12 MB | 0.9/3.8 MB | 90/254 kB
2026.09.20 16:54:55 INFO  Progress (4): 6.3 MB | 3.2/12 MB | 0.9/3.8 MB | 90/254 kB
2026.09.20 16:54:55 INFO  Progress (4): 6.3 MB | 3.2/12 MB | 0.9/3.8 MB | 90/254 kB
2026.09.20 16:54:55 INFO  Progress (4): 6.3 MB | 3.2/12 MB | 0.9/3.8 MB | 90/254 kB
2026.09.20 16:54:55 INFO  Progress (4): 6.3 MB | 3.2/12 MB | 0.9/3.8 MB | 90/254 kB
2026.09.20 16:54:55 INFO  Progress (4): 6.3 MB | 3.2/12 MB | 1.0/3.8 MB | 90/254 kB
2026.09.20 16:54:55 INFO  Progress (4): 6.3 MB | 3.2/12 MB | 1.0/3.8 MB | 90/254 kB
2026.09.20 16:54:55 INFO  Progress (4): 6.3 MB | 3.2/12 MB | 1.0/3.8 MB | 90/254 kB
2026.09.20 16:54:55 INFO  Progress (4): 6.3 MB | 3.3/12 MB | 1.0/3.8 MB | 90/254 kB
2026.09.20 16:54:55 INFO  Progress (4): 6.3 MB | 3.3/12 MB | 1.0/3.8 MB | 90/254 kB
2026.09.20 16:54:55 INFO  Progress (4): 6.3 MB | 3.3/12 MB | 1.0/3.8 MB | 90/254 kB
2026.09.20 16:54:55 INFO  Progress (4): 6.3 MB | 3.3/12 MB | 1.0/3.8 MB | 106/254 kB
2026.09.20 16:54:55 INFO  Progress (4): 6.3 MB | 3.3/12 MB | 1.0/3.8 MB | 123/254 kB
2026.09.20 16:54:55 INFO  Progress (4): 6.3 MB | 3.3/12 MB | 1.0/3.8 MB | 131/254 kB
2026.09.20 16:54:55 INFO  Progress (4): 6.3 MB | 3.3/12 MB | 1.0/3.8 MB | 147/254 kB
2026.09.20 16:54:55 INFO  Progress (4): 6.3 MB | 3.3/12 MB | 1.0/3.8 MB | 147/254 kB
2026.09.20 16:54:55 INFO                                                            
2026.09.20 16:54:55 INFO  Downloaded from central: https://repo.maven.apache.org/maven2/com/github/luben/zstd-jni/1.5.2-5/zstd-jni-1.5.2-5.jar (6.3 MB at 700 kB/s)
2026.09.20 16:54:55 INFO  Downloading from central: https://repo.maven.apache.org/maven2/net/openhft/zero-allocation-hashing/0.10.1/zero-allocation-hashing-0.10.1.jar
2026.09.20 16:54:55 INFO  Progress (3): 3.3/12 MB | 1.0/3.8 MB | 147/254 kB
2026.09.20 16:54:55 INFO  Progress (3): 3.3/12 MB | 1.0/3.8 MB | 147/254 kB
2026.09.20 16:54:55 INFO  Progress (3): 3.3/12 MB | 1.0/3.8 MB | 164/254 kB
2026.09.20 16:54:55 INFO  Progress (3): 3.3/12 MB | 1.0/3.8 MB | 164/254 kB
2026.09.20 16:54:55 INFO  Progress (3): 3.3/12 MB | 1.0/3.8 MB | 164/254 kB
2026.09.20 16:54:55 INFO  Progress (3): 3.3/12 MB | 1.0/3.8 MB | 164/254 kB
2026.09.20 16:54:55 INFO  Progress (4): 3.3/12 MB | 1.0/3.8 MB | 164/254 kB | 7.7/225 kB
2026.09.20 16:54:55 INFO  Progress (4): 3.3/12 MB | 1.0/3.8 MB | 164/254 kB | 8.2/225 kB
2026.09.20 16:54:55 INFO  Progress (4): 3.3/12 MB | 1.0/3.8 MB | 164/254 kB | 25/225 kB 
2026.09.20 16:54:55 INFO  Progress (4): 3.3/12 MB | 1.1/3.8 MB | 164/254 kB | 25/225 kB
2026.09.20 16:54:55 INFO  Progress (4): 3.3/12 MB | 1.1/3.8 MB | 180/254 kB | 25/225 kB
2026.09.20 16:54:55 INFO  Progress (4): 3.3/12 MB | 1.1/3.8 MB | 180/254 kB | 25/225 kB
2026.09.20 16:54:55 INFO  Progress (4): 3.3/12 MB | 1.1/3.8 MB | 180/254 kB | 41/225 kB
2026.09.20 16:54:55 INFO  Progress (4): 3.3/12 MB | 1.1/3.8 MB | 180/254 kB | 41/225 kB
2026.09.20 16:54:55 INFO  Progress (4): 3.3/12 MB | 1.1/3.8 MB | 180/254 kB | 41/225 kB
2026.09.20 16:54:55 INFO  Progress (4): 3.3/12 MB | 1.1/3.8 MB | 180/254 kB | 57/225 kB
2026.09.20 16:54:55 INFO  Progress (4): 3.3/12 MB | 1.1/3.8 MB | 180/254 kB | 57/225 kB
2026.09.20 16:54:55 INFO  Progress (4): 3.3/12 MB | 1.1/3.8 MB | 197/254 kB | 57/225 kB
2026.09.20 16:54:55 INFO  Progress (4): 3.4/12 MB | 1.1/3.8 MB | 197/254 kB | 57/225 kB
2026.09.20 16:54:55 INFO  Progress (4): 3.4/12 MB | 1.1/3.8 MB | 197/254 kB | 74/225 kB
2026.09.20 16:54:55 INFO  Progress (4): 3.4/12 MB | 1.1/3.8 MB | 197/254 kB | 74/225 kB
2026.09.20 16:54:55 INFO  Progress (4): 3.4/12 MB | 1.1/3.8 MB | 197/254 kB | 90/225 kB
2026.09.20 16:54:55 INFO  Progress (4): 3.4/12 MB | 1.1/3.8 MB | 197/254 kB | 90/225 kB
2026.09.20 16:54:55 INFO  Progress (4): 3.4/12 MB | 1.1/3.8 MB | 197/254 kB | 106/225 kB
2026.09.20 16:54:55 INFO  Progress (4): 3.4/12 MB | 1.1/3.8 MB | 213/254 kB | 106/225 kB
2026.09.20 16:54:55 INFO  Progress (4): 3.4/12 MB | 1.1/3.8 MB | 213/254 kB | 106/225 kB
2026.09.20 16:54:55 INFO  Progress (4): 3.4/12 MB | 1.2/3.8 MB | 213/254 kB | 106/225 kB
2026.09.20 16:54:55 INFO  Progress (4): 3.4/12 MB | 1.2/3.8 MB | 213/254 kB | 106/225 kB
2026.09.20 16:54:55 INFO  Progress (4): 3.4/12 MB | 1.2/3.8 MB | 213/254 kB | 123/225 kB
2026.09.20 16:54:55 INFO  Progress (4): 3.4/12 MB | 1.2/3.8 MB | 213/254 kB | 123/225 kB
2026.09.20 16:54:55 INFO  Progress (4): 3.4/12 MB | 1.2/3.8 MB | 213/254 kB | 131/225 kB
2026.09.20 16:54:55 INFO  Progress (4): 3.4/12 MB | 1.2/3.8 MB | 229/254 kB | 131/225 kB
2026.09.20 16:54:55 INFO  Progress (4): 3.4/12 MB | 1.2/3.8 MB | 229/254 kB | 131/225 kB
2026.09.20 16:54:55 INFO  Progress (4): 3.4/12 MB | 1.2/3.8 MB | 229/254 kB | 139/225 kB
2026.09.20 16:54:55 INFO  Progress (4): 3.4/12 MB | 1.2/3.8 MB | 229/254 kB | 139/225 kB
2026.09.20 16:54:55 INFO  Progress (5): 3.4/12 MB | 1.2/3.8 MB | 229/254 kB | 139/225 kB | 7.7/60 kB
2026.09.20 16:54:55 INFO  Progress (5): 3.4/12 MB | 1.2/3.8 MB | 229/254 kB | 139/225 kB | 16/60 kB 
2026.09.20 16:54:55 INFO  Progress (5): 3.4/12 MB | 1.2/3.8 MB | 229/254 kB | 156/225 kB | 16/60 kB
2026.09.20 16:54:55 INFO  Progress (5): 3.4/12 MB | 1.2/3.8 MB | 229/254 kB | 156/225 kB | 25/60 kB
2026.09.20 16:54:55 INFO  Progress (5): 3.4/12 MB | 1.2/3.8 MB | 229/254 kB | 156/225 kB | 25/60 kB
2026.09.20 16:54:55 INFO  Progress (5): 3.4/12 MB | 1.2/3.8 MB | 229/254 kB | 156/225 kB | 25/60 kB
2026.09.20 16:54:55 INFO  Progress (5): 3.4/12 MB | 1.2/3.8 MB | 229/254 kB | 156/225 kB | 41/60 kB
2026.09.20 16:54:55 INFO  Progress (5): 3.4/12 MB | 1.2/3.8 MB | 229/254 kB | 172/225 kB | 41/60 kB
2026.09.20 16:54:55 INFO  Progress (5): 3.4/12 MB | 1.2/3.8 MB | 229/254 kB | 172/225 kB | 41/60 kB
2026.09.20 16:54:55 INFO  Progress (5): 3.4/12 MB | 1.2/3.8 MB | 246/254 kB | 172/225 kB | 41/60 kB
2026.09.20 16:54:55 INFO  Progress (5): 3.4/12 MB | 1.2/3.8 MB | 246/254 kB | 172/225 kB | 57/60 kB
2026.09.20 16:54:55 INFO  Progress (5): 3.4/12 MB | 1.2/3.8 MB | 246/254 kB | 172/225 kB | 57/60 kB
2026.09.20 16:54:55 INFO  Progress (5): 3.4/12 MB | 1.2/3.8 MB | 246/254 kB | 188/225 kB | 57/60 kB
2026.09.20 16:54:55 INFO  Progress (5): 3.4/12 MB | 1.2/3.8 MB | 246/254 kB | 188/225 kB | 60 kB   
2026.09.20 16:54:55 INFO  Progress (5): 3.4/12 MB | 1.2/3.8 MB | 254 kB | 188/225 kB | 60 kB    
2026.09.20 16:54:55 INFO  Progress (5): 3.4/12 MB | 1.2/3.8 MB | 254 kB | 188/225 kB | 60 kB
2026.09.20 16:54:55 INFO  Progress (5): 3.4/12 MB | 1.3/3.8 MB | 254 kB | 188/225 kB | 60 kB
2026.09.20 16:54:55 INFO  Progress (5): 3.4/12 MB | 1.3/3.8 MB | 254 kB | 205/225 kB | 60 kB
2026.09.20 16:54:55 INFO                                                                    
2026.09.20 16:54:55 INFO  Downloaded from central: https://repo.maven.apache.org/maven2/net/openhft/zero-allocation-hashing/0.10.1/zero-allocation-hashing-0.10.1.jar (60 kB at 6.5 kB/s)
2026.09.20 16:54:55 INFO  Downloaded from central: https://repo.maven.apache.org/maven2/org/scala-sbt/zinc-compile-core_2.13/1.8.0/zinc-compile-core_2.13-1.8.0.jar (254 kB at 28 kB/s)
2026.09.20 16:54:55 INFO  Downloading from central: https://repo.maven.apache.org/maven2/org/scala-sbt/util-control_2.13/1.8.0/util-control_2.13-1.8.0.jar
2026.09.20 16:54:55 INFO  Downloading from central: https://repo.maven.apache.org/maven2/org/scala-sbt/zinc-classfile_2.13/1.8.0/zinc-classfile_2.13-1.8.0.jar
2026.09.20 16:54:55 INFO  Progress (3): 3.4/12 MB | 1.3/3.8 MB | 205/225 kB
2026.09.20 16:54:55 INFO  Progress (3): 3.4/12 MB | 1.3/3.8 MB | 221/225 kB
2026.09.20 16:54:55 INFO  Progress (3): 3.4/12 MB | 1.3/3.8 MB | 221/225 kB
2026.09.20 16:54:55 INFO  Progress (3): 3.4/12 MB | 1.3/3.8 MB | 225 kB    
2026.09.20 16:54:55 INFO  Progress (3): 3.4/12 MB | 1.3/3.8 MB | 225 kB
2026.09.20 16:54:55 INFO  Progress (3): 3.4/12 MB | 1.3/3.8 MB | 225 kB
2026.09.20 16:54:55 INFO                                               
2026.09.20 16:54:55 INFO  Downloaded from central: https://repo.maven.apache.org/maven2/org/scala-lang/modules/scala-parser-combinators_2.13/1.1.2/scala-parser-combinators_2.13-1.1.2.jar (225 kB at 24 kB/s)
2026.09.20 16:54:55 INFO  Progress (2): 3.5/12 MB | 1.3/3.8 MB
2026.09.20 16:54:55 INFO  Progress (2): 3.5/12 MB | 1.3/3.8 MB
2026.09.20 16:54:55 INFO  Progress (2): 3.5/12 MB | 1.3/3.8 MB
2026.09.20 16:54:55 INFO  Progress (2): 3.5/12 MB | 1.4/3.8 MB
2026.09.20 16:54:55 INFO  Progress (2): 3.5/12 MB | 1.4/3.8 MB
2026.09.20 16:54:55 INFO  Progress (2): 3.5/12 MB | 1.4/3.8 MB
2026.09.20 16:54:55 INFO  Progress (3): 3.5/12 MB | 1.4/3.8 MB | 7.7/108 kB
2026.09.20 16:54:55 INFO  Progress (3): 3.5/12 MB | 1.4/3.8 MB | 16/108 kB 
2026.09.20 16:54:55 INFO  Progress (3): 3.5/12 MB | 1.4/3.8 MB | 16/108 kB
2026.09.20 16:54:55 INFO  Progress (3): 3.5/12 MB | 1.4/3.8 MB | 32/108 kB
2026.09.20 16:54:55 INFO  Progress (3): 3.5/12 MB | 1.4/3.8 MB | 32/108 kB
2026.09.20 16:54:55 INFO  Progress (3): 3.5/12 MB | 1.4/3.8 MB | 32/108 kB
2026.09.20 16:54:55 INFO  Progress (3): 3.5/12 MB | 1.4/3.8 MB | 32/108 kB
2026.09.20 16:54:55 INFO  Progress (3): 3.5/12 MB | 1.4/3.8 MB | 49/108 kB
2026.09.20 16:54:55 INFO  Progress (3): 3.5/12 MB | 1.4/3.8 MB | 61/108 kB
2026.09.20 16:54:55 INFO  Progress (3): 3.5/12 MB | 1.4/3.8 MB | 61/108 kB
2026.09.20 16:54:55 INFO  Progress (3): 3.5/12 MB | 1.4/3.8 MB | 77/108 kB
2026.09.20 16:54:55 INFO  Progress (3): 3.5/12 MB | 1.5/3.8 MB | 77/108 kB
2026.09.20 16:54:55 INFO  Progress (3): 3.5/12 MB | 1.5/3.8 MB | 77/108 kB
2026.09.20 16:54:55 INFO  Progress (3): 3.5/12 MB | 1.5/3.8 MB | 93/108 kB
2026.09.20 16:54:55 INFO  Progress (3): 3.5/12 MB | 1.5/3.8 MB | 93/108 kB
2026.09.20 16:54:55 INFO  Progress (3): 3.5/12 MB | 1.5/3.8 MB | 108 kB   
2026.09.20 16:54:55 INFO  Progress (3): 3.5/12 MB | 1.5/3.8 MB | 108 kB
2026.09.20 16:54:55 INFO  Progress (3): 3.5/12 MB | 1.5/3.8 MB | 108 kB
2026.09.20 16:54:55 INFO  Progress (3): 3.5/12 MB | 1.5/3.8 MB | 108 kB
2026.09.20 16:54:55 INFO                                               
2026.09.20 16:54:55 INFO  Downloaded from central: https://repo.maven.apache.org/maven2/org/scala-sbt/zinc-classfile_2.13/1.8.0/zinc-classfile_2.13-1.8.0.jar (108 kB at 11 kB/s)
2026.09.20 16:54:55 INFO  Progress (2): 3.5/12 MB | 1.5/3.8 MB
2026.09.20 16:54:55 INFO  Progress (3): 3.5/12 MB | 1.5/3.8 MB | 7.7/19 kB
2026.09.20 16:54:55 INFO  Progress (3): 3.5/12 MB | 1.5/3.8 MB | 16/19 kB 
2026.09.20 16:54:55 INFO  Progress (3): 3.5/12 MB | 1.5/3.8 MB | 19 kB   
2026.09.20 16:54:55 INFO  Progress (3): 3.5/12 MB | 1.5/3.8 MB | 19 kB
2026.09.20 16:54:55 INFO  Progress (3): 3.5/12 MB | 1.5/3.8 MB | 19 kB
2026.09.20 16:54:55 INFO                                              
2026.09.20 16:54:55 INFO  Downloaded from central: https://repo.maven.apache.org/maven2/org/scala-sbt/util-control_2.13/1.8.0/util-control_2.13-1.8.0.jar (19 kB at 2.0 kB/s)
2026.09.20 16:54:55 INFO  Progress (2): 3.5/12 MB | 1.6/3.8 MB
2026.09.20 16:54:55 INFO  Progress (2): 3.5/12 MB | 1.6/3.8 MB
2026.09.20 16:54:55 INFO  Progress (2): 3.6/12 MB | 1.6/3.8 MB
2026.09.20 16:54:55 INFO  Progress (2): 3.6/12 MB | 1.6/3.8 MB
2026.09.20 16:54:55 INFO  Progress (2): 3.6/12 MB | 1.6/3.8 MB
2026.09.20 16:54:55 INFO  Progress (2): 3.6/12 MB | 1.6/3.8 MB
2026.09.20 16:54:55 INFO  Progress (2): 3.6/12 MB | 1.6/3.8 MB
2026.09.20 16:54:55 INFO  Progress (2): 3.6/12 MB | 1.6/3.8 MB
2026.09.20 16:54:55 INFO  Progress (2): 3.6/12 MB | 1.7/3.8 MB
2026.09.20 16:54:55 INFO  Progress (2): 3.6/12 MB | 1.7/3.8 MB
2026.09.20 16:54:55 INFO  Progress (2): 3.6/12 MB | 1.7/3.8 MB
2026.09.20 16:54:55 INFO  Progress (2): 3.6/12 MB | 1.7/3.8 MB
2026.09.20 16:54:55 INFO  Progress (2): 3.6/12 MB | 1.7/3.8 MB
2026.09.20 16:54:55 INFO  Progress (2): 3.6/12 MB | 1.7/3.8 MB
2026.09.20 16:54:55 INFO  Progress (2): 3.6/12 MB | 1.7/3.8 MB
2026.09.20 16:54:55 INFO  Progress (2): 3.6/12 MB | 1.7/3.8 MB
2026.09.20 16:54:55 INFO  Progress (2): 3.6/12 MB | 1.7/3.8 MB
2026.09.20 16:54:55 INFO  Progress (2): 3.6/12 MB | 1.8/3.8 MB
2026.09.20 16:54:55 INFO  Progress (2): 3.6/12 MB | 1.8/3.8 MB
2026.09.20 16:54:55 INFO  Progress (2): 3.6/12 MB | 1.8/3.8 MB
2026.09.20 16:54:55 INFO  Progress (2): 3.6/12 MB | 1.8/3.8 MB
2026.09.20 16:54:55 INFO  Progress (2): 3.6/12 MB | 1.8/3.8 MB
2026.09.20 16:54:55 INFO  Progress (2): 3.6/12 MB | 1.8/3.8 MB
2026.09.20 16:54:55 INFO  Progress (2): 3.6/12 MB | 1.8/3.8 MB
2026.09.20 16:54:55 INFO  Progress (2): 3.6/12 MB | 1.9/3.8 MB
2026.09.20 16:54:55 INFO  Progress (2): 3.6/12 MB | 1.9/3.8 MB
2026.09.20 16:54:55 INFO  Progress (2): 3.6/12 MB | 1.9/3.8 MB
2026.09.20 16:54:55 INFO  Progress (2): 3.6/12 MB | 1.9/3.8 MB
2026.09.20 16:54:55 INFO  Progress (2): 3.7/12 MB | 1.9/3.8 MB
2026.09.20 16:54:55 INFO  Progress (2): 3.7/12 MB | 1.9/3.8 MB
2026.09.20 16:54:55 INFO  Progress (2): 3.7/12 MB | 1.9/3.8 MB
2026.09.20 16:54:55 INFO  Progress (2): 3.7/12 MB | 1.9/3.8 MB
2026.09.20 16:54:55 INFO  Progress (2): 3.7/12 MB | 1.9/3.8 MB
2026.09.20 16:54:55 INFO  Progress (2): 3.7/12 MB | 2.0/3.8 MB
2026.09.20 16:54:55 INFO  Progress (2): 3.7/12 MB | 2.0/3.8 MB
2026.09.20 16:54:55 INFO  Progress (2): 3.7/12 MB | 2.0/3.8 MB
2026.09.20 16:54:55 INFO  Progress (2): 3.7/12 MB | 2.0/3.8 MB
2026.09.20 16:54:55 INFO  Progress (2): 3.7/12 MB | 2.0/3.8 MB
2026.09.20 16:54:55 INFO  Progress (2): 3.7/12 MB | 2.0/3.8 MB
2026.09.20 16:54:55 INFO  Progress (2): 3.7/12 MB | 2.0/3.8 MB
2026.09.20 16:54:55 INFO  Progress (2): 3.7/12 MB | 2.0/3.8 MB
2026.09.20 16:54:55 INFO  Progress (2): 3.7/12 MB | 2.1/3.8 MB
2026.09.20 16:54:55 INFO  Progress (2): 3.7/12 MB | 2.1/3.8 MB
2026.09.20 16:54:55 INFO  Progress (2): 3.7/12 MB | 2.1/3.8 MB
2026.09.20 16:54:55 INFO  Progress (2): 3.7/12 MB | 2.1/3.8 MB
2026.09.20 16:54:55 INFO  Progress (2): 3.7/12 MB | 2.1/3.8 MB
2026.09.20 16:54:55 INFO  Progress (2): 3.7/12 MB | 2.1/3.8 MB
2026.09.20 16:54:55 INFO  Progress (2): 3.7/12 MB | 2.1/3.8 MB
2026.09.20 16:54:55 INFO  Progress (2): 3.7/12 MB | 2.1/3.8 MB
2026.09.20 16:54:55 INFO  Progress (2): 3.7/12 MB | 2.1/3.8 MB
2026.09.20 16:54:55 INFO  Progress (2): 3.7/12 MB | 2.2/3.8 MB
2026.09.20 16:54:55 INFO  Progress (2): 3.7/12 MB | 2.2/3.8 MB
2026.09.20 16:54:56 INFO  Progress (2): 3.7/12 MB | 2.2/3.8 MB
2026.09.20 16:54:56 INFO  Progress (2): 3.8/12 MB | 2.2/3.8 MB
2026.09.20 16:54:56 INFO  Progress (2): 3.8/12 MB | 2.2/3.8 MB
2026.09.20 16:54:56 INFO  Progress (2): 3.8/12 MB | 2.2/3.8 MB
2026.09.20 16:54:56 INFO  Progress (2): 3.8/12 MB | 2.2/3.8 MB
2026.09.20 16:54:56 INFO  Progress (2): 3.8/12 MB | 2.2/3.8 MB
2026.09.20 16:54:56 INFO  Progress (2): 3.8/12 MB | 2.3/3.8 MB
2026.09.20 16:54:56 INFO  Progress (2): 3.8/12 MB | 2.3/3.8 MB
2026.09.20 16:54:56 INFO  Progress (2): 3.8/12 MB | 2.3/3.8 MB
2026.09.20 16:54:56 INFO  Progress (2): 3.8/12 MB | 2.3/3.8 MB
2026.09.20 16:54:56 INFO  Progress (2): 3.8/12 MB | 2.3/3.8 MB
2026.09.20 16:54:56 INFO  Progress (2): 3.8/12 MB | 2.3/3.8 MB
2026.09.20 16:54:56 INFO  Progress (2): 3.8/12 MB | 2.3/3.8 MB
2026.09.20 16:54:56 INFO  Progress (2): 3.8/12 MB | 2.3/3.8 MB
2026.09.20 16:54:56 INFO  Progress (2): 3.8/12 MB | 2.4/3.8 MB
2026.09.20 16:54:56 INFO  Progress (2): 3.8/12 MB | 2.4/3.8 MB
2026.09.20 16:54:56 INFO  Progress (2): 3.8/12 MB | 2.4/3.8 MB
2026.09.20 16:54:56 INFO  Progress (2): 3.8/12 MB | 2.4/3.8 MB
2026.09.20 16:54:56 INFO  Progress (2): 3.8/12 MB | 2.4/3.8 MB
2026.09.20 16:54:56 INFO  Progress (2): 3.8/12 MB | 2.4/3.8 MB
2026.09.20 16:54:56 INFO  Progress (2): 3.8/12 MB | 2.4/3.8 MB
2026.09.20 16:54:56 INFO  Progress (2): 3.8/12 MB | 2.5/3.8 MB
2026.09.20 16:54:56 INFO  Progress (2): 3.8/12 MB | 2.5/3.8 MB
2026.09.20 16:54:56 INFO  Progress (2): 3.8/12 MB | 2.5/3.8 MB
2026.09.20 16:54:56 INFO  Progress (2): 3.8/12 MB | 2.5/3.8 MB
2026.09.20 16:54:56 INFO  Progress (2): 3.8/12 MB | 2.5/3.8 MB
2026.09.20 16:54:56 INFO  Progress (2): 3.8/12 MB | 2.5/3.8 MB
2026.09.20 16:54:56 INFO  Progress (2): 3.9/12 MB | 2.5/3.8 MB
2026.09.20 16:54:56 INFO  Progress (2): 3.9/12 MB | 2.5/3.8 MB
2026.09.20 16:54:56 INFO  Progress (2): 3.9/12 MB | 2.6/3.8 MB
2026.09.20 16:54:56 INFO  Progress (2): 3.9/12 MB | 2.6/3.8 MB
2026.09.20 16:54:56 INFO  Progress (2): 3.9/12 MB | 2.6/3.8 MB
2026.09.20 16:54:56 INFO  Progress (2): 3.9/12 MB | 2.6/3.8 MB
2026.09.20 16:54:56 INFO  Progress (2): 3.9/12 MB | 2.6/3.8 MB
2026.09.20 16:54:56 INFO  Progress (2): 3.9/12 MB | 2.6/3.8 MB
2026.09.20 16:54:56 INFO  Progress (2): 3.9/12 MB | 2.6/3.8 MB
2026.09.20 16:54:56 INFO  Progress (2): 3.9/12 MB | 2.6/3.8 MB
2026.09.20 16:54:56 INFO  Progress (2): 3.9/12 MB | 2.7/3.8 MB
2026.09.20 16:54:56 INFO  Progress (2): 3.9/12 MB | 2.7/3.8 MB
2026.09.20 16:54:56 INFO  Progress (2): 3.9/12 MB | 2.7/3.8 MB
2026.09.20 16:54:56 INFO  Progress (2): 3.9/12 MB | 2.7/3.8 MB
2026.09.20 16:54:56 INFO  Progress (2): 3.9/12 MB | 2.7/3.8 MB
2026.09.20 16:54:56 INFO  Progress (2): 3.9/12 MB | 2.7/3.8 MB
2026.09.20 16:54:56 INFO  Progress (2): 3.9/12 MB | 2.7/3.8 MB
2026.09.20 16:54:56 INFO  Progress (2): 3.9/12 MB | 2.7/3.8 MB
2026.09.20 16:54:56 INFO  Progress (2): 3.9/12 MB | 2.8/3.8 MB
2026.09.20 16:54:56 INFO  Progress (2): 3.9/12 MB | 2.8/3.8 MB
2026.09.20 16:54:56 INFO  Progress (2): 3.9/12 MB | 2.8/3.8 MB
2026.09.20 16:54:56 INFO  Progress (2): 3.9/12 MB | 2.8/3.8 MB
2026.09.20 16:54:56 INFO  Progress (2): 3.9/12 MB | 2.8/3.8 MB
2026.09.20 16:54:56 INFO  Progress (2): 3.9/12 MB | 2.8/3.8 MB
2026.09.20 16:54:56 INFO  Progress (2): 3.9/12 MB | 2.8/3.8 MB
2026.09.20 16:54:56 INFO  Progress (2): 3.9/12 MB | 2.9/3.8 MB
2026.09.20 16:54:56 INFO  Progress (2): 4.0/12 MB | 2.9/3.8 MB
2026.09.20 16:54:56 INFO  Progress (2): 4.0/12 MB | 2.9/3.8 MB
2026.09.20 16:54:56 INFO  Progress (2): 4.0/12 MB | 2.9/3.8 MB
2026.09.20 16:54:56 INFO  Progress (2): 4.0/12 MB | 2.9/3.8 MB
2026.09.20 16:54:56 INFO  Progress (2): 4.0/12 MB | 2.9/3.8 MB
2026.09.20 16:54:56 INFO  Progress (2): 4.0/12 MB | 2.9/3.8 MB
2026.09.20 16:54:56 INFO  Progress (2): 4.0/12 MB | 2.9/3.8 MB
2026.09.20 16:54:56 INFO  Progress (2): 4.0/12 MB | 3.0/3.8 MB
2026.09.20 16:54:56 INFO  Progress (2): 4.0/12 MB | 3.0/3.8 MB
2026.09.20 16:54:56 INFO  Progress (2): 4.0/12 MB | 3.0/3.8 MB
2026.09.20 16:54:56 INFO  Progress (2): 4.0/12 MB | 3.0/3.8 MB
2026.09.20 16:54:56 INFO  Progress (2): 4.0/12 MB | 3.0/3.8 MB
2026.09.20 16:54:56 INFO  Progress (2): 4.0/12 MB | 3.0/3.8 MB
2026.09.20 16:54:56 INFO  Progress (2): 4.0/12 MB | 3.0/3.8 MB
2026.09.20 16:54:56 INFO  Progress (2): 4.0/12 MB | 3.0/3.8 MB
2026.09.20 16:54:56 INFO  Progress (2): 4.0/12 MB | 3.1/3.8 MB
2026.09.20 16:54:56 INFO  Progress (2): 4.0/12 MB | 3.1/3.8 MB
2026.09.20 16:54:56 INFO  Progress (2): 4.0/12 MB | 3.1/3.8 MB
2026.09.20 16:54:56 INFO  Progress (2): 4.0/12 MB | 3.1/3.8 MB
2026.09.20 16:54:56 INFO  Progress (2): 4.0/12 MB | 3.1/3.8 MB
2026.09.20 16:54:56 INFO  Progress (2): 4.0/12 MB | 3.1/3.8 MB
2026.09.20 16:54:56 INFO  Progress (2): 4.0/12 MB | 3.1/3.8 MB
2026.09.20 16:54:56 INFO  Progress (2): 4.0/12 MB | 3.1/3.8 MB
2026.09.20 16:54:56 INFO  Progress (2): 4.0/12 MB | 3.2/3.8 MB
2026.09.20 16:54:56 INFO  Progress (2): 4.0/12 MB | 3.2/3.8 MB
2026.09.20 16:54:56 INFO  Progress (2): 4.0/12 MB | 3.2/3.8 MB
2026.09.20 16:54:56 INFO  Progress (2): 4.0/12 MB | 3.2/3.8 MB
2026.09.20 16:54:56 INFO  Progress (2): 4.0/12 MB | 3.2/3.8 MB
2026.09.20 16:54:56 INFO  Progress (2): 4.1/12 MB | 3.2/3.8 MB
2026.09.20 16:54:56 INFO  Progress (2): 4.1/12 MB | 3.2/3.8 MB
2026.09.20 16:54:56 INFO  Progress (2): 4.1/12 MB | 3.2/3.8 MB
2026.09.20 16:54:56 INFO  Progress (2): 4.1/12 MB | 3.3/3.8 MB
2026.09.20 16:54:56 INFO  Progress (2): 4.1/12 MB | 3.3/3.8 MB
2026.09.20 16:54:56 INFO  Progress (2): 4.1/12 MB | 3.3/3.8 MB
2026.09.20 16:54:56 INFO  Progress (2): 4.1/12 MB | 3.3/3.8 MB
2026.09.20 16:54:56 INFO  Progress (2): 4.1/12 MB | 3.3/3.8 MB
2026.09.20 16:54:56 INFO  Progress (2): 4.1/12 MB | 3.3/3.8 MB
2026.09.20 16:54:56 INFO  Progress (2): 4.1/12 MB | 3.3/3.8 MB
2026.09.20 16:54:56 INFO  Progress (2): 4.1/12 MB | 3.3/3.8 MB
2026.09.20 16:54:56 INFO  Progress (2): 4.1/12 MB | 3.4/3.8 MB
2026.09.20 16:54:56 INFO  Progress (2): 4.1/12 MB | 3.4/3.8 MB
2026.09.20 16:54:56 INFO  Progress (2): 4.1/12 MB | 3.4/3.8 MB
2026.09.20 16:54:56 INFO  Progress (2): 4.1/12 MB | 3.4/3.8 MB
2026.09.20 16:54:56 INFO  Progress (2): 4.1/12 MB | 3.4/3.8 MB
2026.09.20 16:54:56 INFO  Progress (2): 4.1/12 MB | 3.4/3.8 MB
2026.09.20 16:54:56 INFO  Progress (2): 4.1/12 MB | 3.4/3.8 MB
2026.09.20 16:54:56 INFO  Progress (2): 4.1/12 MB | 3.5/3.8 MB
2026.09.20 16:54:56 INFO  Progress (2): 4.1/12 MB | 3.5/3.8 MB
2026.09.20 16:54:56 INFO  Progress (2): 4.1/12 MB | 3.5/3.8 MB
2026.09.20 16:54:56 INFO  Progress (2): 4.1/12 MB | 3.5/3.8 MB
2026.09.20 16:54:56 INFO  Progress (2): 4.1/12 MB | 3.5/3.8 MB
2026.09.20 16:54:56 INFO  Progress (2): 4.1/12 MB | 3.5/3.8 MB
2026.09.20 16:54:56 INFO  Progress (2): 4.1/12 MB | 3.5/3.8 MB
2026.09.20 16:54:56 INFO  Progress (2): 4.1/12 MB | 3.5/3.8 MB
2026.09.20 16:54:56 INFO  Progress (2): 4.1/12 MB | 3.6/3.8 MB
2026.09.20 16:54:56 INFO  Progress (2): 4.1/12 MB | 3.6/3.8 MB
2026.09.20 16:54:56 INFO  Progress (2): 4.1/12 MB | 3.6/3.8 MB
2026.09.20 16:54:56 INFO  Progress (2): 4.1/12 MB | 3.6/3.8 MB
2026.09.20 16:54:56 INFO  Progress (2): 4.1/12 MB | 3.6/3.8 MB
2026.09.20 16:54:56 INFO  Progress (2): 4.1/12 MB | 3.6/3.8 MB
2026.09.20 16:54:56 INFO  Progress (2): 4.2/12 MB | 3.6/3.8 MB
2026.09.20 16:54:56 INFO  Progress (2): 4.2/12 MB | 3.7/3.8 MB
2026.09.20 16:54:56 INFO  Progress (2): 4.2/12 MB | 3.7/3.8 MB
2026.09.20 16:54:56 INFO  Progress (2): 4.2/12 MB | 3.7/3.8 MB
2026.09.20 16:54:56 INFO  Progress (2): 4.2/12 MB | 3.7/3.8 MB
2026.09.20 16:54:56 INFO  Progress (2): 4.2/12 MB | 3.7/3.8 MB
2026.09.20 16:54:56 INFO  Progress (2): 4.2/12 MB | 3.7/3.8 MB
2026.09.20 16:54:56 INFO  Progress (2): 4.2/12 MB | 3.7/3.8 MB
2026.09.20 16:54:56 INFO  Progress (2): 4.2/12 MB | 3.8/3.8 MB
2026.09.20 16:54:56 INFO  Progress (2): 4.2/12 MB | 3.8/3.8 MB
2026.09.20 16:54:56 INFO  Progress (2): 4.2/12 MB | 3.8/3.8 MB
2026.09.20 16:54:56 INFO  Progress (2): 4.2/12 MB | 3.8 MB    
2026.09.20 16:54:56 INFO  Progress (2): 4.2/12 MB | 3.8 MB
2026.09.20 16:54:56 INFO                                  
2026.09.20 16:54:56 INFO  Downloaded from central: https://repo.maven.apache.org/maven2/org/scala-lang/scala-reflect/2.13.8/scala-reflect-2.13.8.jar (3.8 MB at 354 kB/s)
2026.09.20 16:54:56 INFO  Progress (1): 4.2/12 MB
2026.09.20 16:54:56 INFO  Progress (1): 4.2/12 MB
2026.09.20 16:54:56 INFO  Progress (1): 4.3/12 MB
2026.09.20 16:54:56 INFO  Progress (1): 4.3/12 MB
2026.09.20 16:54:56 INFO  Progress (1): 4.3/12 MB
2026.09.20 16:54:56 INFO  Progress (1): 4.3/12 MB
2026.09.20 16:54:56 INFO  Progress (1): 4.3/12 MB
2026.09.20 16:54:57 INFO  Progress (1): 4.3/12 MB
2026.09.20 16:54:57 INFO  Progress (1): 4.4/12 MB
2026.09.20 16:54:57 INFO  Progress (1): 4.4/12 MB
2026.09.20 16:54:57 INFO  Progress (1): 4.4/12 MB
2026.09.20 16:54:57 INFO  Progress (1): 4.4/12 MB
2026.09.20 16:54:57 INFO  Progress (1): 4.4/12 MB
2026.09.20 16:54:57 INFO  Progress (1): 4.4/12 MB
2026.09.20 16:54:57 INFO  Progress (1): 4.5/12 MB
2026.09.20 16:54:57 INFO  Progress (1): 4.5/12 MB
2026.09.20 16:54:57 INFO  Progress (1): 4.5/12 MB
2026.09.20 16:54:57 INFO  Progress (1): 4.5/12 MB
2026.09.20 16:54:57 INFO  Progress (1): 4.5/12 MB
2026.09.20 16:54:57 INFO  Progress (1): 4.5/12 MB
2026.09.20 16:54:57 INFO  Progress (1): 4.5/12 MB
2026.09.20 16:54:57 INFO  Progress (1): 4.6/12 MB
2026.09.20 16:54:57 INFO  Progress (1): 4.6/12 MB
2026.09.20 16:54:57 INFO  Progress (1): 4.6/12 MB
2026.09.20 16:54:57 INFO  Progress (1): 4.6/12 MB
2026.09.20 16:54:57 INFO  Progress (1): 4.6/12 MB
2026.09.20 16:54:57 INFO  Progress (1): 4.6/12 MB
2026.09.20 16:54:57 INFO  Progress (1): 4.7/12 MB
2026.09.20 16:54:57 INFO  Progress (1): 4.7/12 MB
2026.09.20 16:54:57 INFO  Progress (1): 4.7/12 MB
2026.09.20 16:54:57 INFO  Progress (1): 4.7/12 MB
2026.09.20 16:54:57 INFO  Progress (1): 4.7/12 MB
2026.09.20 16:54:57 INFO  Progress (1): 4.7/12 MB
2026.09.20 16:54:57 INFO  Progress (1): 4.8/12 MB
2026.09.20 16:54:57 INFO  Progress (1): 4.8/12 MB
2026.09.20 16:54:57 INFO  Progress (1): 4.8/12 MB
2026.09.20 16:54:57 INFO  Progress (1): 4.8/12 MB
2026.09.20 16:54:57 INFO  Progress (1): 4.8/12 MB
2026.09.20 16:54:57 INFO  Progress (1): 4.8/12 MB
2026.09.20 16:54:57 INFO  Progress (1): 4.9/12 MB
2026.09.20 16:54:57 INFO  Progress (1): 4.9/12 MB
2026.09.20 16:54:57 INFO  Progress (1): 4.9/12 MB
2026.09.20 16:54:57 INFO  Progress (1): 4.9/12 MB
2026.09.20 16:54:57 INFO  Progress (1): 4.9/12 MB
2026.09.20 16:54:57 INFO  Progress (1): 4.9/12 MB
2026.09.20 16:54:57 INFO  Progress (1): 5.0/12 MB
2026.09.20 16:54:57 INFO  Progress (1): 5.0/12 MB
2026.09.20 16:54:57 INFO  Progress (1): 5.0/12 MB
2026.09.20 16:54:57 INFO  Progress (1): 5.0/12 MB
2026.09.20 16:54:57 INFO  Progress (1): 5.0/12 MB
2026.09.20 16:54:57 INFO  Progress (1): 5.0/12 MB
2026.09.20 16:54:57 INFO  Progress (1): 5.1/12 MB
2026.09.20 16:54:57 INFO  Progress (1): 5.1/12 MB
2026.09.20 16:54:57 INFO  Progress (1): 5.1/12 MB
2026.09.20 16:54:57 INFO  Progress (1): 5.1/12 MB
2026.09.20 16:54:57 INFO  Progress (1): 5.1/12 MB
2026.09.20 16:54:57 INFO  Progress (1): 5.1/12 MB
2026.09.20 16:54:57 INFO  Progress (1): 5.2/12 MB
2026.09.20 16:54:57 INFO  Progress (1): 5.2/12 MB
2026.09.20 16:54:58 INFO  Progress (1): 5.2/12 MB
2026.09.20 16:54:58 INFO  Progress (1): 5.2/12 MB
2026.09.20 16:54:58 INFO  Progress (1): 5.2/12 MB
2026.09.20 16:54:58 INFO  Progress (1): 5.2/12 MB
2026.09.20 16:54:58 INFO  Progress (1): 5.3/12 MB
2026.09.20 16:54:58 INFO  Progress (1): 5.3/12 MB
2026.09.20 16:54:58 INFO  Progress (1): 5.3/12 MB
2026.09.20 16:54:58 INFO  Progress (1): 5.3/12 MB
2026.09.20 16:54:58 INFO  Progress (1): 5.3/12 MB
2026.09.20 16:54:58 INFO  Progress (1): 5.3/12 MB
2026.09.20 16:54:58 INFO  Progress (1): 5.4/12 MB
2026.09.20 16:54:58 INFO  Progress (1): 5.4/12 MB
2026.09.20 16:54:58 INFO  Progress (1): 5.4/12 MB
2026.09.20 16:54:58 INFO  Progress (1): 5.4/12 MB
2026.09.20 16:54:58 INFO  Progress (1): 5.4/12 MB
2026.09.20 16:54:58 INFO  Progress (1): 5.4/12 MB
2026.09.20 16:54:58 INFO  Progress (1): 5.4/12 MB
2026.09.20 16:54:58 INFO  Progress (1): 5.5/12 MB
2026.09.20 16:54:58 INFO  Progress (1): 5.5/12 MB
2026.09.20 16:54:58 INFO  Progress (1): 5.5/12 MB
2026.09.20 16:54:58 INFO  Progress (1): 5.5/12 MB
2026.09.20 16:54:58 INFO  Progress (1): 5.5/12 MB
2026.09.20 16:54:58 INFO  Progress (1): 5.5/12 MB
2026.09.20 16:54:58 INFO  Progress (1): 5.6/12 MB
2026.09.20 16:54:58 INFO  Progress (1): 5.6/12 MB
2026.09.20 16:54:58 INFO  Progress (1): 5.6/12 MB
2026.09.20 16:54:58 INFO  Progress (1): 5.6/12 MB
2026.09.20 16:54:58 INFO  Progress (1): 5.6/12 MB
2026.09.20 16:54:58 INFO  Progress (1): 5.6/12 MB
2026.09.20 16:54:58 INFO  Progress (1): 5.7/12 MB
2026.09.20 16:54:58 INFO  Progress (1): 5.7/12 MB
2026.09.20 16:54:58 INFO  Progress (1): 5.7/12 MB
2026.09.20 16:54:58 INFO  Progress (1): 5.7/12 MB
2026.09.20 16:54:58 INFO  Progress (1): 5.7/12 MB
2026.09.20 16:54:58 INFO  Progress (1): 5.7/12 MB
2026.09.20 16:54:58 INFO  Progress (1): 5.8/12 MB
2026.09.20 16:54:58 INFO  Progress (1): 5.8/12 MB
2026.09.20 16:54:58 INFO  Progress (1): 5.8/12 MB
2026.09.20 16:54:58 INFO  Progress (1): 5.8/12 MB
2026.09.20 16:54:58 INFO  Progress (1): 5.8/12 MB
2026.09.20 16:54:58 INFO  Progress (1): 5.8/12 MB
2026.09.20 16:54:58 INFO  Progress (1): 5.9/12 MB
2026.09.20 16:54:58 INFO  Progress (1): 5.9/12 MB
2026.09.20 16:54:58 INFO  Progress (1): 5.9/12 MB
2026.09.20 16:54:58 INFO  Progress (1): 5.9/12 MB
2026.09.20 16:54:58 INFO  Progress (1): 5.9/12 MB
2026.09.20 16:54:58 INFO  Progress (1): 5.9/12 MB
2026.09.20 16:54:58 INFO  Progress (1): 6.0/12 MB
2026.09.20 16:54:58 INFO  Progress (1): 6.0/12 MB
2026.09.20 16:54:58 INFO  Progress (1): 6.0/12 MB
2026.09.20 16:54:58 INFO  Progress (1): 6.0/12 MB
2026.09.20 16:54:58 INFO  Progress (1): 6.0/12 MB
2026.09.20 16:54:58 INFO  Progress (1): 6.0/12 MB
2026.09.20 16:54:58 INFO  Progress (1): 6.1/12 MB
2026.09.20 16:54:58 INFO  Progress (1): 6.1/12 MB
2026.09.20 16:54:58 INFO  Progress (1): 6.1/12 MB
2026.09.20 16:54:58 INFO  Progress (1): 6.1/12 MB
2026.09.20 16:54:58 INFO  Progress (1): 6.1/12 MB
2026.09.20 16:54:58 INFO  Progress (1): 6.1/12 MB
2026.09.20 16:54:58 INFO  Progress (1): 6.2/12 MB
2026.09.20 16:54:58 INFO  Progress (1): 6.2/12 MB
2026.09.20 16:54:58 INFO  Progress (1): 6.2/12 MB
2026.09.20 16:54:58 INFO  Progress (1): 6.2/12 MB
2026.09.20 16:54:58 INFO  Progress (1): 6.2/12 MB
2026.09.20 16:54:58 INFO  Progress (1): 6.2/12 MB
2026.09.20 16:54:58 INFO  Progress (1): 6.3/12 MB
2026.09.20 16:54:58 INFO  Progress (1): 6.3/12 MB
2026.09.20 16:54:58 INFO  Progress (1): 6.3/12 MB
2026.09.20 16:54:58 INFO  Progress (1): 6.3/12 MB
2026.09.20 16:54:58 INFO  Progress (1): 6.3/12 MB
2026.09.20 16:54:58 INFO  Progress (1): 6.3/12 MB
2026.09.20 16:54:58 INFO  Progress (1): 6.4/12 MB
2026.09.20 16:54:58 INFO  Progress (1): 6.4/12 MB
2026.09.20 16:54:58 INFO  Progress (1): 6.4/12 MB
2026.09.20 16:54:58 INFO  Progress (1): 6.4/12 MB
2026.09.20 16:54:58 INFO  Progress (1): 6.4/12 MB
2026.09.20 16:54:58 INFO  Progress (1): 6.4/12 MB
2026.09.20 16:54:58 INFO  Progress (1): 6.4/12 MB
2026.09.20 16:54:58 INFO  Progress (1): 6.5/12 MB
2026.09.20 16:54:59 INFO  Progress (1): 6.5/12 MB
2026.09.20 16:54:59 INFO  Progress (1): 6.5/12 MB
2026.09.20 16:54:59 INFO  Progress (1): 6.5/12 MB
2026.09.20 16:54:59 INFO  Progress (1): 6.5/12 MB
2026.09.20 16:54:59 INFO  Progress (1): 6.5/12 MB
2026.09.20 16:54:59 INFO  Progress (1): 6.6/12 MB
2026.09.20 16:54:59 INFO  Progress (1): 6.6/12 MB
2026.09.20 16:54:59 INFO  Progress (1): 6.6/12 MB
2026.09.20 16:54:59 INFO  Progress (1): 6.6/12 MB
2026.09.20 16:54:59 INFO  Progress (1): 6.6/12 MB
2026.09.20 16:54:59 INFO  Progress (1): 6.6/12 MB
2026.09.20 16:54:59 INFO  Progress (1): 6.7/12 MB
2026.09.20 16:54:59 INFO  Progress (1): 6.7/12 MB
2026.09.20 16:54:59 INFO  Progress (1): 6.7/12 MB
2026.09.20 16:54:59 INFO  Progress (1): 6.7/12 MB
2026.09.20 16:54:59 INFO  Progress (1): 6.7/12 MB
2026.09.20 16:54:59 INFO  Progress (1): 6.7/12 MB
2026.09.20 16:54:59 INFO  Progress (1): 6.8/12 MB
2026.09.20 16:54:59 INFO  Progress (1): 6.8/12 MB
2026.09.20 16:54:59 INFO  Progress (1): 6.8/12 MB
2026.09.20 16:54:59 INFO  Progress (1): 6.8/12 MB
2026.09.20 16:54:59 INFO  Progress (1): 6.8/12 MB
2026.09.20 16:54:59 INFO  Progress (1): 6.8/12 MB
2026.09.20 16:54:59 INFO  Progress (1): 6.9/12 MB
2026.09.20 16:54:59 INFO  Progress (1): 6.9/12 MB
2026.09.20 16:54:59 INFO  Progress (1): 6.9/12 MB
2026.09.20 16:54:59 INFO  Progress (1): 6.9/12 MB
2026.09.20 16:54:59 INFO  Progress (1): 6.9/12 MB
2026.09.20 16:54:59 INFO  Progress (1): 6.9/12 MB
2026.09.20 16:54:59 INFO  Progress (1): 7.0/12 MB
2026.09.20 16:54:59 INFO  Progress (1): 7.0/12 MB
2026.09.20 16:54:59 INFO  Progress (1): 7.0/12 MB
2026.09.20 16:54:59 INFO  Progress (1): 7.0/12 MB
2026.09.20 16:54:59 INFO  Progress (1): 7.0/12 MB
2026.09.20 16:54:59 INFO  Progress (1): 7.0/12 MB
2026.09.20 16:54:59 INFO  Progress (1): 7.1/12 MB
2026.09.20 16:54:59 INFO  Progress (1): 7.1/12 MB
2026.09.20 16:54:59 INFO  Progress (1): 7.1/12 MB
2026.09.20 16:54:59 INFO  Progress (1): 7.1/12 MB
2026.09.20 16:54:59 INFO  Progress (1): 7.1/12 MB
2026.09.20 16:54:59 INFO  Progress (1): 7.1/12 MB
2026.09.20 16:54:59 INFO  Progress (1): 7.2/12 MB
2026.09.20 16:54:59 INFO  Progress (1): 7.2/12 MB
2026.09.20 16:54:59 INFO  Progress (1): 7.2/12 MB
2026.09.20 16:54:59 INFO  Progress (1): 7.2/12 MB
2026.09.20 16:54:59 INFO  Progress (1): 7.2/12 MB
2026.09.20 16:54:59 INFO  Progress (1): 7.2/12 MB
2026.09.20 16:54:59 INFO  Progress (1): 7.3/12 MB
2026.09.20 16:54:59 INFO  Progress (1): 7.3/12 MB
2026.09.20 16:54:59 INFO  Progress (1): 7.3/12 MB
2026.09.20 16:54:59 INFO  Progress (1): 7.3/12 MB
2026.09.20 16:54:59 INFO  Progress (1): 7.3/12 MB
2026.09.20 16:54:59 INFO  Progress (1): 7.3/12 MB
2026.09.20 16:54:59 INFO  Progress (1): 7.4/12 MB
2026.09.20 16:54:59 INFO  Progress (1): 7.4/12 MB
2026.09.20 16:54:59 INFO  Progress (1): 7.4/12 MB
2026.09.20 16:54:59 INFO  Progress (1): 7.4/12 MB
2026.09.20 16:54:59 INFO  Progress (1): 7.4/12 MB
2026.09.20 16:54:59 INFO  Progress (1): 7.4/12 MB
2026.09.20 16:54:59 INFO  Progress (1): 7.4/12 MB
2026.09.20 16:54:59 INFO  Progress (1): 7.5/12 MB
2026.09.20 16:54:59 INFO  Progress (1): 7.5/12 MB
2026.09.20 16:54:59 INFO  Progress (1): 7.5/12 MB
2026.09.20 16:54:59 INFO  Progress (1): 7.5/12 MB
2026.09.20 16:54:59 INFO  Progress (1): 7.5/12 MB
2026.09.20 16:54:59 INFO  Progress (1): 7.5/12 MB
2026.09.20 16:54:59 INFO  Progress (1): 7.6/12 MB
2026.09.20 16:54:59 INFO  Progress (1): 7.6/12 MB
2026.09.20 16:54:59 INFO  Progress (1): 7.6/12 MB
2026.09.20 16:54:59 INFO  Progress (1): 7.6/12 MB
2026.09.20 16:54:59 INFO  Progress (1): 7.6/12 MB
2026.09.20 16:54:59 INFO  Progress (1): 7.6/12 MB
2026.09.20 16:54:59 INFO  Progress (1): 7.7/12 MB
2026.09.20 16:54:59 INFO  Progress (1): 7.7/12 MB
2026.09.20 16:54:59 INFO  Progress (1): 7.7/12 MB
2026.09.20 16:54:59 INFO  Progress (1): 7.7/12 MB
2026.09.20 16:54:59 INFO  Progress (1): 7.7/12 MB
2026.09.20 16:54:59 INFO  Progress (1): 7.7/12 MB
2026.09.20 16:54:59 INFO  Progress (1): 7.8/12 MB
2026.09.20 16:54:59 INFO  Progress (1): 7.8/12 MB
2026.09.20 16:54:59 INFO  Progress (1): 7.8/12 MB
2026.09.20 16:54:59 INFO  Progress (1): 7.8/12 MB
2026.09.20 16:54:59 INFO  Progress (1): 7.8/12 MB
2026.09.20 16:54:59 INFO  Progress (1): 7.8/12 MB
2026.09.20 16:54:59 INFO  Progress (1): 7.9/12 MB
2026.09.20 16:54:59 INFO  Progress (1): 7.9/12 MB
2026.09.20 16:54:59 INFO  Progress (1): 7.9/12 MB
2026.09.20 16:54:59 INFO  Progress (1): 7.9/12 MB
2026.09.20 16:54:59 INFO  Progress (1): 7.9/12 MB
2026.09.20 16:54:59 INFO  Progress (1): 7.9/12 MB
2026.09.20 16:54:59 INFO  Progress (1): 8.0/12 MB
2026.09.20 16:54:59 INFO  Progress (1): 8.0/12 MB
2026.09.20 16:54:59 INFO  Progress (1): 8.0/12 MB
2026.09.20 16:54:59 INFO  Progress (1): 8.0/12 MB
2026.09.20 16:54:59 INFO  Progress (1): 8.0/12 MB
2026.09.20 16:54:59 INFO  Progress (1): 8.0/12 MB
2026.09.20 16:54:59 INFO  Progress (1): 8.1/12 MB
2026.09.20 16:54:59 INFO  Progress (1): 8.1/12 MB
2026.09.20 16:54:59 INFO  Progress (1): 8.1/12 MB
2026.09.20 16:54:59 INFO  Progress (1): 8.1/12 MB
2026.09.20 16:54:59 INFO  Progress (1): 8.1/12 MB
2026.09.20 16:54:59 INFO  Progress (1): 8.1/12 MB
2026.09.20 16:54:59 INFO  Progress (1): 8.2/12 MB
2026.09.20 16:54:59 INFO  Progress (1): 8.2/12 MB
2026.09.20 16:54:59 INFO  Progress (1): 8.2/12 MB
2026.09.20 16:54:59 INFO  Progress (1): 8.2/12 MB
2026.09.20 16:54:59 INFO  Progress (1): 8.2/12 MB
2026.09.20 16:54:59 INFO  Progress (1): 8.2/12 MB
2026.09.20 16:54:59 INFO  Progress (1): 8.3/12 MB
2026.09.20 16:54:59 INFO  Progress (1): 8.3/12 MB
2026.09.20 16:54:59 INFO  Progress (1): 8.3/12 MB
2026.09.20 16:54:59 INFO  Progress (1): 8.3/12 MB
2026.09.20 16:54:59 INFO  Progress (1): 8.3/12 MB
2026.09.20 16:54:59 INFO  Progress (1): 8.3/12 MB
2026.09.20 16:54:59 INFO  Progress (1): 8.3/12 MB
2026.09.20 16:54:59 INFO  Progress (1): 8.4/12 MB
2026.09.20 16:54:59 INFO  Progress (1): 8.4/12 MB
2026.09.20 16:54:59 INFO  Progress (1): 8.4/12 MB
2026.09.20 16:54:59 INFO  Progress (1): 8.4/12 MB
2026.09.20 16:54:59 INFO  Progress (1): 8.4/12 MB
2026.09.20 16:54:59 INFO  Progress (1): 8.4/12 MB
2026.09.20 16:54:59 INFO  Progress (1): 8.5/12 MB
2026.09.20 16:54:59 INFO  Progress (1): 8.5/12 MB
2026.09.20 16:54:59 INFO  Progress (1): 8.5/12 MB
2026.09.20 16:54:59 INFO  Progress (1): 8.5/12 MB
2026.09.20 16:54:59 INFO  Progress (1): 8.5/12 MB
2026.09.20 16:54:59 INFO  Progress (1): 8.5/12 MB
2026.09.20 16:54:59 INFO  Progress (1): 8.6/12 MB
2026.09.20 16:54:59 INFO  Progress (1): 8.6/12 MB
2026.09.20 16:54:59 INFO  Progress (1): 8.6/12 MB
2026.09.20 16:54:59 INFO  Progress (1): 8.6/12 MB
2026.09.20 16:55:00 INFO  Progress (1): 8.6/12 MB
2026.09.20 16:55:00 INFO  Progress (1): 8.6/12 MB
2026.09.20 16:55:00 INFO  Progress (1): 8.7/12 MB
2026.09.20 16:55:00 INFO  Progress (1): 8.7/12 MB
2026.09.20 16:55:00 INFO  Progress (1): 8.7/12 MB
2026.09.20 16:55:00 INFO  Progress (1): 8.7/12 MB
2026.09.20 16:55:00 INFO  Progress (1): 8.7/12 MB
2026.09.20 16:55:00 INFO  Progress (1): 8.7/12 MB
2026.09.20 16:55:00 INFO  Progress (1): 8.8/12 MB
2026.09.20 16:55:00 INFO  Progress (1): 8.8/12 MB
2026.09.20 16:55:00 INFO  Progress (1): 8.8/12 MB
2026.09.20 16:55:00 INFO  Progress (1): 8.8/12 MB
2026.09.20 16:55:00 INFO  Progress (1): 8.8/12 MB
2026.09.20 16:55:00 INFO  Progress (1): 8.8/12 MB
2026.09.20 16:55:00 INFO  Progress (1): 8.9/12 MB
2026.09.20 16:55:00 INFO  Progress (1): 8.9/12 MB
2026.09.20 16:55:00 INFO  Progress (1): 8.9/12 MB
2026.09.20 16:55:00 INFO  Progress (1): 8.9/12 MB
2026.09.20 16:55:00 INFO  Progress (1): 8.9/12 MB
2026.09.20 16:55:00 INFO  Progress (1): 8.9/12 MB
2026.09.20 16:55:00 INFO  Progress (1): 9.0/12 MB
2026.09.20 16:55:00 INFO  Progress (1): 9.0/12 MB
2026.09.20 16:55:00 INFO  Progress (1): 9.0/12 MB
2026.09.20 16:55:00 INFO  Progress (1): 9.0/12 MB
2026.09.20 16:55:00 INFO  Progress (1): 9.0/12 MB
2026.09.20 16:55:00 INFO  Progress (1): 9.0/12 MB
2026.09.20 16:55:00 INFO  Progress (1): 9.1/12 MB
2026.09.20 16:55:00 INFO  Progress (1): 9.1/12 MB
2026.09.20 16:55:00 INFO  Progress (1): 9.1/12 MB
2026.09.20 16:55:00 INFO  Progress (1): 9.1/12 MB
2026.09.20 16:55:00 INFO  Progress (1): 9.1/12 MB
2026.09.20 16:55:00 INFO  Progress (1): 9.1/12 MB
2026.09.20 16:55:00 INFO  Progress (1): 9.2/12 MB
2026.09.20 16:55:00 INFO  Progress (1): 9.2/12 MB
2026.09.20 16:55:00 INFO  Progress (1): 9.2/12 MB
2026.09.20 16:55:00 INFO  Progress (1): 9.2/12 MB
2026.09.20 16:55:00 INFO  Progress (1): 9.2/12 MB
2026.09.20 16:55:00 INFO  Progress (1): 9.2/12 MB
2026.09.20 16:55:00 INFO  Progress (1): 9.3/12 MB
2026.09.20 16:55:00 INFO  Progress (1): 9.3/12 MB
2026.09.20 16:55:00 INFO  Progress (1): 9.3/12 MB
2026.09.20 16:55:00 INFO  Progress (1): 9.3/12 MB
2026.09.20 16:55:00 INFO  Progress (1): 9.3/12 MB
2026.09.20 16:55:00 INFO  Progress (1): 9.3/12 MB
2026.09.20 16:55:00 INFO  Progress (1): 9.3/12 MB
2026.09.20 16:55:00 INFO  Progress (1): 9.4/12 MB
2026.09.20 16:55:00 INFO  Progress (1): 9.4/12 MB
2026.09.20 16:55:00 INFO  Progress (1): 9.4/12 MB
2026.09.20 16:55:00 INFO  Progress (1): 9.4/12 MB
2026.09.20 16:55:00 INFO  Progress (1): 9.4/12 MB
2026.09.20 16:55:00 INFO  Progress (1): 9.4/12 MB
2026.09.20 16:55:00 INFO  Progress (1): 9.5/12 MB
2026.09.20 16:55:00 INFO  Progress (1): 9.5/12 MB
2026.09.20 16:55:00 INFO  Progress (1): 9.5/12 MB
2026.09.20 16:55:00 INFO  Progress (1): 9.5/12 MB
2026.09.20 16:55:00 INFO  Progress (1): 9.5/12 MB
2026.09.20 16:55:00 INFO  Progress (1): 9.5/12 MB
2026.09.20 16:55:00 INFO  Progress (1): 9.6/12 MB
2026.09.20 16:55:00 INFO  Progress (1): 9.6/12 MB
2026.09.20 16:55:00 INFO  Progress (1): 9.6/12 MB
2026.09.20 16:55:00 INFO  Progress (1): 9.6/12 MB
2026.09.20 16:55:00 INFO  Progress (1): 9.6/12 MB
2026.09.20 16:55:00 INFO  Progress (1): 9.6/12 MB
2026.09.20 16:55:00 INFO  Progress (1): 9.7/12 MB
2026.09.20 16:55:00 INFO  Progress (1): 9.7/12 MB
2026.09.20 16:55:00 INFO  Progress (1): 9.7/12 MB
2026.09.20 16:55:00 INFO  Progress (1): 9.7/12 MB
2026.09.20 16:55:00 INFO  Progress (1): 9.7/12 MB
2026.09.20 16:55:00 INFO  Progress (1): 9.7/12 MB
2026.09.20 16:55:00 INFO  Progress (1): 9.8/12 MB
2026.09.20 16:55:00 INFO  Progress (1): 9.8/12 MB
2026.09.20 16:55:00 INFO  Progress (1): 9.8/12 MB
2026.09.20 16:55:00 INFO  Progress (1): 9.8/12 MB
2026.09.20 16:55:00 INFO  Progress (1): 9.8/12 MB
2026.09.20 16:55:00 INFO  Progress (1): 9.8/12 MB
2026.09.20 16:55:00 INFO  Progress (1): 9.9/12 MB
2026.09.20 16:55:00 INFO  Progress (1): 9.9/12 MB
2026.09.20 16:55:00 INFO  Progress (1): 9.9/12 MB
2026.09.20 16:55:00 INFO  Progress (1): 9.9/12 MB
2026.09.20 16:55:00 INFO  Progress (1): 9.9/12 MB
2026.09.20 16:55:00 INFO  Progress (1): 9.9/12 MB
2026.09.20 16:55:00 INFO  Progress (1): 10.0/12 MB
2026.09.20 16:55:00 INFO  Progress (1): 10.0/12 MB
2026.09.20 16:55:00 INFO  Progress (1): 10.0/12 MB
2026.09.20 16:55:00 INFO  Progress (1): 10/12 MB  
2026.09.20 16:55:00 INFO  Progress (1): 10/12 MB
2026.09.20 16:55:00 INFO  Progress (1): 10/12 MB
2026.09.20 16:55:00 INFO  Progress (1): 10/12 MB
2026.09.20 16:55:00 INFO  Progress (1): 10/12 MB
2026.09.20 16:55:00 INFO  Progress (1): 10/12 MB
2026.09.20 16:55:00 INFO  Progress (1): 10/12 MB
2026.09.20 16:55:00 INFO  Progress (1): 10/12 MB
2026.09.20 16:55:00 INFO  Progress (1): 10/12 MB
2026.09.20 16:55:00 INFO  Progress (1): 10/12 MB
2026.09.20 16:55:00 INFO  Progress (1): 10/12 MB
2026.09.20 16:55:00 INFO  Progress (1): 10/12 MB
2026.09.20 16:55:00 INFO  Progress (1): 10/12 MB
2026.09.20 16:55:00 INFO  Progress (1): 10/12 MB
2026.09.20 16:55:00 INFO  Progress (1): 10/12 MB
2026.09.20 16:55:00 INFO  Progress (1): 10/12 MB
2026.09.20 16:55:00 INFO  Progress (1): 10/12 MB
2026.09.20 16:55:00 INFO  Progress (1): 10/12 MB
2026.09.20 16:55:00 INFO  Progress (1): 10/12 MB
2026.09.20 16:55:00 INFO  Progress (1): 10/12 MB
2026.09.20 16:55:00 INFO  Progress (1): 10/12 MB
2026.09.20 16:55:00 INFO  Progress (1): 10/12 MB
2026.09.20 16:55:00 INFO  Progress (1): 10/12 MB
2026.09.20 16:55:00 INFO  Progress (1): 10/12 MB
2026.09.20 16:55:00 INFO  Progress (1): 10/12 MB
2026.09.20 16:55:00 INFO  Progress (1): 10/12 MB
2026.09.20 16:55:00 INFO  Progress (1): 10/12 MB
2026.09.20 16:55:00 INFO  Progress (1): 10/12 MB
2026.09.20 16:55:00 INFO  Progress (1): 10/12 MB
2026.09.20 16:55:00 INFO  Progress (1): 10/12 MB
2026.09.20 16:55:00 INFO  Progress (1): 10/12 MB
2026.09.20 16:55:00 INFO  Progress (1): 11/12 MB
2026.09.20 16:55:00 INFO  Progress (1): 11/12 MB
2026.09.20 16:55:00 INFO  Progress (1): 11/12 MB
2026.09.20 16:55:00 INFO  Progress (1): 11/12 MB
2026.09.20 16:55:00 INFO  Progress (1): 11/12 MB
2026.09.20 16:55:00 INFO  Progress (1): 11/12 MB
2026.09.20 16:55:00 INFO  Progress (1): 11/12 MB
2026.09.20 16:55:00 INFO  Progress (1): 11/12 MB
2026.09.20 16:55:00 INFO  Progress (1): 11/12 MB
2026.09.20 16:55:00 INFO  Progress (1): 11/12 MB
2026.09.20 16:55:00 INFO  Progress (1): 11/12 MB
2026.09.20 16:55:00 INFO  Progress (1): 11/12 MB
2026.09.20 16:55:00 INFO  Progress (1): 11/12 MB
2026.09.20 16:55:00 INFO  Progress (1): 11/12 MB
2026.09.20 16:55:00 INFO  Progress (1): 11/12 MB
2026.09.20 16:55:00 INFO  Progress (1): 11/12 MB
2026.09.20 16:55:00 INFO  Progress (1): 11/12 MB
2026.09.20 16:55:00 INFO  Progress (1): 11/12 MB
2026.09.20 16:55:00 INFO  Progress (1): 11/12 MB
2026.09.20 16:55:00 INFO  Progress (1): 11/12 MB
2026.09.20 16:55:00 INFO  Progress (1): 11/12 MB
2026.09.20 16:55:00 INFO  Progress (1): 11/12 MB
2026.09.20 16:55:00 INFO  Progress (1): 11/12 MB
2026.09.20 16:55:00 INFO  Progress (1): 11/12 MB
2026.09.20 16:55:00 INFO  Progress (1): 11/12 MB
2026.09.20 16:55:00 INFO  Progress (1): 11/12 MB
2026.09.20 16:55:00 INFO  Progress (1): 11/12 MB
2026.09.20 16:55:00 INFO  Progress (1): 11/12 MB
2026.09.20 16:55:00 INFO  Progress (1): 11/12 MB
2026.09.20 16:55:00 INFO  Progress (1): 11/12 MB
2026.09.20 16:55:00 INFO  Progress (1): 11/12 MB
2026.09.20 16:55:00 INFO  Progress (1): 11/12 MB
2026.09.20 16:55:00 INFO  Progress (1): 11/12 MB
2026.09.20 16:55:00 INFO  Progress (1): 11/12 MB
2026.09.20 16:55:00 INFO  Progress (1): 11/12 MB
2026.09.20 16:55:00 INFO  Progress (1): 11/12 MB
2026.09.20 16:55:00 INFO  Progress (1): 11/12 MB
2026.09.20 16:55:00 INFO  Progress (1): 11/12 MB
2026.09.20 16:55:00 INFO  Progress (1): 11/12 MB
2026.09.20 16:55:00 INFO  Progress (1): 11/12 MB
2026.09.20 16:55:00 INFO  Progress (1): 11/12 MB
2026.09.20 16:55:00 INFO  Progress (1): 11/12 MB
2026.09.20 16:55:00 INFO  Progress (1): 11/12 MB
2026.09.20 16:55:00 INFO  Progress (1): 11/12 MB
2026.09.20 16:55:00 INFO  Progress (1): 11/12 MB
2026.09.20 16:55:00 INFO  Progress (1): 11/12 MB
2026.09.20 16:55:00 INFO  Progress (1): 11/12 MB
2026.09.20 16:55:00 INFO  Progress (1): 11/12 MB
2026.09.20 16:55:00 INFO  Progress (1): 11/12 MB
2026.09.20 16:55:00 INFO  Progress (1): 11/12 MB
2026.09.20 16:55:00 INFO  Progress (1): 11/12 MB
2026.09.20 16:55:00 INFO  Progress (1): 11/12 MB
2026.09.20 16:55:00 INFO  Progress (1): 11/12 MB
2026.09.20 16:55:00 INFO  Progress (1): 11/12 MB
2026.09.20 16:55:00 INFO  Progress (1): 11/12 MB
2026.09.20 16:55:00 INFO  Progress (1): 11/12 MB
2026.09.20 16:55:00 INFO  Progress (1): 11/12 MB
2026.09.20 16:55:00 INFO  Progress (1): 11/12 MB
2026.09.20 16:55:01 INFO  Progress (1): 11/12 MB
2026.09.20 16:55:01 INFO  Progress (1): 11/12 MB
2026.09.20 16:55:01 INFO  Progress (1): 11/12 MB
2026.09.20 16:55:01 INFO  Progress (1): 12/12 MB
2026.09.20 16:55:01 INFO  Progress (1): 12/12 MB
2026.09.20 16:55:01 INFO  Progress (1): 12/12 MB
2026.09.20 16:55:01 INFO  Progress (1): 12/12 MB
2026.09.20 16:55:01 INFO  Progress (1): 12/12 MB
2026.09.20 16:55:01 INFO  Progress (1): 12/12 MB
2026.09.20 16:55:01 INFO  Progress (1): 12/12 MB
2026.09.20 16:55:01 INFO  Progress (1): 12/12 MB
2026.09.20 16:55:01 INFO  Progress (1): 12/12 MB
2026.09.20 16:55:01 INFO  Progress (1): 12/12 MB
2026.09.20 16:55:01 INFO  Progress (1): 12/12 MB
2026.09.20 16:55:01 INFO  Progress (1): 12/12 MB
2026.09.20 16:55:01 INFO  Progress (1): 12/12 MB
2026.09.20 16:55:01 INFO  Progress (1): 12/12 MB
2026.09.20 16:55:01 INFO  Progress (1): 12/12 MB
2026.09.20 16:55:01 INFO  Progress (1): 12/12 MB
2026.09.20 16:55:01 INFO  Progress (1): 12/12 MB
2026.09.20 16:55:01 INFO  Progress (1): 12/12 MB
2026.09.20 16:55:01 INFO  Progress (1): 12/12 MB
2026.09.20 16:55:01 INFO  Progress (1): 12/12 MB
2026.09.20 16:55:01 INFO  Progress (1): 12/12 MB
2026.09.20 16:55:01 INFO  Progress (1): 12/12 MB
2026.09.20 16:55:01 INFO  Progress (1): 12/12 MB
2026.09.20 16:55:01 INFO  Progress (1): 12/12 MB
2026.09.20 16:55:01 INFO  Progress (1): 12/12 MB
2026.09.20 16:55:01 INFO  Progress (1): 12/12 MB
2026.09.20 16:55:01 INFO  Progress (1): 12/12 MB
2026.09.20 16:55:01 INFO  Progress (1): 12/12 MB
2026.09.20 16:55:01 INFO  Progress (1): 12/12 MB
2026.09.20 16:55:01 INFO  Progress (1): 12/12 MB
2026.09.20 16:55:01 INFO  Progress (1): 12/12 MB
2026.09.20 16:55:01 INFO  Progress (1): 12/12 MB
2026.09.20 16:55:01 INFO  Progress (1): 12/12 MB
2026.09.20 16:55:01 INFO  Progress (1): 12/12 MB
2026.09.20 16:55:01 INFO  Progress (1): 12/12 MB
2026.09.20 16:55:01 INFO  Progress (1): 12/12 MB
2026.09.20 16:55:01 INFO  Progress (1): 12 MB   
2026.09.20 16:55:01 INFO                     
2026.09.20 16:55:01 INFO  Downloaded from central: https://repo.maven.apache.org/maven2/org/scala-lang/scala-compiler/2.13.8/scala-compiler-2.13.8.jar (12 MB at 801 kB/s)
2026.09.20 16:55:01 INFO  [ERROR] org.scala-lang:scala([0-9]?)-library is missing from project dependencies
2026.09.20 16:55:01 INFO  [INFO] Resolving artifact: org.junit.jupiter:junit-jupiter-params:jar:6.0.3:test (sources = false)
2026.09.20 16:55:01 INFO  [INFO] SUCCESS: org.junit.jupiter:junit-jupiter-params:jar:6.0.3:test (sources = false)
2026.09.20 16:55:01 INFO  [INFO] Resolving artifact: org.junit.jupiter:junit-jupiter-params:jar:6.0.3:test (sources = true)
2026.09.20 16:55:01 INFO  Downloading from central: https://repo.maven.apache.org/maven2/org/junit/jupiter/junit-jupiter-params/6.0.3/junit-jupiter-params-6.0.3-sources.jar
2026.09.20 16:55:02 INFO  Progress (1): 7.7/140 kB
2026.09.20 16:55:02 INFO  Progress (1): 11/140 kB 
2026.09.20 16:55:02 INFO  Progress (1): 28/140 kB
2026.09.20 16:55:02 INFO  Progress (1): 44/140 kB
2026.09.20 16:55:02 INFO  Progress (1): 61/140 kB
2026.09.20 16:55:02 INFO  Progress (1): 69/140 kB
2026.09.20 16:55:02 INFO  Progress (1): 85/140 kB
2026.09.20 16:55:02 INFO  Progress (1): 93/140 kB
2026.09.20 16:55:02 INFO  Progress (1): 110/140 kB
2026.09.20 16:55:02 INFO  Progress (1): 126/140 kB
2026.09.20 16:55:02 INFO  Progress (1): 134/140 kB
2026.09.20 16:55:02 INFO  Progress (1): 140 kB    
2026.09.20 16:55:02 INFO                      
2026.09.20 16:55:02 INFO  Downloaded from central: https://repo.maven.apache.org/maven2/org/junit/jupiter/junit-jupiter-params/6.0.3/junit-jupiter-params-6.0.3-sources.jar (140 kB at 949 kB/s)
2026.09.20 16:55:02 INFO  [INFO] SUCCESS: org.junit.jupiter:junit-jupiter-params:jar:6.0.3:test (sources = true)
2026.09.20 16:55:02 INFO  [INFO] Resolving artifact: org.springframework:spring-expression:jar:7.0.9:compile (sources = false)
2026.09.20 16:55:02 INFO  [INFO] SUCCESS: org.springframework:spring-expression:jar:7.0.9:compile (sources = false)
2026.09.20 16:55:02 INFO  [INFO] Resolving artifact: org.springframework:spring-expression:jar:7.0.9:compile (sources = true)
2026.09.20 16:55:02 INFO  Downloading from central: https://repo.maven.apache.org/maven2/org/springframework/spring-expression/7.0.9/spring-expression-7.0.9-sources.jar
2026.09.20 16:55:02 INFO  Progress (1): 7.7/249 kB
2026.09.20 16:55:02 INFO  Progress (1): 16/249 kB 
2026.09.20 16:55:02 INFO  Progress (1): 28/249 kB
2026.09.20 16:55:02 INFO  Progress (1): 44/249 kB
2026.09.20 16:55:02 INFO  Progress (1): 61/249 kB
2026.09.20 16:55:02 INFO  Progress (1): 77/249 kB
2026.09.20 16:55:02 INFO  Progress (1): 93/249 kB
2026.09.20 16:55:02 INFO  Progress (1): 110/249 kB
2026.09.20 16:55:02 INFO  Progress (1): 126/249 kB
2026.09.20 16:55:02 INFO  Progress (1): 142/249 kB
2026.09.20 16:55:02 INFO  Progress (1): 151/249 kB
2026.09.20 16:55:02 INFO  Progress (1): 167/249 kB
2026.09.20 16:55:02 INFO  Progress (1): 183/249 kB
2026.09.20 16:55:02 INFO  Progress (1): 187/249 kB
2026.09.20 16:55:02 INFO  Progress (1): 204/249 kB
2026.09.20 16:55:02 INFO  Progress (1): 220/249 kB
2026.09.20 16:55:02 INFO  Progress (1): 236/249 kB
2026.09.20 16:55:02 INFO  Progress (1): 249 kB    
2026.09.20 16:55:02 INFO                      
2026.09.20 16:55:02 INFO  Downloaded from central: https://repo.maven.apache.org/maven2/org/springframework/spring-expression/7.0.9/spring-expression-7.0.9-sources.jar (249 kB at 1.7 MB/s)
2026.09.20 16:55:02 INFO  [INFO] SUCCESS: org.springframework:spring-expression:jar:7.0.9:compile (sources = true)
2026.09.20 16:55:02 INFO  [INFO] Resolving artifact: org.springframework.boot:spring-boot-test:jar:4.1.1:test (sources = false)
2026.09.20 16:55:02 INFO  [INFO] SUCCESS: org.springframework.boot:spring-boot-test:jar:4.1.1:test (sources = false)
2026.09.20 16:55:02 INFO  [INFO] Resolving artifact: org.springframework.boot:spring-boot-test:jar:4.1.1:test (sources = true)
2026.09.20 16:55:02 INFO  Downloading from central: https://repo.maven.apache.org/maven2/org/springframework/boot/spring-boot-test/4.1.1/spring-boot-test-4.1.1-sources.jar
2026.09.20 16:55:02 INFO  Progress (1): 7.7/135 kB
2026.09.20 16:55:02 INFO  Progress (1): 11/135 kB 
2026.09.20 16:55:02 INFO  Progress (1): 28/135 kB
2026.09.20 16:55:02 INFO  Progress (1): 44/135 kB
2026.09.20 16:55:02 INFO  Progress (1): 61/135 kB
2026.09.20 16:55:02 INFO  Progress (1): 77/135 kB
2026.09.20 16:55:02 INFO  Progress (1): 93/135 kB
2026.09.20 16:55:02 INFO  Progress (1): 110/135 kB
2026.09.20 16:55:03 INFO  no build target found for C:\CARMOVO_PROY\CARMOVO\backend\src\main\java\com\carmovo\BackendApplication.java. Using fallback presentation compiler.
2026.09.20 16:55:02 INFO  Progress (1): 126/135 kB
2026.09.20 16:55:02 INFO  Progress (1): 135 kB    
2026.09.20 16:55:02 INFO                      
2026.09.20 16:55:02 INFO  Downloaded from central: https://repo.maven.apache.org/maven2/org/springframework/boot/spring-boot-test/4.1.1/spring-boot-test-4.1.1-sources.jar (135 kB at 1.0 MB/s)
2026.09.20 16:55:02 INFO  [INFO] SUCCESS: org.springframework.boot:spring-boot-test:jar:4.1.1:test (sources = true)
2026.09.20 16:55:02 INFO  [INFO] Resolving artifact: com.jayway.jsonpath:json-path:jar:2.10.0:test (sources = false)
2026.09.20 16:55:02 INFO  [INFO] SUCCESS: com.jayway.jsonpath:json-path:jar:2.10.0:test (sources = false)
2026.09.20 16:55:02 INFO  [INFO] Resolving artifact: com.jayway.jsonpath:json-path:jar:2.10.0:test (sources = true)
2026.09.20 16:55:02 INFO  Downloading from central: https://repo.maven.apache.org/maven2/com/jayway/jsonpath/json-path/2.10.0/json-path-2.10.0-sources.jar
2026.09.20 16:55:03 INFO  no build target found for C:\CARMOVO_PROY\CARMOVO\backend\src\main\java\com\carmovo\modulos\usuarios\BackendApplication.java. Using fallback presentation compiler.
2026.09.20 16:55:02 INFO  Progress (1): 7.7/135 kB
2026.09.20 16:55:02 INFO  Progress (1): 16/135 kB 
2026.09.20 16:55:02 INFO  Progress (1): 32/135 kB
2026.09.20 16:55:02 INFO  Progress (1): 49/135 kB
2026.09.20 16:55:02 INFO  Progress (1): 65/135 kB
2026.09.20 16:55:02 INFO  Progress (1): 81/135 kB
2026.09.20 16:55:02 INFO  Progress (1): 98/135 kB
2026.09.20 16:55:02 INFO  Progress (1): 110/135 kB
2026.09.20 16:55:02 INFO  Progress (1): 126/135 kB
2026.09.20 16:55:02 INFO  Progress (1): 135 kB    
2026.09.20 16:55:02 INFO                      
2026.09.20 16:55:02 INFO  Downloaded from central: https://repo.maven.apache.org/maven2/com/jayway/jsonpath/json-path/2.10.0/json-path-2.10.0-sources.jar (135 kB at 852 kB/s)
2026.09.20 16:55:02 INFO  [INFO] SUCCESS: com.jayway.jsonpath:json-path:jar:2.10.0:test (sources = true)
2026.09.20 16:55:02 INFO  [INFO] Resolving artifact: org.hamcrest:hamcrest:jar:3.0:test (sources = false)
2026.09.20 16:55:02 INFO  [INFO] SUCCESS: org.hamcrest:hamcrest:jar:3.0:test (sources = false)
2026.09.20 16:55:02 INFO  [INFO] Resolving artifact: org.hamcrest:hamcrest:jar:3.0:test (sources = true)
2026.09.20 16:55:02 INFO  Downloading from central: https://repo.maven.apache.org/maven2/org/hamcrest/hamcrest/3.0/hamcrest-3.0-sources.jar
2026.09.20 16:55:02 INFO  Progress (1): 7.7/85 kB
2026.09.20 16:55:02 INFO  Progress (1): 11/85 kB 
2026.09.20 16:55:02 INFO  Progress (1): 28/85 kB
2026.09.20 16:55:02 INFO  Progress (1): 44/85 kB
2026.09.20 16:55:02 INFO  Progress (1): 60/85 kB
2026.09.20 16:55:02 INFO  Progress (1): 77/85 kB
2026.09.20 16:55:02 INFO  Progress (1): 85 kB   
2026.09.20 16:55:02 INFO                     
2026.09.20 16:55:02 INFO  Downloaded from central: https://repo.maven.apache.org/maven2/org/hamcrest/hamcrest/3.0/hamcrest-3.0-sources.jar (85 kB at 610 kB/s)
2026.09.20 16:55:02 INFO  [INFO] SUCCESS: org.hamcrest:hamcrest:jar:3.0:test (sources = true)
2026.09.20 16:55:02 INFO  [INFO] Resolving artifact: org.objenesis:objenesis:jar:3.3:test (sources = false)
2026.09.20 16:55:02 INFO  [INFO] SUCCESS: org.objenesis:objenesis:jar:3.3:test (sources = false)
2026.09.20 16:55:02 INFO  [INFO] Resolving artifact: org.objenesis:objenesis:jar:3.3:test (sources = true)
2026.09.20 16:55:02 INFO  Downloading from central: https://repo.maven.apache.org/maven2/org/objenesis/objenesis/3.3/objenesis-3.3-sources.jar
2026.09.20 16:55:02 INFO  Progress (1): 7.7/53 kB
2026.09.20 16:55:02 INFO  Progress (1): 16/53 kB 
2026.09.20 16:55:02 INFO  Progress (1): 25/53 kB
2026.09.20 16:55:02 INFO  Progress (1): 41/53 kB
2026.09.20 16:55:02 INFO  Progress (1): 53 kB   
2026.09.20 16:55:02 INFO                     
2026.09.20 16:55:02 INFO  Downloaded from central: https://repo.maven.apache.org/maven2/org/objenesis/objenesis/3.3/objenesis-3.3-sources.jar (53 kB at 507 kB/s)
2026.09.20 16:55:02 INFO  [INFO] SUCCESS: org.objenesis:objenesis:jar:3.3:test (sources = true)
2026.09.20 16:55:02 INFO  [INFO] Resolving artifact: org.springframework:spring-beans:jar:7.0.9:compile (sources = false)
2026.09.20 16:55:02 INFO  [INFO] SUCCESS: org.springframework:spring-beans:jar:7.0.9:compile (sources = false)
2026.09.20 16:55:02 INFO  [INFO] Resolving artifact: org.springframework:spring-beans:jar:7.0.9:compile (sources = true)
2026.09.20 16:55:02 INFO  Downloading from central: https://repo.maven.apache.org/maven2/org/springframework/spring-beans/7.0.9/spring-beans-7.0.9-sources.jar
2026.09.20 16:55:02 INFO  Progress (1): 7.7/755 kB
2026.09.20 16:55:02 INFO  Progress (1): 8.2/755 kB
2026.09.20 16:55:02 INFO  Progress (1): 25/755 kB 
2026.09.20 16:55:02 INFO  Progress (1): 41/755 kB
2026.09.20 16:55:02 INFO  Progress (1): 57/755 kB
2026.09.20 16:55:02 INFO  Progress (1): 74/755 kB
2026.09.20 16:55:02 INFO  Progress (1): 90/755 kB
2026.09.20 16:55:02 INFO  Progress (1): 106/755 kB
2026.09.20 16:55:02 INFO  Progress (1): 123/755 kB
2026.09.20 16:55:02 INFO  Progress (1): 139/755 kB
2026.09.20 16:55:02 INFO  Progress (1): 156/755 kB
2026.09.20 16:55:02 INFO  Progress (1): 172/755 kB
2026.09.20 16:55:02 INFO  Progress (1): 188/755 kB
2026.09.20 16:55:02 INFO  Progress (1): 205/755 kB
2026.09.20 16:55:02 INFO  Progress (1): 221/755 kB
set. 20, 2026 4:55:03 P. M. org.eclipse.lsp4j.jsonrpc.RemoteEndpoint handleCancellation
WARNING: Unmatched cancel notification for request id 12
2026.09.20 16:55:03 INFO  no build target found for C:\CARMOVO_PROY\CARMOVO\backend\src\main\java\com\carmovo\modulos\usuarios\BackendApplication.java. Using fallback presentation compiler.
2026.09.20 16:55:02 INFO  Progress (1): 238/755 kB
2026.09.20 16:55:02 INFO  Progress (1): 254/755 kB
2026.09.20 16:55:02 INFO  Progress (1): 270/755 kB
2026.09.20 16:55:02 INFO  Progress (1): 287/755 kB
2026.09.20 16:55:04 INFO  Progress (1): 303/755 kB
2026.09.20 16:55:04 INFO  Progress (1): 319/755 kB
2026.09.20 16:55:04 INFO  Progress (1): 336/755 kB
2026.09.20 16:55:04 INFO  Progress (1): 352/755 kB
2026.09.20 16:55:04 INFO  Progress (1): 369/755 kB
2026.09.20 16:55:04 INFO  Progress (1): 385/755 kB
2026.09.20 16:55:04 INFO  Progress (1): 401/755 kB
2026.09.20 16:55:04 INFO  Progress (1): 418/755 kB
2026.09.20 16:55:04 INFO  Progress (1): 434/755 kB
2026.09.20 16:55:04 INFO  Progress (1): 451/755 kB
2026.09.20 16:55:04 INFO  Progress (1): 467/755 kB
2026.09.20 16:55:04 INFO  Progress (1): 483/755 kB
2026.09.20 16:55:04 INFO  Progress (1): 500/755 kB
2026.09.20 16:55:04 INFO  Progress (1): 516/755 kB
2026.09.20 16:55:04 INFO  Progress (1): 532/755 kB
2026.09.20 16:55:04 INFO  Progress (1): 549/755 kB
2026.09.20 16:55:04 INFO  Progress (1): 565/755 kB
2026.09.20 16:55:04 INFO  Progress (1): 582/755 kB
2026.09.20 16:55:04 INFO  Progress (1): 598/755 kB
2026.09.20 16:55:04 INFO  Progress (1): 614/755 kB
2026.09.20 16:55:04 INFO  Progress (1): 631/755 kB
2026.09.20 16:55:04 INFO  Progress (1): 647/755 kB
2026.09.20 16:55:04 INFO  Progress (1): 664/755 kB
2026.09.20 16:55:04 INFO  Progress (1): 680/755 kB
2026.09.20 16:55:04 INFO  Progress (1): 696/755 kB
2026.09.20 16:55:04 INFO  Progress (1): 713/755 kB
2026.09.20 16:55:04 INFO  Progress (1): 729/755 kB
2026.09.20 16:55:04 INFO  Progress (1): 745/755 kB
2026.09.20 16:55:04 INFO  Progress (1): 755 kB    
2026.09.20 16:55:04 INFO                      
2026.09.20 16:55:04 INFO  Downloaded from central: https://repo.maven.apache.org/maven2/org/springframework/spring-beans/7.0.9/spring-beans-7.0.9-sources.jar (755 kB at 1.7 MB/s)
2026.09.20 16:55:04 INFO  [INFO] SUCCESS: org.springframework:spring-beans:jar:7.0.9:compile (sources = true)
2026.09.20 16:55:04 INFO  [INFO] Resolving artifact: net.bytebuddy:byte-buddy:jar:1.18.11:test (sources = false)
2026.09.20 16:55:04 INFO  [INFO] SUCCESS: net.bytebuddy:byte-buddy:jar:1.18.11:test (sources = false)
2026.09.20 16:55:04 INFO  [INFO] Resolving artifact: net.bytebuddy:byte-buddy:jar:1.18.11:test (sources = true)
2026.09.20 16:55:04 INFO  Downloading from central: https://repo.maven.apache.org/maven2/net/bytebuddy/byte-buddy/1.18.11/byte-buddy-1.18.11-sources.jar
2026.09.20 16:55:04 INFO  Progress (1): 0/1.5 MB
2026.09.20 16:55:04 INFO  Progress (1): 0/1.5 MB
2026.09.20 16:55:04 INFO  Progress (1): 0/1.5 MB
2026.09.20 16:55:04 INFO  Progress (1): 0/1.5 MB
2026.09.20 16:55:04 INFO  Progress (1): 0.1/1.5 MB
2026.09.20 16:55:04 INFO  Progress (1): 0.1/1.5 MB
2026.09.20 16:55:04 INFO  Progress (1): 0.1/1.5 MB
2026.09.20 16:55:04 INFO  Progress (1): 0.1/1.5 MB
2026.09.20 16:55:04 INFO  Progress (1): 0.1/1.5 MB
2026.09.20 16:55:04 INFO  Progress (1): 0.1/1.5 MB
2026.09.20 16:55:04 INFO  Progress (1): 0.2/1.5 MB
2026.09.20 16:55:04 INFO  Progress (1): 0.2/1.5 MB
2026.09.20 16:55:04 INFO  Progress (1): 0.2/1.5 MB
2026.09.20 16:55:04 INFO  Progress (1): 0.2/1.5 MB
2026.09.20 16:55:04 INFO  Progress (1): 0.2/1.5 MB
2026.09.20 16:55:04 INFO  Progress (1): 0.2/1.5 MB
2026.09.20 16:55:04 INFO  Progress (1): 0.3/1.5 MB
2026.09.20 16:55:04 INFO  Progress (1): 0.3/1.5 MB
2026.09.20 16:55:04 INFO  Progress (1): 0.3/1.5 MB
2026.09.20 16:55:04 INFO  Progress (1): 0.3/1.5 MB
2026.09.20 16:55:04 INFO  Progress (1): 0.3/1.5 MB
2026.09.20 16:55:04 INFO  Progress (1): 0.3/1.5 MB
2026.09.20 16:55:04 INFO  Progress (1): 0.4/1.5 MB
2026.09.20 16:55:04 INFO  Progress (1): 0.4/1.5 MB
2026.09.20 16:55:04 INFO  Progress (1): 0.4/1.5 MB
2026.09.20 16:55:04 INFO  Progress (1): 0.4/1.5 MB
2026.09.20 16:55:04 INFO  Progress (1): 0.4/1.5 MB
2026.09.20 16:55:04 INFO  Progress (1): 0.4/1.5 MB
2026.09.20 16:55:04 INFO  Progress (1): 0.5/1.5 MB
2026.09.20 16:55:04 INFO  Progress (1): 0.5/1.5 MB
2026.09.20 16:55:04 INFO  Progress (1): 0.5/1.5 MB
2026.09.20 16:55:04 INFO  Progress (1): 0.5/1.5 MB
2026.09.20 16:55:04 INFO  Progress (1): 0.5/1.5 MB
2026.09.20 16:55:04 INFO  Progress (1): 0.5/1.5 MB
2026.09.20 16:55:04 INFO  Progress (1): 0.5/1.5 MB
2026.09.20 16:55:04 INFO  Progress (1): 0.6/1.5 MB
2026.09.20 16:55:04 INFO  Progress (1): 0.6/1.5 MB
2026.09.20 16:55:04 INFO  Progress (1): 0.6/1.5 MB
2026.09.20 16:55:04 INFO  Progress (1): 0.6/1.5 MB
2026.09.20 16:55:04 INFO  Progress (1): 0.6/1.5 MB
2026.09.20 16:55:04 INFO  Progress (1): 0.6/1.5 MB
2026.09.20 16:55:04 INFO  Progress (1): 0.7/1.5 MB
2026.09.20 16:55:04 INFO  Progress (1): 0.7/1.5 MB
2026.09.20 16:55:04 INFO  Progress (1): 0.7/1.5 MB
2026.09.20 16:55:04 INFO  Progress (1): 0.7/1.5 MB
2026.09.20 16:55:04 INFO  Progress (1): 0.7/1.5 MB
2026.09.20 16:55:04 INFO  Progress (1): 0.7/1.5 MB
2026.09.20 16:55:04 INFO  Progress (1): 0.8/1.5 MB
2026.09.20 16:55:04 INFO  Progress (1): 0.8/1.5 MB
2026.09.20 16:55:04 INFO  Progress (1): 0.8/1.5 MB
2026.09.20 16:55:04 INFO  Progress (1): 0.8/1.5 MB
2026.09.20 16:55:04 INFO  Progress (1): 0.8/1.5 MB
2026.09.20 16:55:04 INFO  Progress (1): 0.8/1.5 MB
2026.09.20 16:55:04 INFO  Progress (1): 0.9/1.5 MB
2026.09.20 16:55:04 INFO  Progress (1): 0.9/1.5 MB
2026.09.20 16:55:04 INFO  Progress (1): 0.9/1.5 MB
2026.09.20 16:55:04 INFO  Progress (1): 0.9/1.5 MB
2026.09.20 16:55:04 INFO  Progress (1): 0.9/1.5 MB
2026.09.20 16:55:04 INFO  Progress (1): 0.9/1.5 MB
2026.09.20 16:55:04 INFO  Progress (1): 1.0/1.5 MB
2026.09.20 16:55:04 INFO  Progress (1): 1.0/1.5 MB
2026.09.20 16:55:04 INFO  Progress (1): 1.0/1.5 MB
2026.09.20 16:55:04 INFO  Progress (1): 1.0/1.5 MB
2026.09.20 16:55:04 INFO  Progress (1): 1.0/1.5 MB
2026.09.20 16:55:04 INFO  Progress (1): 1.0/1.5 MB
2026.09.20 16:55:04 INFO  Progress (1): 1.1/1.5 MB
2026.09.20 16:55:04 INFO  Progress (1): 1.1/1.5 MB
2026.09.20 16:55:04 INFO  Progress (1): 1.1/1.5 MB
2026.09.20 16:55:04 INFO  Progress (1): 1.1/1.5 MB
2026.09.20 16:55:04 INFO  Progress (1): 1.1/1.5 MB
2026.09.20 16:55:04 INFO  Progress (1): 1.1/1.5 MB
2026.09.20 16:55:04 INFO  Progress (1): 1.2/1.5 MB
2026.09.20 16:55:04 INFO  Progress (1): 1.2/1.5 MB
2026.09.20 16:55:04 INFO  Progress (1): 1.2/1.5 MB
2026.09.20 16:55:04 INFO  Progress (1): 1.2/1.5 MB
2026.09.20 16:55:04 INFO  Progress (1): 1.2/1.5 MB
2026.09.20 16:55:04 INFO  Progress (1): 1.2/1.5 MB
2026.09.20 16:55:04 INFO  Progress (1): 1.3/1.5 MB
2026.09.20 16:55:04 INFO  Progress (1): 1.3/1.5 MB
2026.09.20 16:55:04 INFO  Progress (1): 1.3/1.5 MB
2026.09.20 16:55:04 INFO  Progress (1): 1.3/1.5 MB
2026.09.20 16:55:04 INFO  Progress (1): 1.3/1.5 MB
2026.09.20 16:55:04 INFO  Progress (1): 1.3/1.5 MB
2026.09.20 16:55:04 INFO  Progress (1): 1.4/1.5 MB
2026.09.20 16:55:04 INFO  Progress (1): 1.4/1.5 MB
2026.09.20 16:55:04 INFO  Progress (1): 1.4/1.5 MB
2026.09.20 16:55:04 INFO  Progress (1): 1.4/1.5 MB
2026.09.20 16:55:04 INFO  Progress (1): 1.4/1.5 MB
2026.09.20 16:55:04 INFO  Progress (1): 1.4/1.5 MB
2026.09.20 16:55:04 INFO  Progress (1): 1.4/1.5 MB
2026.09.20 16:55:04 INFO  Progress (1): 1.5/1.5 MB
2026.09.20 16:55:04 INFO  Progress (1): 1.5/1.5 MB
2026.09.20 16:55:04 INFO  Progress (1): 1.5 MB    
2026.09.20 16:55:04 INFO                      
2026.09.20 16:55:04 INFO  Downloaded from central: https://repo.maven.apache.org/maven2/net/bytebuddy/byte-buddy/1.18.11/byte-buddy-1.18.11-sources.jar (1.5 MB at 2.4 MB/s)
2026.09.20 16:55:04 INFO  [INFO] SUCCESS: net.bytebuddy:byte-buddy:jar:1.18.11:test (sources = true)
2026.09.20 16:55:04 INFO  [INFO] Resolving artifact: org.springframework.boot:spring-boot:jar:4.1.1:compile (sources = false)
2026.09.20 16:55:04 INFO  [INFO] SUCCESS: org.springframework.boot:spring-boot:jar:4.1.1:compile (sources = false)
2026.09.20 16:55:04 INFO  [INFO] Resolving artifact: org.springframework.boot:spring-boot:jar:4.1.1:compile (sources = true)
2026.09.20 16:55:04 INFO  Downloading from central: https://repo.maven.apache.org/maven2/org/springframework/boot/spring-boot/4.1.1/spring-boot-4.1.1-sources.jar
2026.09.20 16:55:04 INFO  Progress (1): 7.7/863 kB
2026.09.20 16:55:04 INFO  Progress (1): 16/863 kB 
2026.09.20 16:55:04 INFO  Progress (1): 25/863 kB
2026.09.20 16:55:04 INFO  Progress (1): 41/863 kB
2026.09.20 16:55:04 INFO  Progress (1): 57/863 kB
2026.09.20 16:55:04 INFO  Progress (1): 74/863 kB
2026.09.20 16:55:04 INFO  Progress (1): 90/863 kB
2026.09.20 16:55:04 INFO  Progress (1): 106/863 kB
2026.09.20 16:55:04 INFO  Progress (1): 123/863 kB
2026.09.20 16:55:04 INFO  Progress (1): 139/863 kB
2026.09.20 16:55:04 INFO  Progress (1): 156/863 kB
2026.09.20 16:55:04 INFO  Progress (1): 172/863 kB
2026.09.20 16:55:04 INFO  Progress (1): 188/863 kB
2026.09.20 16:55:04 INFO  Progress (1): 205/863 kB
2026.09.20 16:55:04 INFO  Progress (1): 221/863 kB
2026.09.20 16:55:04 INFO  Progress (1): 238/863 kB
2026.09.20 16:55:04 INFO  Progress (1): 254/863 kB
2026.09.20 16:55:04 INFO  Progress (1): 270/863 kB
2026.09.20 16:55:04 INFO  no build target found for C:\CARMOVO_PROY\CARMOVO\backend\src\main\java\com\carmovo\modulos\usuarios\BackendApplication.java. Using fallback presentation compiler.
2026.09.20 16:55:04 INFO  Progress (1): 287/863 kB
2026.09.20 16:55:04 INFO  Progress (1): 303/863 kB
2026.09.20 16:55:04 INFO  Progress (1): 319/863 kB
2026.09.20 16:55:04 INFO  Progress (1): 336/863 kB
2026.09.20 16:55:04 INFO  Progress (1): 352/863 kB
2026.09.20 16:55:04 INFO  Progress (1): 369/863 kB
2026.09.20 16:55:04 INFO  Progress (1): 385/863 kB
2026.09.20 16:55:04 INFO  Progress (1): 401/863 kB
2026.09.20 16:55:04 INFO  Progress (1): 418/863 kB
2026.09.20 16:55:04 INFO  Progress (1): 434/863 kB
2026.09.20 16:55:04 INFO  Progress (1): 451/863 kB
2026.09.20 16:55:04 INFO  Progress (1): 467/863 kB
2026.09.20 16:55:04 INFO  Progress (1): 483/863 kB
2026.09.20 16:55:04 INFO  Progress (1): 500/863 kB
2026.09.20 16:55:05 INFO  Progress (1): 516/863 kB
2026.09.20 16:55:05 INFO  Progress (1): 532/863 kB
2026.09.20 16:55:05 INFO  Progress (1): 549/863 kB
2026.09.20 16:55:05 INFO  Progress (1): 565/863 kB
2026.09.20 16:55:05 INFO  Progress (1): 582/863 kB
2026.09.20 16:55:05 INFO  Progress (1): 598/863 kB
2026.09.20 16:55:05 INFO  Progress (1): 614/863 kB
2026.09.20 16:55:05 INFO  Progress (1): 631/863 kB
2026.09.20 16:55:05 INFO  Progress (1): 647/863 kB
2026.09.20 16:55:05 INFO  Progress (1): 664/863 kB
2026.09.20 16:55:05 INFO  Progress (1): 680/863 kB
2026.09.20 16:55:05 INFO  Progress (1): 696/863 kB
2026.09.20 16:55:05 INFO  Progress (1): 713/863 kB
2026.09.20 16:55:05 INFO  Progress (1): 729/863 kB
2026.09.20 16:55:05 INFO  Progress (1): 745/863 kB
2026.09.20 16:55:05 INFO  Progress (1): 762/863 kB
2026.09.20 16:55:05 INFO  Progress (1): 778/863 kB
2026.09.20 16:55:05 INFO  Progress (1): 795/863 kB
2026.09.20 16:55:05 INFO  Progress (1): 811/863 kB
2026.09.20 16:55:05 INFO  Progress (1): 827/863 kB
2026.09.20 16:55:05 INFO  Progress (1): 844/863 kB
2026.09.20 16:55:05 INFO  Progress (1): 860/863 kB
2026.09.20 16:55:05 INFO  Progress (1): 863 kB    
2026.09.20 16:55:05 INFO                      
2026.09.20 16:55:05 INFO  Downloaded from central: https://repo.maven.apache.org/maven2/org/springframework/boot/spring-boot/4.1.1/spring-boot-4.1.1-sources.jar (863 kB at 2.0 MB/s)
2026.09.20 16:55:05 INFO  [INFO] SUCCESS: org.springframework.boot:spring-boot:jar:4.1.1:compile (sources = true)
2026.09.20 16:55:05 INFO  [INFO] Resolving artifact: ch.qos.logback:logback-classic:jar:1.5.38:compile (sources = false)
2026.09.20 16:55:05 INFO  [INFO] SUCCESS: ch.qos.logback:logback-classic:jar:1.5.38:compile (sources = false)
2026.09.20 16:55:05 INFO  [INFO] Resolving artifact: ch.qos.logback:logback-classic:jar:1.5.38:compile (sources = true)
2026.09.20 16:55:05 INFO  Downloading from central: https://repo.maven.apache.org/maven2/ch/qos/logback/logback-classic/1.5.38/logback-classic-1.5.38-sources.jar
2026.09.20 16:55:05 INFO  Progress (1): 7.7/251 kB
2026.09.20 16:55:05 INFO  Progress (1): 16/251 kB 
2026.09.20 16:55:05 INFO  Progress (1): 25/251 kB
2026.09.20 16:55:05 INFO  Progress (1): 41/251 kB
2026.09.20 16:55:05 INFO  Progress (1): 57/251 kB
2026.09.20 16:55:05 INFO  Progress (1): 74/251 kB
2026.09.20 16:55:05 INFO  Progress (1): 90/251 kB
2026.09.20 16:55:05 INFO  Progress (1): 106/251 kB
2026.09.20 16:55:05 INFO  Progress (1): 115/251 kB
2026.09.20 16:55:05 INFO  Progress (1): 131/251 kB
2026.09.20 16:55:05 INFO  Progress (1): 147/251 kB
2026.09.20 16:55:05 INFO  Progress (1): 164/251 kB
2026.09.20 16:55:05 INFO  Progress (1): 180/251 kB
2026.09.20 16:55:05 INFO  Progress (1): 197/251 kB
2026.09.20 16:55:05 INFO  Progress (1): 213/251 kB
2026.09.20 16:55:05 INFO  Progress (1): 229/251 kB
2026.09.20 16:55:05 INFO  Progress (1): 246/251 kB
2026.09.20 16:55:05 INFO  Progress (1): 251 kB    
2026.09.20 16:55:05 INFO                      
2026.09.20 16:55:05 INFO  Downloaded from central: https://repo.maven.apache.org/maven2/ch/qos/logback/logback-classic/1.5.38/logback-classic-1.5.38-sources.jar (251 kB at 1.6 MB/s)
2026.09.20 16:55:05 INFO  [INFO] SUCCESS: ch.qos.logback:logback-classic:jar:1.5.38:compile (sources = true)
2026.09.20 16:55:05 INFO  [INFO] Resolving artifact: org.springframework:spring-aop:jar:7.0.9:compile (sources = false)
2026.09.20 16:55:05 INFO  [INFO] SUCCESS: org.springframework:spring-aop:jar:7.0.9:compile (sources = false)
2026.09.20 16:55:05 INFO  [INFO] Resolving artifact: org.springframework:spring-aop:jar:7.0.9:compile (sources = true)
2026.09.20 16:55:05 INFO  Downloading from central: https://repo.maven.apache.org/maven2/org/springframework/spring-aop/7.0.9/spring-aop-7.0.9-sources.jar
2026.09.20 16:55:05 INFO  Progress (1): 7.7/375 kB
2026.09.20 16:55:05 INFO  Progress (1): 16/375 kB 
2026.09.20 16:55:05 INFO  Progress (1): 32/375 kB
2026.09.20 16:55:05 INFO  Progress (1): 49/375 kB
2026.09.20 16:55:05 INFO  Progress (1): 57/375 kB
2026.09.20 16:55:05 INFO  Progress (1): 73/375 kB
2026.09.20 16:55:05 INFO  Progress (1): 90/375 kB
2026.09.20 16:55:05 INFO  Progress (1): 106/375 kB
2026.09.20 16:55:05 INFO  Progress (1): 122/375 kB
2026.09.20 16:55:05 INFO  Progress (1): 139/375 kB
2026.09.20 16:55:05 INFO  Progress (1): 155/375 kB
2026.09.20 16:55:05 INFO  Progress (1): 172/375 kB
2026.09.20 16:55:05 INFO  Progress (1): 188/375 kB
2026.09.20 16:55:05 INFO  Progress (1): 204/375 kB
2026.09.20 16:55:05 INFO  Progress (1): 221/375 kB
2026.09.20 16:55:05 INFO  Progress (1): 237/375 kB
2026.09.20 16:55:05 INFO  Progress (1): 253/375 kB
2026.09.20 16:55:05 INFO  Progress (1): 270/375 kB
2026.09.20 16:55:05 INFO  Progress (1): 286/375 kB
2026.09.20 16:55:05 INFO  Progress (1): 303/375 kB
2026.09.20 16:55:05 INFO  Progress (1): 319/375 kB
2026.09.20 16:55:05 INFO  Progress (1): 335/375 kB
2026.09.20 16:55:05 INFO  Progress (1): 352/375 kB
2026.09.20 16:55:05 INFO  Progress (1): 368/375 kB
2026.09.20 16:55:05 INFO  Progress (1): 375 kB    
2026.09.20 16:55:05 INFO                      
2026.09.20 16:55:05 INFO  Downloaded from central: https://repo.maven.apache.org/maven2/org/springframework/spring-aop/7.0.9/spring-aop-7.0.9-sources.jar (375 kB at 1.3 MB/s)
2026.09.20 16:55:05 INFO  [INFO] SUCCESS: org.springframework:spring-aop:jar:7.0.9:compile (sources = true)
2026.09.20 16:55:05 INFO  [INFO] Resolving artifact: io.micrometer:micrometer-commons:jar:1.17.1:compile (sources = false)
2026.09.20 16:55:05 INFO  [INFO] SUCCESS: io.micrometer:micrometer-commons:jar:1.17.1:compile (sources = false)
2026.09.20 16:55:05 INFO  [INFO] Resolving artifact: io.micrometer:micrometer-commons:jar:1.17.1:compile (sources = true)
2026.09.20 16:55:05 INFO  Downloading from central: https://repo.maven.apache.org/maven2/io/micrometer/micrometer-commons/1.17.1/micrometer-commons-1.17.1-sources.jar
2026.09.20 16:55:05 INFO  Progress (1): 7.7/49 kB
2026.09.20 16:55:05 INFO  Progress (1): 11/49 kB 
2026.09.20 16:55:05 INFO  Progress (1): 28/49 kB
2026.09.20 16:55:05 INFO  Progress (1): 44/49 kB
2026.09.20 16:55:05 INFO  Progress (1): 49 kB   
2026.09.20 16:55:05 INFO                     
2026.09.20 16:55:05 INFO  Downloaded from central: https://repo.maven.apache.org/maven2/io/micrometer/micrometer-commons/1.17.1/micrometer-commons-1.17.1-sources.jar (49 kB at 548 kB/s)
2026.09.20 16:55:05 INFO  [INFO] SUCCESS: io.micrometer:micrometer-commons:jar:1.17.1:compile (sources = true)
2026.09.20 16:55:05 INFO  [INFO] Resolving artifact: org.assertj:assertj-core:jar:3.27.7:test (sources = false)
2026.09.20 16:55:05 INFO  [INFO] SUCCESS: org.assertj:assertj-core:jar:3.27.7:test (sources = false)
2026.09.20 16:55:05 INFO  [INFO] Resolving artifact: org.assertj:assertj-core:jar:3.27.7:test (sources = true)
2026.09.20 16:55:05 INFO  Downloading from central: https://repo.maven.apache.org/maven2/org/assertj/assertj-core/3.27.7/assertj-core-3.27.7-sources.jar
2026.09.20 16:55:05 INFO  Progress (1): 0/1.5 MB
2026.09.20 16:55:05 INFO  Progress (1): 0/1.5 MB
2026.09.20 16:55:05 INFO  Progress (1): 0/1.5 MB
2026.09.20 16:55:05 INFO  Progress (1): 0.1/1.5 MB
2026.09.20 16:55:05 INFO  Progress (1): 0.1/1.5 MB
2026.09.20 16:55:05 INFO  Progress (1): 0.1/1.5 MB
2026.09.20 16:55:05 INFO  Progress (1): 0.1/1.5 MB
2026.09.20 16:55:05 INFO  Progress (1): 0.1/1.5 MB
2026.09.20 16:55:05 INFO  Progress (1): 0.1/1.5 MB
2026.09.20 16:55:05 INFO  Progress (1): 0.1/1.5 MB
2026.09.20 16:55:05 INFO  Progress (1): 0.2/1.5 MB
2026.09.20 16:55:05 INFO  Progress (1): 0.2/1.5 MB
2026.09.20 16:55:05 INFO  Progress (1): 0.2/1.5 MB
2026.09.20 16:55:05 INFO  Progress (1): 0.2/1.5 MB
2026.09.20 16:55:05 INFO  Progress (1): 0.2/1.5 MB
2026.09.20 16:55:05 INFO  Progress (1): 0.2/1.5 MB
2026.09.20 16:55:05 INFO  Progress (1): 0.2/1.5 MB
2026.09.20 16:55:05 INFO  Progress (1): 0.3/1.5 MB
2026.09.20 16:55:05 INFO  Progress (1): 0.3/1.5 MB
2026.09.20 16:55:05 INFO  Progress (1): 0.3/1.5 MB
2026.09.20 16:55:05 INFO  Progress (1): 0.3/1.5 MB
2026.09.20 16:55:05 INFO  Progress (1): 0.3/1.5 MB
2026.09.20 16:55:05 INFO  Progress (1): 0.3/1.5 MB
2026.09.20 16:55:05 INFO  Progress (1): 0.3/1.5 MB
2026.09.20 16:55:05 INFO  Progress (1): 0.4/1.5 MB
2026.09.20 16:55:05 INFO  Progress (1): 0.4/1.5 MB
2026.09.20 16:55:05 INFO  Progress (1): 0.4/1.5 MB
2026.09.20 16:55:05 INFO  Progress (1): 0.4/1.5 MB
2026.09.20 16:55:05 INFO  Progress (1): 0.4/1.5 MB
2026.09.20 16:55:05 INFO  Progress (1): 0.4/1.5 MB
2026.09.20 16:55:05 INFO  Progress (1): 0.5/1.5 MB
2026.09.20 16:55:05 INFO  Progress (1): 0.5/1.5 MB
2026.09.20 16:55:05 INFO  Progress (1): 0.5/1.5 MB
2026.09.20 16:55:05 INFO  Progress (1): 0.5/1.5 MB
2026.09.20 16:55:05 INFO  Progress (1): 0.5/1.5 MB
2026.09.20 16:55:05 INFO  Progress (1): 0.5/1.5 MB
2026.09.20 16:55:05 INFO  Progress (1): 0.5/1.5 MB
2026.09.20 16:55:05 INFO  Progress (1): 0.6/1.5 MB
2026.09.20 16:55:05 INFO  Progress (1): 0.6/1.5 MB
2026.09.20 16:55:05 INFO  Progress (1): 0.6/1.5 MB
2026.09.20 16:55:05 INFO  Progress (1): 0.6/1.5 MB
2026.09.20 16:55:05 INFO  Progress (1): 0.6/1.5 MB
2026.09.20 16:55:05 INFO  Progress (1): 0.6/1.5 MB
2026.09.20 16:55:05 INFO  Progress (1): 0.6/1.5 MB
2026.09.20 16:55:05 INFO  Progress (1): 0.7/1.5 MB
2026.09.20 16:55:05 INFO  Progress (1): 0.7/1.5 MB
2026.09.20 16:55:05 INFO  Progress (1): 0.7/1.5 MB
2026.09.20 16:55:05 INFO  Progress (1): 0.7/1.5 MB
2026.09.20 16:55:05 INFO  Progress (1): 0.7/1.5 MB
2026.09.20 16:55:05 INFO  Progress (1): 0.7/1.5 MB
2026.09.20 16:55:05 INFO  Progress (1): 0.7/1.5 MB
2026.09.20 16:55:05 INFO  Progress (1): 0.8/1.5 MB
2026.09.20 16:55:06 INFO  Progress (1): 0.8/1.5 MB
2026.09.20 16:55:06 INFO  Progress (1): 0.8/1.5 MB
2026.09.20 16:55:06 INFO  Progress (1): 0.8/1.5 MB
2026.09.20 16:55:06 INFO  Progress (1): 0.8/1.5 MB
2026.09.20 16:55:06 INFO  Progress (1): 0.8/1.5 MB
2026.09.20 16:55:06 INFO  Progress (1): 0.9/1.5 MB
2026.09.20 16:55:06 INFO  Progress (1): 0.9/1.5 MB
2026.09.20 16:55:06 INFO  Progress (1): 0.9/1.5 MB
2026.09.20 16:55:06 INFO  Progress (1): 0.9/1.5 MB
2026.09.20 16:55:06 INFO  Progress (1): 0.9/1.5 MB
2026.09.20 16:55:06 INFO  Progress (1): 0.9/1.5 MB
2026.09.20 16:55:06 INFO  Progress (1): 0.9/1.5 MB
2026.09.20 16:55:06 INFO  Progress (1): 1.0/1.5 MB
2026.09.20 16:55:06 INFO  Progress (1): 1.0/1.5 MB
2026.09.20 16:55:06 INFO  Progress (1): 1.0/1.5 MB
2026.09.20 16:55:06 INFO  Progress (1): 1.0/1.5 MB
2026.09.20 16:55:06 INFO  Progress (1): 1.0/1.5 MB
2026.09.20 16:55:06 INFO  Progress (1): 1.0/1.5 MB
2026.09.20 16:55:06 INFO  Progress (1): 1.0/1.5 MB
2026.09.20 16:55:06 INFO  Progress (1): 1.0/1.5 MB
2026.09.20 16:55:06 INFO  Progress (1): 1.1/1.5 MB
2026.09.20 16:55:06 INFO  Progress (1): 1.1/1.5 MB
2026.09.20 16:55:06 INFO  Progress (1): 1.1/1.5 MB
2026.09.20 16:55:06 INFO  Progress (1): 1.1/1.5 MB
2026.09.20 16:55:06 INFO  Progress (1): 1.1/1.5 MB
2026.09.20 16:55:06 INFO  Progress (1): 1.1/1.5 MB
2026.09.20 16:55:06 INFO  Progress (1): 1.1/1.5 MB
2026.09.20 16:55:06 INFO  Progress (1): 1.2/1.5 MB
2026.09.20 16:55:06 INFO  Progress (1): 1.2/1.5 MB
2026.09.20 16:55:06 INFO  Progress (1): 1.2/1.5 MB
2026.09.20 16:55:06 INFO  Progress (1): 1.2/1.5 MB
2026.09.20 16:55:06 INFO  Progress (1): 1.2/1.5 MB
2026.09.20 16:55:06 INFO  Progress (1): 1.2/1.5 MB
2026.09.20 16:55:06 INFO  Progress (1): 1.3/1.5 MB
2026.09.20 16:55:06 INFO  Progress (1): 1.3/1.5 MB
2026.09.20 16:55:06 INFO  Progress (1): 1.3/1.5 MB
2026.09.20 16:55:06 INFO  Progress (1): 1.3/1.5 MB
2026.09.20 16:55:06 INFO  Progress (1): 1.3/1.5 MB
2026.09.20 16:55:06 INFO  Progress (1): 1.3/1.5 MB
2026.09.20 16:55:06 INFO  Progress (1): 1.3/1.5 MB
2026.09.20 16:55:06 INFO  Progress (1): 1.4/1.5 MB
2026.09.20 16:55:06 INFO  Progress (1): 1.4/1.5 MB
2026.09.20 16:55:06 INFO  Progress (1): 1.4/1.5 MB
2026.09.20 16:55:06 INFO  Progress (1): 1.4/1.5 MB
2026.09.20 16:55:06 INFO  Progress (1): 1.4/1.5 MB
2026.09.20 16:55:06 INFO  Progress (1): 1.4/1.5 MB
2026.09.20 16:55:06 INFO  Progress (1): 1.4/1.5 MB
2026.09.20 16:55:06 INFO  Progress (1): 1.5 MB    
2026.09.20 16:55:06 INFO                      
2026.09.20 16:55:06 INFO  Downloaded from central: https://repo.maven.apache.org/maven2/org/assertj/assertj-core/3.27.7/assertj-core-3.27.7-sources.jar (1.5 MB at 2.2 MB/s)
2026.09.20 16:55:06 INFO  [INFO] SUCCESS: org.assertj:assertj-core:jar:3.27.7:test (sources = true)
2026.09.20 16:55:06 INFO  [INFO] Resolving artifact: org.ow2.asm:asm:jar:9.7.1:test (sources = false)
2026.09.20 16:55:06 INFO  [INFO] SUCCESS: org.ow2.asm:asm:jar:9.7.1:test (sources = false)
2026.09.20 16:55:06 INFO  [INFO] Resolving artifact: org.ow2.asm:asm:jar:9.7.1:test (sources = true)
2026.09.20 16:55:06 INFO  Downloading from central: https://repo.maven.apache.org/maven2/org/ow2/asm/asm/9.7.1/asm-9.7.1-sources.jar
2026.09.20 16:55:06 INFO  Progress (1): 3.2/185 kB
2026.09.20 16:55:06 INFO  Progress (1): 20/185 kB 
2026.09.20 16:55:06 INFO  Progress (1): 36/185 kB
2026.09.20 16:55:06 INFO  Progress (1): 52/185 kB
2026.09.20 16:55:06 INFO  Progress (1): 69/185 kB
2026.09.20 16:55:06 INFO  Progress (1): 85/185 kB
2026.09.20 16:55:06 INFO  Progress (1): 93/185 kB
2026.09.20 16:55:06 INFO  Progress (1): 110/185 kB
2026.09.20 16:55:06 INFO  Progress (1): 126/185 kB
2026.09.20 16:55:06 INFO  Progress (1): 142/185 kB
2026.09.20 16:55:06 INFO  Progress (1): 159/185 kB
2026.09.20 16:55:06 INFO  Progress (1): 175/185 kB
2026.09.20 16:55:06 INFO  Progress (1): 185 kB    
2026.09.20 16:55:06 INFO                      
2026.09.20 16:55:06 INFO  Downloaded from central: https://repo.maven.apache.org/maven2/org/ow2/asm/asm/9.7.1/asm-9.7.1-sources.jar (185 kB at 1.3 MB/s)
2026.09.20 16:55:06 INFO  [INFO] SUCCESS: org.ow2.asm:asm:jar:9.7.1:test (sources = true)
2026.09.20 16:55:06 INFO  [INFO] Resolving artifact: org.springframework.boot:spring-boot-autoconfigure:jar:4.1.1:compile (sources = false)
2026.09.20 16:55:06 INFO  [INFO] SUCCESS: org.springframework.boot:spring-boot-autoconfigure:jar:4.1.1:compile (sources = false)
2026.09.20 16:55:06 INFO  [INFO] Resolving artifact: org.springframework.boot:spring-boot-autoconfigure:jar:4.1.1:compile (sources = true)
2026.09.20 16:55:06 INFO  Downloading from central: https://repo.maven.apache.org/maven2/org/springframework/boot/spring-boot-autoconfigure/4.1.1/spring-boot-autoconfigure-4.1.1-sources.jar
2026.09.20 16:55:06 INFO  Progress (1): 7.7/234 kB
2026.09.20 16:55:06 INFO  Progress (1): 8.2/234 kB
2026.09.20 16:55:06 INFO  Progress (1): 25/234 kB 
2026.09.20 16:55:06 INFO  Progress (1): 41/234 kB
2026.09.20 16:55:06 INFO  Progress (1): 57/234 kB
2026.09.20 16:55:06 INFO  Progress (1): 74/234 kB
2026.09.20 16:55:06 INFO  Progress (1): 90/234 kB
2026.09.20 16:55:06 INFO  Progress (1): 106/234 kB
2026.09.20 16:55:06 INFO  Progress (1): 123/234 kB
2026.09.20 16:55:06 INFO  Progress (1): 139/234 kB
2026.09.20 16:55:06 INFO  Progress (1): 156/234 kB
2026.09.20 16:55:06 INFO  Progress (1): 172/234 kB
2026.09.20 16:55:06 INFO  Progress (1): 188/234 kB
2026.09.20 16:55:06 INFO  Progress (1): 205/234 kB
2026.09.20 16:55:06 INFO  Progress (1): 221/234 kB
2026.09.20 16:55:06 INFO  Progress (1): 234 kB    
2026.09.20 16:55:06 INFO                      
2026.09.20 16:55:06 INFO  Downloaded from central: https://repo.maven.apache.org/maven2/org/springframework/boot/spring-boot-autoconfigure/4.1.1/spring-boot-autoconfigure-4.1.1-sources.jar (234 kB at 1.5 MB/s)
2026.09.20 16:55:06 INFO  [INFO] SUCCESS: org.springframework.boot:spring-boot-autoconfigure:jar:4.1.1:compile (sources = true)
2026.09.20 16:55:06 INFO  [INFO] Resolving artifact: commons-logging:commons-logging:jar:1.3.6:compile (sources = false)
2026.09.20 16:55:06 INFO  [INFO] SUCCESS: commons-logging:commons-logging:jar:1.3.6:compile (sources = false)
2026.09.20 16:55:06 INFO  [INFO] Resolving artifact: commons-logging:commons-logging:jar:1.3.6:compile (sources = true)
2026.09.20 16:55:06 INFO  Downloading from central: https://repo.maven.apache.org/maven2/commons-logging/commons-logging/1.3.6/commons-logging-1.3.6-sources.jar
2026.09.20 16:55:06 INFO  Progress (1): 7.7/83 kB
2026.09.20 16:55:06 INFO  Progress (1): 11/83 kB 
2026.09.20 16:55:06 INFO  Progress (1): 28/83 kB
2026.09.20 16:55:06 INFO  Progress (1): 44/83 kB
2026.09.20 16:55:06 INFO  Progress (1): 61/83 kB
2026.09.20 16:55:06 INFO  Progress (1): 77/83 kB
2026.09.20 16:55:06 INFO  Progress (1): 83 kB   
2026.09.20 16:55:06 INFO                     
2026.09.20 16:55:06 INFO  Downloaded from central: https://repo.maven.apache.org/maven2/commons-logging/commons-logging/1.3.6/commons-logging-1.3.6-sources.jar (83 kB at 777 kB/s)
2026.09.20 16:55:06 INFO  [INFO] SUCCESS: commons-logging:commons-logging:jar:1.3.6:compile (sources = true)
2026.09.20 16:55:06 INFO  [INFO] Resolving artifact: org.opentest4j:opentest4j:jar:1.3.0:test (sources = false)
2026.09.20 16:55:06 INFO  [INFO] SUCCESS: org.opentest4j:opentest4j:jar:1.3.0:test (sources = false)
2026.09.20 16:55:06 INFO  [INFO] Resolving artifact: org.opentest4j:opentest4j:jar:1.3.0:test (sources = true)
2026.09.20 16:55:06 INFO  Downloading from central: https://repo.maven.apache.org/maven2/org/opentest4j/opentest4j/1.3.0/opentest4j-1.3.0-sources.jar
2026.09.20 16:55:06 INFO  Progress (1): 7.7/10 kB
2026.09.20 16:55:06 INFO  Progress (1): 10 kB    
2026.09.20 16:55:06 INFO                     
2026.09.20 16:55:06 INFO  Downloaded from central: https://repo.maven.apache.org/maven2/org/opentest4j/opentest4j/1.3.0/opentest4j-1.3.0-sources.jar (10 kB at 130 kB/s)
2026.09.20 16:55:06 INFO  [INFO] SUCCESS: org.opentest4j:opentest4j:jar:1.3.0:test (sources = true)
2026.09.20 16:55:06 INFO  [INFO] Resolving artifact: org.springframework:spring-context:jar:7.0.9:compile (sources = false)
2026.09.20 16:55:06 INFO  [INFO] SUCCESS: org.springframework:spring-context:jar:7.0.9:compile (sources = false)
2026.09.20 16:55:06 INFO  [INFO] Resolving artifact: org.springframework:spring-context:jar:7.0.9:compile (sources = true)
2026.09.20 16:55:06 INFO  Downloading from central: https://repo.maven.apache.org/maven2/org/springframework/spring-context/7.0.9/spring-context-7.0.9-sources.jar
2026.09.20 16:55:06 INFO  Progress (1): 0/1.1 MB
2026.09.20 16:55:06 INFO  Progress (1): 0/1.1 MB
2026.09.20 16:55:06 INFO  Progress (1): 0/1.1 MB
2026.09.20 16:55:06 INFO  Progress (1): 0/1.1 MB
2026.09.20 16:55:06 INFO  Progress (1): 0.1/1.1 MB
2026.09.20 16:55:06 INFO  Progress (1): 0.1/1.1 MB
2026.09.20 16:55:06 INFO  Progress (1): 0.1/1.1 MB
2026.09.20 16:55:06 INFO  Progress (1): 0.1/1.1 MB
2026.09.20 16:55:06 INFO  Progress (1): 0.1/1.1 MB
2026.09.20 16:55:06 INFO  Progress (1): 0.1/1.1 MB
2026.09.20 16:55:06 INFO  Progress (1): 0.2/1.1 MB
2026.09.20 16:55:06 INFO  Progress (1): 0.2/1.1 MB
2026.09.20 16:55:06 INFO  Progress (1): 0.2/1.1 MB
2026.09.20 16:55:06 INFO  Progress (1): 0.2/1.1 MB
2026.09.20 16:55:06 INFO  Progress (1): 0.2/1.1 MB
2026.09.20 16:55:06 INFO  Progress (1): 0.2/1.1 MB
2026.09.20 16:55:06 INFO  Progress (1): 0.3/1.1 MB
2026.09.20 16:55:07 INFO  Progress (1): 0.3/1.1 MB
2026.09.20 16:55:07 INFO  Progress (1): 0.3/1.1 MB
2026.09.20 16:55:07 INFO  Progress (1): 0.3/1.1 MB
2026.09.20 16:55:07 INFO  Progress (1): 0.3/1.1 MB
2026.09.20 16:55:07 INFO  Progress (1): 0.3/1.1 MB
2026.09.20 16:55:07 INFO  Progress (1): 0.4/1.1 MB
2026.09.20 16:55:07 INFO  Progress (1): 0.4/1.1 MB
2026.09.20 16:55:07 INFO  Progress (1): 0.4/1.1 MB
2026.09.20 16:55:07 INFO  Progress (1): 0.4/1.1 MB
2026.09.20 16:55:07 INFO  Progress (1): 0.4/1.1 MB
2026.09.20 16:55:07 INFO  Progress (1): 0.4/1.1 MB
2026.09.20 16:55:07 INFO  Progress (1): 0.5/1.1 MB
2026.09.20 16:55:07 INFO  Progress (1): 0.5/1.1 MB
2026.09.20 16:55:07 INFO  Progress (1): 0.5/1.1 MB
2026.09.20 16:55:07 INFO  Progress (1): 0.5/1.1 MB
2026.09.20 16:55:07 INFO  Progress (1): 0.5/1.1 MB
2026.09.20 16:55:07 INFO  Progress (1): 0.5/1.1 MB
2026.09.20 16:55:07 INFO  Progress (1): 0.6/1.1 MB
2026.09.20 16:55:07 INFO  Progress (1): 0.6/1.1 MB
2026.09.20 16:55:07 INFO  Progress (1): 0.6/1.1 MB
2026.09.20 16:55:07 INFO  Progress (1): 0.6/1.1 MB
2026.09.20 16:55:07 INFO  Progress (1): 0.6/1.1 MB
2026.09.20 16:55:07 INFO  Progress (1): 0.6/1.1 MB
2026.09.20 16:55:07 INFO  Progress (1): 0.7/1.1 MB
2026.09.20 16:55:07 INFO  Progress (1): 0.7/1.1 MB
2026.09.20 16:55:07 INFO  Progress (1): 0.7/1.1 MB
2026.09.20 16:55:07 INFO  Progress (1): 0.7/1.1 MB
2026.09.20 16:55:07 INFO  Progress (1): 0.7/1.1 MB
2026.09.20 16:55:07 INFO  Progress (1): 0.7/1.1 MB
2026.09.20 16:55:07 INFO  Progress (1): 0.7/1.1 MB
2026.09.20 16:55:07 INFO  Progress (1): 0.8/1.1 MB
2026.09.20 16:55:07 INFO  Progress (1): 0.8/1.1 MB
2026.09.20 16:55:07 INFO  Progress (1): 0.8/1.1 MB
2026.09.20 16:55:07 INFO  Progress (1): 0.8/1.1 MB
2026.09.20 16:55:07 INFO  Progress (1): 0.8/1.1 MB
2026.09.20 16:55:07 INFO  Progress (1): 0.8/1.1 MB
2026.09.20 16:55:07 INFO  Progress (1): 0.9/1.1 MB
2026.09.20 16:55:07 INFO  Progress (1): 0.9/1.1 MB
2026.09.20 16:55:07 INFO  Progress (1): 0.9/1.1 MB
2026.09.20 16:55:07 INFO  Progress (1): 0.9/1.1 MB
2026.09.20 16:55:07 INFO  Progress (1): 0.9/1.1 MB
2026.09.20 16:55:07 INFO  Progress (1): 0.9/1.1 MB
2026.09.20 16:55:07 INFO  Progress (1): 1.0/1.1 MB
2026.09.20 16:55:07 INFO  Progress (1): 1.0/1.1 MB
2026.09.20 16:55:07 INFO  Progress (1): 1.0/1.1 MB
2026.09.20 16:55:07 INFO  Progress (1): 1.0/1.1 MB
2026.09.20 16:55:07 INFO  Progress (1): 1.0/1.1 MB
2026.09.20 16:55:07 INFO  Progress (1): 1.0/1.1 MB
2026.09.20 16:55:07 INFO  Progress (1): 1.1/1.1 MB
2026.09.20 16:55:07 INFO  Progress (1): 1.1/1.1 MB
2026.09.20 16:55:07 INFO  Progress (1): 1.1/1.1 MB
2026.09.20 16:55:07 INFO  Progress (1): 1.1/1.1 MB
2026.09.20 16:55:07 INFO  Progress (1): 1.1/1.1 MB
2026.09.20 16:55:07 INFO  Progress (1): 1.1 MB    
2026.09.20 16:55:07 INFO                      
2026.09.20 16:55:07 INFO  Downloaded from central: https://repo.maven.apache.org/maven2/org/springframework/spring-context/7.0.9/spring-context-7.0.9-sources.jar (1.1 MB at 2.3 MB/s)
2026.09.20 16:55:07 INFO  [INFO] SUCCESS: org.springframework:spring-context:jar:7.0.9:compile (sources = true)
2026.09.20 16:55:07 INFO  [INFO] Resolving artifact: org.junit.jupiter:junit-jupiter-api:jar:6.0.3:test (sources = false)
2026.09.20 16:55:07 INFO  [INFO] SUCCESS: org.junit.jupiter:junit-jupiter-api:jar:6.0.3:test (sources = false)
2026.09.20 16:55:07 INFO  [INFO] Resolving artifact: org.junit.jupiter:junit-jupiter-api:jar:6.0.3:test (sources = true)
2026.09.20 16:55:07 INFO  Downloading from central: https://repo.maven.apache.org/maven2/org/junit/jupiter/junit-jupiter-api/6.0.3/junit-jupiter-api-6.0.3-sources.jar
2026.09.20 16:55:07 INFO  Progress (1): 7.7/251 kB
2026.09.20 16:55:07 INFO  Progress (1): 16/251 kB 
2026.09.20 16:55:07 INFO  Progress (1): 28/251 kB
2026.09.20 16:55:07 INFO  Progress (1): 44/251 kB
2026.09.20 16:55:07 INFO  Progress (1): 61/251 kB
2026.09.20 16:55:07 INFO  Progress (1): 77/251 kB
2026.09.20 16:55:07 INFO  Progress (1): 93/251 kB
2026.09.20 16:55:07 INFO  Progress (1): 110/251 kB
2026.09.20 16:55:07 INFO  Progress (1): 126/251 kB
2026.09.20 16:55:07 INFO  Progress (1): 142/251 kB
2026.09.20 16:55:07 INFO  Progress (1): 159/251 kB
2026.09.20 16:55:07 INFO  Progress (1): 175/251 kB
2026.09.20 16:55:07 INFO  Progress (1): 192/251 kB
2026.09.20 16:55:07 INFO  Progress (1): 208/251 kB
2026.09.20 16:55:07 INFO  Progress (1): 224/251 kB
2026.09.20 16:55:07 INFO  Progress (1): 241/251 kB
2026.09.20 16:55:07 INFO  Progress (1): 251 kB    
2026.09.20 16:55:07 INFO                      
2026.09.20 16:55:07 INFO  Downloaded from central: https://repo.maven.apache.org/maven2/org/junit/jupiter/junit-jupiter-api/6.0.3/junit-jupiter-api-6.0.3-sources.jar (251 kB at 1.6 MB/s)
2026.09.20 16:55:07 INFO  [INFO] SUCCESS: org.junit.jupiter:junit-jupiter-api:jar:6.0.3:test (sources = true)
2026.09.20 16:55:07 INFO  [INFO] Resolving artifact: ch.qos.logback:logback-core:jar:1.5.38:compile (sources = false)
2026.09.20 16:55:07 INFO  [INFO] SUCCESS: ch.qos.logback:logback-core:jar:1.5.38:compile (sources = false)
2026.09.20 16:55:07 INFO  [INFO] Resolving artifact: ch.qos.logback:logback-core:jar:1.5.38:compile (sources = true)
2026.09.20 16:55:07 INFO  Downloading from central: https://repo.maven.apache.org/maven2/ch/qos/logback/logback-core/1.5.38/logback-core-1.5.38-sources.jar
2026.09.20 16:55:07 INFO  Progress (1): 7.7/532 kB
2026.09.20 16:55:07 INFO  Progress (1): 16/532 kB 
2026.09.20 16:55:07 INFO  Progress (1): 25/532 kB
2026.09.20 16:55:07 INFO  Progress (1): 41/532 kB
2026.09.20 16:55:07 INFO  Progress (1): 57/532 kB
2026.09.20 16:55:07 INFO  Progress (1): 74/532 kB
2026.09.20 16:55:07 INFO  Progress (1): 90/532 kB
2026.09.20 16:55:07 INFO  Progress (1): 106/532 kB
2026.09.20 16:55:07 INFO  Progress (1): 123/532 kB
2026.09.20 16:55:07 INFO  Progress (1): 134/532 kB
2026.09.20 16:55:07 INFO  Progress (1): 151/532 kB
2026.09.20 16:55:07 INFO  Progress (1): 159/532 kB
2026.09.20 16:55:07 INFO  Progress (1): 167/532 kB
2026.09.20 16:55:07 INFO  Progress (1): 183/532 kB
2026.09.20 16:55:07 INFO  Progress (1): 200/532 kB
2026.09.20 16:55:07 INFO  Progress (1): 216/532 kB
2026.09.20 16:55:07 INFO  Progress (1): 233/532 kB
2026.09.20 16:55:07 INFO  Progress (1): 249/532 kB
2026.09.20 16:55:07 INFO  Progress (1): 265/532 kB
2026.09.20 16:55:07 INFO  Progress (1): 282/532 kB
2026.09.20 16:55:07 INFO  Progress (1): 298/532 kB
2026.09.20 16:55:07 INFO  Progress (1): 314/532 kB
2026.09.20 16:55:07 INFO  Progress (1): 331/532 kB
2026.09.20 16:55:07 INFO  Progress (1): 347/532 kB
2026.09.20 16:55:07 INFO  Progress (1): 364/532 kB
2026.09.20 16:55:07 INFO  Progress (1): 380/532 kB
2026.09.20 16:55:07 INFO  Progress (1): 396/532 kB
2026.09.20 16:55:07 INFO  Progress (1): 413/532 kB
2026.09.20 16:55:07 INFO  Progress (1): 429/532 kB
2026.09.20 16:55:07 INFO  Progress (1): 446/532 kB
2026.09.20 16:55:07 INFO  Progress (1): 462/532 kB
2026.09.20 16:55:07 INFO  Progress (1): 478/532 kB
2026.09.20 16:55:07 INFO  Progress (1): 495/532 kB
2026.09.20 16:55:07 INFO  Progress (1): 511/532 kB
2026.09.20 16:55:07 INFO  Progress (1): 527/532 kB
2026.09.20 16:55:07 INFO  Progress (1): 532 kB    
2026.09.20 16:55:07 INFO                      
2026.09.20 16:55:07 INFO  Downloaded from central: https://repo.maven.apache.org/maven2/ch/qos/logback/logback-core/1.5.38/logback-core-1.5.38-sources.jar (532 kB at 2.1 MB/s)
2026.09.20 16:55:07 INFO  [INFO] SUCCESS: ch.qos.logback:logback-core:jar:1.5.38:compile (sources = true)
2026.09.20 16:55:07 INFO  [INFO] Resolving artifact: org.skyscreamer:jsonassert:jar:1.5.3:test (sources = false)
2026.09.20 16:55:07 INFO  [INFO] SUCCESS: org.skyscreamer:jsonassert:jar:1.5.3:test (sources = false)
2026.09.20 16:55:07 INFO  [INFO] Resolving artifact: org.skyscreamer:jsonassert:jar:1.5.3:test (sources = true)
2026.09.20 16:55:07 INFO  Downloading from central: https://repo.maven.apache.org/maven2/org/skyscreamer/jsonassert/1.5.3/jsonassert-1.5.3-sources.jar
2026.09.20 16:55:07 INFO  no build target found for c:\CARMOVO_PROY\CARMOVO\backend\src\main\java\com\carmovo\modulos\usuarios\BackendApplication.java. Using fallback presentation compiler.
2026.09.20 16:55:07 INFO  Progress (1): 7.7/30 kB
2026.09.20 16:55:07 INFO  Progress (1): 16/30 kB 
2026.09.20 16:55:07 INFO  Progress (1): 25/30 kB
2026.09.20 16:55:07 INFO  Progress (1): 30 kB   
2026.09.20 16:55:07 INFO                     
2026.09.20 16:55:07 INFO  Downloaded from central: https://repo.maven.apache.org/maven2/org/skyscreamer/jsonassert/1.5.3/jsonassert-1.5.3-sources.jar (30 kB at 263 kB/s)
2026.09.20 16:55:07 INFO  [INFO] SUCCESS: org.skyscreamer:jsonassert:jar:1.5.3:test (sources = true)
2026.09.20 16:55:07 INFO  [INFO] Resolving artifact: jakarta.xml.bind:jakarta.xml.bind-api:jar:4.0.5:test (sources = false)
2026.09.20 16:55:07 INFO  [INFO] SUCCESS: jakarta.xml.bind:jakarta.xml.bind-api:jar:4.0.5:test (sources = false)
2026.09.20 16:55:07 INFO  [INFO] Resolving artifact: jakarta.xml.bind:jakarta.xml.bind-api:jar:4.0.5:test (sources = true)
2026.09.20 16:55:07 INFO  Downloading from central: https://repo.maven.apache.org/maven2/jakarta/xml/bind/jakarta.xml.bind-api/4.0.5/jakarta.xml.bind-api-4.0.5-sources.jar
2026.09.20 16:55:07 INFO  Progress (1): 7.7/198 kB
2026.09.20 16:55:07 INFO  Progress (1): 8.2/198 kB
2026.09.20 16:55:07 INFO  Progress (1): 25/198 kB 
2026.09.20 16:55:07 INFO  Progress (1): 41/198 kB
2026.09.20 16:55:08 INFO  Progress (1): 57/198 kB
2026.09.20 16:55:08 INFO  Progress (1): 74/198 kB
2026.09.20 16:55:08 INFO  Progress (1): 90/198 kB
2026.09.20 16:55:08 INFO  Progress (1): 106/198 kB
2026.09.20 16:55:08 INFO  Progress (1): 123/198 kB
2026.09.20 16:55:08 INFO  Progress (1): 139/198 kB
2026.09.20 16:55:08 INFO  Progress (1): 156/198 kB
2026.09.20 16:55:08 INFO  Progress (1): 172/198 kB
2026.09.20 16:55:08 INFO  Progress (1): 188/198 kB
2026.09.20 16:55:08 INFO  Progress (1): 198 kB    
2026.09.20 16:55:08 INFO                      
2026.09.20 16:55:08 INFO  Downloaded from central: https://repo.maven.apache.org/maven2/jakarta/xml/bind/jakarta.xml.bind-api/4.0.5/jakarta.xml.bind-api-4.0.5-sources.jar (198 kB at 1.2 MB/s)
2026.09.20 16:55:08 INFO  [INFO] SUCCESS: jakarta.xml.bind:jakarta.xml.bind-api:jar:4.0.5:test (sources = true)
2026.09.20 16:55:08 INFO  [INFO] Resolving artifact: org.junit.jupiter:junit-jupiter:jar:6.0.3:test (sources = false)
2026.09.20 16:55:08 INFO  [INFO] SUCCESS: org.junit.jupiter:junit-jupiter:jar:6.0.3:test (sources = false)
2026.09.20 16:55:08 INFO  [INFO] Resolving artifact: org.junit.jupiter:junit-jupiter:jar:6.0.3:test (sources = true)
2026.09.20 16:55:08 INFO  Downloading from central: https://repo.maven.apache.org/maven2/org/junit/jupiter/junit-jupiter/6.0.3/junit-jupiter-6.0.3-sources.jar
2026.09.20 16:55:08 INFO  Progress (1): 3.2/6.1 kB
2026.09.20 16:55:08 INFO  Progress (1): 6.1 kB    
2026.09.20 16:55:08 INFO                      
2026.09.20 16:55:08 INFO  Downloaded from central: https://repo.maven.apache.org/maven2/org/junit/jupiter/junit-jupiter/6.0.3/junit-jupiter-6.0.3-sources.jar (6.1 kB at 74 kB/s)
2026.09.20 16:55:08 INFO  [INFO] SUCCESS: org.junit.jupiter:junit-jupiter:jar:6.0.3:test (sources = true)
2026.09.20 16:55:08 INFO  [INFO] Resolving artifact: org.slf4j:jul-to-slf4j:jar:2.0.18:compile (sources = false)
2026.09.20 16:55:08 INFO  [INFO] SUCCESS: org.slf4j:jul-to-slf4j:jar:2.0.18:compile (sources = false)
2026.09.20 16:55:08 INFO  [INFO] Resolving artifact: org.slf4j:jul-to-slf4j:jar:2.0.18:compile (sources = true)
2026.09.20 16:55:08 INFO  Downloading from central: https://repo.maven.apache.org/maven2/org/slf4j/jul-to-slf4j/2.0.18/jul-to-slf4j-2.0.18-sources.jar
2026.09.20 16:55:08 INFO  Progress (1): 7.1 kB
2026.09.20 16:55:08 INFO                      
2026.09.20 16:55:08 INFO  Downloaded from central: https://repo.maven.apache.org/maven2/org/slf4j/jul-to-slf4j/2.0.18/jul-to-slf4j-2.0.18-sources.jar (7.1 kB at 13 kB/s)
2026.09.20 16:55:08 INFO  [INFO] SUCCESS: org.slf4j:jul-to-slf4j:jar:2.0.18:compile (sources = true)
2026.09.20 16:55:08 INFO  [INFO] Resolving artifact: io.micrometer:micrometer-observation:jar:1.17.1:compile (sources = false)
2026.09.20 16:55:08 INFO  [INFO] SUCCESS: io.micrometer:micrometer-observation:jar:1.17.1:compile (sources = false)
2026.09.20 16:55:08 INFO  [INFO] Resolving artifact: io.micrometer:micrometer-observation:jar:1.17.1:compile (sources = true)
2026.09.20 16:55:08 INFO  Downloading from central: https://repo.maven.apache.org/maven2/io/micrometer/micrometer-observation/1.17.1/micrometer-observation-1.17.1-sources.jar
2026.09.20 16:55:08 INFO  Progress (1): 3.2/60 kB
2026.09.20 16:55:08 INFO  Progress (1): 20/60 kB 
2026.09.20 16:55:08 INFO  Progress (1): 36/60 kB
2026.09.20 16:55:08 INFO  Progress (1): 52/60 kB
2026.09.20 16:55:08 INFO  Progress (1): 60 kB   
2026.09.20 16:55:08 INFO                     
2026.09.20 16:55:08 INFO  Downloaded from central: https://repo.maven.apache.org/maven2/io/micrometer/micrometer-observation/1.17.1/micrometer-observation-1.17.1-sources.jar (60 kB at 663 kB/s)
2026.09.20 16:55:08 INFO  [INFO] SUCCESS: io.micrometer:micrometer-observation:jar:1.17.1:compile (sources = true)
2026.09.20 16:55:08 INFO  [INFO] Resolving artifact: org.springframework.boot:spring-boot-starter-logging:jar:4.1.1:compile (sources = false)
2026.09.20 16:55:08 INFO  [INFO] SUCCESS: org.springframework.boot:spring-boot-starter-logging:jar:4.1.1:compile (sources = false)
2026.09.20 16:55:08 INFO  [INFO] Resolving artifact: org.springframework.boot:spring-boot-starter-logging:jar:4.1.1:compile (sources = true)
2026.09.20 16:55:08 INFO  Downloading from central: https://repo.maven.apache.org/maven2/org/springframework/boot/spring-boot-starter-logging/4.1.1/spring-boot-starter-logging-4.1.1-sources.jar
2026.09.20 16:55:08 INFO  Progress (1): 3.2/4.7 kB
2026.09.20 16:55:08 INFO  Progress (1): 4.7 kB    
2026.09.20 16:55:08 INFO                      
2026.09.20 16:55:08 INFO  Downloaded from central: https://repo.maven.apache.org/maven2/org/springframework/boot/spring-boot-starter-logging/4.1.1/spring-boot-starter-logging-4.1.1-sources.jar (4.7 kB at 67 kB/s)
2026.09.20 16:55:08 INFO  [INFO] SUCCESS: org.springframework.boot:spring-boot-starter-logging:jar:4.1.1:compile (sources = true)
2026.09.20 16:55:08 INFO  [INFO] Resolving artifact: jakarta.annotation:jakarta.annotation-api:jar:3.0.0:compile (sources = false)
2026.09.20 16:55:08 INFO  [INFO] SUCCESS: jakarta.annotation:jakarta.annotation-api:jar:3.0.0:compile (sources = false)
2026.09.20 16:55:08 INFO  [INFO] Resolving artifact: jakarta.annotation:jakarta.annotation-api:jar:3.0.0:compile (sources = true)
2026.09.20 16:55:08 INFO  Downloading from central: https://repo.maven.apache.org/maven2/jakarta/annotation/jakarta.annotation-api/3.0.0/jakarta.annotation-api-3.0.0-sources.jar
2026.09.20 16:55:08 INFO  Progress (1): 8.2/36 kB
2026.09.20 16:55:08 INFO  Progress (1): 25/36 kB 
2026.09.20 16:55:08 INFO  Progress (1): 36 kB   
2026.09.20 16:55:08 INFO                     
2026.09.20 16:55:08 INFO  Downloaded from central: https://repo.maven.apache.org/maven2/jakarta/annotation/jakarta.annotation-api/3.0.0/jakarta.annotation-api-3.0.0-sources.jar (36 kB at 359 kB/s)
2026.09.20 16:55:08 INFO  [INFO] SUCCESS: jakarta.annotation:jakarta.annotation-api:jar:3.0.0:compile (sources = true)
2026.09.20 16:55:08 INFO  [INFO] Resolving artifact: org.apache.logging.log4j:log4j-api:jar:2.25.5:compile (sources = false)
2026.09.20 16:55:08 INFO  [INFO] SUCCESS: org.apache.logging.log4j:log4j-api:jar:2.25.5:compile (sources = false)
2026.09.20 16:55:08 INFO  [INFO] Resolving artifact: org.apache.logging.log4j:log4j-api:jar:2.25.5:compile (sources = true)
2026.09.20 16:55:08 INFO  Downloading from central: https://repo.maven.apache.org/maven2/org/apache/logging/log4j/log4j-api/2.25.5/log4j-api-2.25.5-sources.jar
2026.09.20 16:55:09 INFO  Progress (1): 7.7/296 kB
2026.09.20 16:55:09 INFO  Progress (1): 11/296 kB 
2026.09.20 16:55:09 INFO  Progress (1): 28/296 kB
2026.09.20 16:55:09 INFO  Progress (1): 44/296 kB
2026.09.20 16:55:09 INFO  Progress (1): 61/296 kB
2026.09.20 16:55:09 INFO  Progress (1): 77/296 kB
2026.09.20 16:55:09 INFO  Progress (1): 93/296 kB
2026.09.20 16:55:09 INFO  Progress (1): 110/296 kB
2026.09.20 16:55:09 INFO  Progress (1): 126/296 kB
2026.09.20 16:55:09 INFO  Progress (1): 134/296 kB
2026.09.20 16:55:09 INFO  Progress (1): 151/296 kB
2026.09.20 16:55:09 INFO  Progress (1): 167/296 kB
2026.09.20 16:55:09 INFO  Progress (1): 175/296 kB
2026.09.20 16:55:09 INFO  Progress (1): 192/296 kB
2026.09.20 16:55:09 INFO  Progress (1): 200/296 kB
2026.09.20 16:55:09 INFO  Progress (1): 216/296 kB
2026.09.20 16:55:09 INFO  Progress (1): 233/296 kB
2026.09.20 16:55:09 INFO  Progress (1): 249/296 kB
2026.09.20 16:55:09 INFO  Progress (1): 265/296 kB
2026.09.20 16:55:09 INFO  Progress (1): 282/296 kB
2026.09.20 16:55:09 INFO  Progress (1): 296 kB    
2026.09.20 16:55:09 INFO                      
2026.09.20 16:55:09 INFO  Downloaded from central: https://repo.maven.apache.org/maven2/org/apache/logging/log4j/log4j-api/2.25.5/log4j-api-2.25.5-sources.jar (296 kB at 950 kB/s)
2026.09.20 16:55:09 INFO  [INFO] SUCCESS: org.apache.logging.log4j:log4j-api:jar:2.25.5:compile (sources = true)
2026.09.20 16:55:09 INFO  [INFO] Resolving artifact: org.awaitility:awaitility:jar:4.3.0:test (sources = false)
2026.09.20 16:55:09 INFO  [INFO] SUCCESS: org.awaitility:awaitility:jar:4.3.0:test (sources = false)
2026.09.20 16:55:09 INFO  [INFO] Resolving artifact: org.awaitility:awaitility:jar:4.3.0:test (sources = true)
2026.09.20 16:55:09 INFO  Downloading from central: https://repo.maven.apache.org/maven2/org/awaitility/awaitility/4.3.0/awaitility-4.3.0-sources.jar
2026.09.20 16:55:09 INFO  Progress (1): 7.7/80 kB
2026.09.20 16:55:09 INFO  Progress (1): 16/80 kB 
2026.09.20 16:55:09 INFO  Progress (1): 24/80 kB
2026.09.20 16:55:09 INFO  Progress (1): 40/80 kB
2026.09.20 16:55:09 INFO  Progress (1): 57/80 kB
2026.09.20 16:55:09 INFO  Progress (1): 73/80 kB
2026.09.20 16:55:09 INFO  Progress (1): 80 kB   
2026.09.20 16:55:09 INFO                     
2026.09.20 16:55:09 INFO  Downloaded from central: https://repo.maven.apache.org/maven2/org/awaitility/awaitility/4.3.0/awaitility-4.3.0-sources.jar (80 kB at 331 kB/s)
2026.09.20 16:55:09 INFO  [INFO] SUCCESS: org.awaitility:awaitility:jar:4.3.0:test (sources = true)
2026.09.20 16:55:09 INFO  [INFO] Resolving artifact: org.jspecify:jspecify:jar:1.0.1:compile (sources = false)
2026.09.20 16:55:09 INFO  [INFO] SUCCESS: org.jspecify:jspecify:jar:1.0.1:compile (sources = false)
2026.09.20 16:55:09 INFO  [INFO] Resolving artifact: org.jspecify:jspecify:jar:1.0.1:compile (sources = true)
2026.09.20 16:55:09 INFO  Downloading from central: https://repo.maven.apache.org/maven2/org/jspecify/jspecify/1.0.1/jspecify-1.0.1-sources.jar
2026.09.20 16:55:09 INFO  Progress (1): 7.7/12 kB
2026.09.20 16:55:09 INFO  Progress (1): 12 kB    
2026.09.20 16:55:09 INFO                     
2026.09.20 16:55:09 INFO  Downloaded from central: https://repo.maven.apache.org/maven2/org/jspecify/jspecify/1.0.1/jspecify-1.0.1-sources.jar (12 kB at 132 kB/s)
2026.09.20 16:55:09 INFO  [INFO] SUCCESS: org.jspecify:jspecify:jar:1.0.1:compile (sources = true)
2026.09.20 16:55:09 INFO  [INFO] Resolving artifact: org.mockito:mockito-junit-jupiter:jar:5.23.0:test (sources = false)
2026.09.20 16:55:09 INFO  [INFO] SUCCESS: org.mockito:mockito-junit-jupiter:jar:5.23.0:test (sources = false)
2026.09.20 16:55:09 INFO  [INFO] Resolving artifact: org.mockito:mockito-junit-jupiter:jar:5.23.0:test (sources = true)
2026.09.20 16:55:09 INFO  Downloading from central: https://repo.maven.apache.org/maven2/org/mockito/mockito-junit-jupiter/5.23.0/mockito-junit-jupiter-5.23.0-sources.jar
2026.09.20 16:55:09 INFO  Progress (1): 6.7 kB
2026.09.20 16:55:09 INFO                      
2026.09.20 16:55:09 INFO  Downloaded from central: https://repo.maven.apache.org/maven2/org/mockito/mockito-junit-jupiter/5.23.0/mockito-junit-jupiter-5.23.0-sources.jar (6.7 kB at 79 kB/s)
2026.09.20 16:55:09 INFO  [INFO] SUCCESS: org.mockito:mockito-junit-jupiter:jar:5.23.0:test (sources = true)
2026.09.20 16:55:09 INFO  [INFO] Resolving artifact: org.junit.platform:junit-platform-commons:jar:6.0.3:test (sources = false)
2026.09.20 16:55:09 INFO  [INFO] SUCCESS: org.junit.platform:junit-platform-commons:jar:6.0.3:test (sources = false)
2026.09.20 16:55:09 INFO  [INFO] Resolving artifact: org.junit.platform:junit-platform-commons:jar:6.0.3:test (sources = true)
2026.09.20 16:55:09 INFO  Downloading from central: https://repo.maven.apache.org/maven2/org/junit/platform/junit-platform-commons/6.0.3/junit-platform-commons-6.0.3-sources.jar
2026.09.20 16:55:09 INFO  Progress (1): 7.7/115 kB
2026.09.20 16:55:09 INFO  Progress (1): 8.2/115 kB
2026.09.20 16:55:09 INFO  Progress (1): 25/115 kB 
2026.09.20 16:55:09 INFO  Progress (1): 41/115 kB
2026.09.20 16:55:09 INFO  Progress (1): 57/115 kB
2026.09.20 16:55:09 INFO  Progress (1): 66/115 kB
2026.09.20 16:55:09 INFO  Progress (1): 82/115 kB
2026.09.20 16:55:09 INFO  Progress (1): 98/115 kB
2026.09.20 16:55:09 INFO  Progress (1): 115/115 kB
2026.09.20 16:55:09 INFO  Progress (1): 115 kB    
2026.09.20 16:55:09 INFO                      
2026.09.20 16:55:09 INFO  Downloaded from central: https://repo.maven.apache.org/maven2/org/junit/platform/junit-platform-commons/6.0.3/junit-platform-commons-6.0.3-sources.jar (115 kB at 859 kB/s)
2026.09.20 16:55:09 INFO  [INFO] SUCCESS: org.junit.platform:junit-platform-commons:jar:6.0.3:test (sources = true)
2026.09.20 16:55:09 INFO  [INFO] Resolving artifact: org.yaml:snakeyaml:jar:2.6:compile (sources = false)
2026.09.20 16:55:09 INFO  [INFO] SUCCESS: org.yaml:snakeyaml:jar:2.6:compile (sources = false)
2026.09.20 16:55:09 INFO  [INFO] Resolving artifact: org.yaml:snakeyaml:jar:2.6:compile (sources = true)
2026.09.20 16:55:09 INFO  Downloading from central: https://repo.maven.apache.org/maven2/org/yaml/snakeyaml/2.6/snakeyaml-2.6-sources.jar
2026.09.20 16:55:09 INFO  Progress (1): 3.2/210 kB
2026.09.20 16:55:09 INFO  Progress (1): 20/210 kB 
2026.09.20 16:55:09 INFO  Progress (1): 36/210 kB
2026.09.20 16:55:09 INFO  Progress (1): 52/210 kB
2026.09.20 16:55:09 INFO  Progress (1): 69/210 kB
2026.09.20 16:55:09 INFO  Progress (1): 85/210 kB
2026.09.20 16:55:09 INFO  Progress (1): 101/210 kB
2026.09.20 16:55:09 INFO  Progress (1): 118/210 kB
2026.09.20 16:55:09 INFO  Progress (1): 126/210 kB
2026.09.20 16:55:09 INFO  Progress (1): 142/210 kB
2026.09.20 16:55:09 INFO  Progress (1): 159/210 kB
2026.09.20 16:55:09 INFO  Progress (1): 175/210 kB
2026.09.20 16:55:09 INFO  Progress (1): 192/210 kB
2026.09.20 16:55:09 INFO  Progress (1): 208/210 kB
2026.09.20 16:55:09 INFO  Progress (1): 210 kB    
2026.09.20 16:55:09 INFO                      
2026.09.20 16:55:09 INFO  Downloaded from central: https://repo.maven.apache.org/maven2/org/yaml/snakeyaml/2.6/snakeyaml-2.6-sources.jar (210 kB at 1.3 MB/s)
2026.09.20 16:55:10 INFO  [INFO] SUCCESS: org.yaml:snakeyaml:jar:2.6:compile (sources = true)
2026.09.20 16:55:10 INFO  [INFO] Resolving artifact: org.springframework.boot:spring-boot-test-autoconfigure:jar:4.1.1:test (sources = false)
2026.09.20 16:55:10 INFO  [INFO] SUCCESS: org.springframework.boot:spring-boot-test-autoconfigure:jar:4.1.1:test (sources = false)
2026.09.20 16:55:10 INFO  [INFO] Resolving artifact: org.springframework.boot:spring-boot-test-autoconfigure:jar:4.1.1:test (sources = true)
2026.09.20 16:55:10 INFO  Downloading from central: https://repo.maven.apache.org/maven2/org/springframework/boot/spring-boot-test-autoconfigure/4.1.1/spring-boot-test-autoconfigure-4.1.1-sources.jar
2026.09.20 16:55:10 INFO  Progress (1): 7.7/25 kB
2026.09.20 16:55:10 INFO  Progress (1): 16/25 kB 
2026.09.20 16:55:10 INFO  Progress (1): 25/25 kB
2026.09.20 16:55:10 INFO  Progress (1): 25 kB   
2026.09.20 16:55:10 INFO                     
2026.09.20 16:55:10 INFO  Downloaded from central: https://repo.maven.apache.org/maven2/org/springframework/boot/spring-boot-test-autoconfigure/4.1.1/spring-boot-test-autoconfigure-4.1.1-sources.jar (25 kB at 287 kB/s)
2026.09.20 16:55:10 INFO  [INFO] SUCCESS: org.springframework.boot:spring-boot-test-autoconfigure:jar:4.1.1:test (sources = true)
2026.09.20 16:55:10 INFO  [INFO] Resolving artifact: org.springframework:spring-core:jar:7.0.9:compile (sources = false)
2026.09.20 16:55:10 INFO  [INFO] SUCCESS: org.springframework:spring-core:jar:7.0.9:compile (sources = false)
2026.09.20 16:55:10 INFO  [INFO] Resolving artifact: org.springframework:spring-core:jar:7.0.9:compile (sources = true)
2026.09.20 16:55:10 INFO  Downloading from central: https://repo.maven.apache.org/maven2/org/springframework/spring-core/7.0.9/spring-core-7.0.9-sources.jar
2026.09.20 16:55:10 INFO  Progress (1): 0/1.5 MB
2026.09.20 16:55:10 INFO  Progress (1): 0/1.5 MB
2026.09.20 16:55:10 INFO  Progress (1): 0/1.5 MB
2026.09.20 16:55:10 INFO  Progress (1): 0.1/1.5 MB
2026.09.20 16:55:10 INFO  Progress (1): 0.1/1.5 MB
2026.09.20 16:55:10 INFO  Progress (1): 0.1/1.5 MB
2026.09.20 16:55:10 INFO  Progress (1): 0.1/1.5 MB
2026.09.20 16:55:10 INFO  Progress (1): 0.1/1.5 MB
2026.09.20 16:55:10 INFO  Progress (1): 0.1/1.5 MB
2026.09.20 16:55:10 INFO  Progress (1): 0.1/1.5 MB
2026.09.20 16:55:10 INFO  Progress (1): 0.2/1.5 MB
2026.09.20 16:55:10 INFO  Progress (1): 0.2/1.5 MB
2026.09.20 16:55:10 INFO  Progress (1): 0.2/1.5 MB
2026.09.20 16:55:10 INFO  Progress (1): 0.2/1.5 MB
2026.09.20 16:55:10 INFO  Progress (1): 0.2/1.5 MB
2026.09.20 16:55:10 INFO  Progress (1): 0.2/1.5 MB
2026.09.20 16:55:10 INFO  Progress (1): 0.2/1.5 MB
2026.09.20 16:55:10 INFO  Progress (1): 0.3/1.5 MB
2026.09.20 16:55:10 INFO  Progress (1): 0.3/1.5 MB
2026.09.20 16:55:10 INFO  Progress (1): 0.3/1.5 MB
2026.09.20 16:55:10 INFO  Progress (1): 0.3/1.5 MB
2026.09.20 16:55:10 INFO  Progress (1): 0.3/1.5 MB
2026.09.20 16:55:10 INFO  Progress (1): 0.3/1.5 MB
2026.09.20 16:55:10 INFO  Progress (1): 0.4/1.5 MB
2026.09.20 16:55:10 INFO  Progress (1): 0.4/1.5 MB
2026.09.20 16:55:10 INFO  Progress (1): 0.4/1.5 MB
2026.09.20 16:55:10 INFO  Progress (1): 0.4/1.5 MB
2026.09.20 16:55:10 INFO  Progress (1): 0.4/1.5 MB
2026.09.20 16:55:10 INFO  Progress (1): 0.4/1.5 MB
2026.09.20 16:55:10 INFO  Progress (1): 0.5/1.5 MB
2026.09.20 16:55:10 INFO  Progress (1): 0.5/1.5 MB
2026.09.20 16:55:10 INFO  Progress (1): 0.5/1.5 MB
2026.09.20 16:55:10 INFO  Progress (1): 0.5/1.5 MB
2026.09.20 16:55:10 INFO  Progress (1): 0.5/1.5 MB
2026.09.20 16:55:10 INFO  Progress (1): 0.5/1.5 MB
2026.09.20 16:55:10 INFO  Progress (1): 0.6/1.5 MB
2026.09.20 16:55:10 INFO  Progress (1): 0.6/1.5 MB
2026.09.20 16:55:10 INFO  Progress (1): 0.6/1.5 MB
2026.09.20 16:55:10 INFO  Progress (1): 0.6/1.5 MB
2026.09.20 16:55:10 INFO  Progress (1): 0.6/1.5 MB
2026.09.20 16:55:10 INFO  Progress (1): 0.6/1.5 MB
2026.09.20 16:55:10 INFO  Progress (1): 0.7/1.5 MB
2026.09.20 16:55:10 INFO  Progress (1): 0.7/1.5 MB
2026.09.20 16:55:10 INFO  Progress (1): 0.7/1.5 MB
2026.09.20 16:55:10 INFO  Progress (1): 0.7/1.5 MB
2026.09.20 16:55:10 INFO  Progress (1): 0.7/1.5 MB
2026.09.20 16:55:10 INFO  Progress (1): 0.7/1.5 MB
2026.09.20 16:55:10 INFO  Progress (1): 0.8/1.5 MB
2026.09.20 16:55:10 INFO  Progress (1): 0.8/1.5 MB
2026.09.20 16:55:10 INFO  Progress (1): 0.8/1.5 MB
2026.09.20 16:55:10 INFO  Progress (1): 0.8/1.5 MB
2026.09.20 16:55:10 INFO  Progress (1): 0.8/1.5 MB
2026.09.20 16:55:10 INFO  Progress (1): 0.8/1.5 MB
2026.09.20 16:55:10 INFO  Progress (1): 0.9/1.5 MB
2026.09.20 16:55:10 INFO  Progress (1): 0.9/1.5 MB
2026.09.20 16:55:10 INFO  Progress (1): 0.9/1.5 MB
2026.09.20 16:55:10 INFO  Progress (1): 0.9/1.5 MB
2026.09.20 16:55:10 INFO  Progress (1): 0.9/1.5 MB
2026.09.20 16:55:10 INFO  Progress (1): 0.9/1.5 MB
2026.09.20 16:55:10 INFO  Progress (1): 1.0/1.5 MB
2026.09.20 16:55:10 INFO  Progress (1): 1.0/1.5 MB
2026.09.20 16:55:10 INFO  Progress (1): 1.0/1.5 MB
2026.09.20 16:55:10 INFO  Progress (1): 1.0/1.5 MB
2026.09.20 16:55:10 INFO  Progress (1): 1.0/1.5 MB
set. 20, 2026 4:55:10 P. M. org.eclipse.lsp4j.jsonrpc.services.GenericEndpoint notify
INFO: Unsupported notification method: $/setTrace
2026.09.20 16:55:10 INFO  Progress (1): 1.0/1.5 MB
2026.09.20 16:55:10 INFO  Progress (1): 1.1/1.5 MB
2026.09.20 16:55:10 INFO  Progress (1): 1.1/1.5 MB
2026.09.20 16:55:10 INFO  Progress (1): 1.1/1.5 MB
2026.09.20 16:55:10 INFO  Progress (1): 1.1/1.5 MB
2026.09.20 16:55:10 INFO  Progress (1): 1.1/1.5 MB
2026.09.20 16:55:10 INFO  Progress (1): 1.1/1.5 MB
2026.09.20 16:55:10 INFO  Progress (1): 1.2/1.5 MB
2026.09.20 16:55:10 INFO  Progress (1): 1.2/1.5 MB
2026.09.20 16:55:10 INFO  Progress (1): 1.2/1.5 MB
2026.09.20 16:55:10 INFO  Progress (1): 1.2/1.5 MB
2026.09.20 16:55:10 INFO  Progress (1): 1.2/1.5 MB
2026.09.20 16:55:10 INFO  Progress (1): 1.2/1.5 MB
2026.09.20 16:55:10 INFO  Progress (1): 1.2/1.5 MB
2026.09.20 16:55:10 INFO  Progress (1): 1.3/1.5 MB
2026.09.20 16:55:10 INFO  Progress (1): 1.3/1.5 MB
2026.09.20 16:55:10 INFO  Progress (1): 1.3/1.5 MB
2026.09.20 16:55:10 INFO  Progress (1): 1.3/1.5 MB
2026.09.20 16:55:10 INFO  Progress (1): 1.3/1.5 MB
2026.09.20 16:55:10 INFO  Progress (1): 1.3/1.5 MB
2026.09.20 16:55:10 INFO  Progress (1): 1.4/1.5 MB
2026.09.20 16:55:10 INFO  Progress (1): 1.4/1.5 MB
2026.09.20 16:55:11 INFO  Progress (1): 1.4/1.5 MB
2026.09.20 16:55:11 INFO  Progress (1): 1.4/1.5 MB
2026.09.20 16:55:11 INFO  Progress (1): 1.4/1.5 MB
2026.09.20 16:55:11 INFO  Progress (1): 1.4/1.5 MB
2026.09.20 16:55:11 INFO  Progress (1): 1.5/1.5 MB
2026.09.20 16:55:11 INFO  Progress (1): 1.5/1.5 MB
2026.09.20 16:55:11 INFO  Progress (1): 1.5/1.5 MB
2026.09.20 16:55:11 INFO  Progress (1): 1.5 MB    
2026.09.20 16:55:11 INFO                      
2026.09.20 16:55:11 INFO  Downloaded from central: https://repo.maven.apache.org/maven2/org/springframework/spring-core/7.0.9/spring-core-7.0.9-sources.jar (1.5 MB at 1.4 MB/s)
2026.09.20 16:55:11 INFO  [INFO] SUCCESS: org.springframework:spring-core:jar:7.0.9:compile (sources = true)
2026.09.20 16:55:11 INFO  [INFO] Resolving artifact: org.springframework.boot:spring-boot-starter:jar:4.1.1:compile (sources = false)
2026.09.20 16:55:11 INFO  [INFO] SUCCESS: org.springframework.boot:spring-boot-starter:jar:4.1.1:compile (sources = false)
2026.09.20 16:55:11 INFO  [INFO] Resolving artifact: org.springframework.boot:spring-boot-starter:jar:4.1.1:compile (sources = true)
2026.09.20 16:55:11 INFO  Downloading from central: https://repo.maven.apache.org/maven2/org/springframework/boot/spring-boot-starter/4.1.1/spring-boot-starter-4.1.1-sources.jar
2026.09.20 16:55:11 INFO  Progress (1): 4.8 kB
2026.09.20 16:55:11 INFO                      
2026.09.20 16:55:11 INFO  Downloaded from central: https://repo.maven.apache.org/maven2/org/springframework/boot/spring-boot-starter/4.1.1/spring-boot-starter-4.1.1-sources.jar (4.8 kB at 60 kB/s)
2026.09.20 16:55:11 INFO  [INFO] SUCCESS: org.springframework.boot:spring-boot-starter:jar:4.1.1:compile (sources = true)
2026.09.20 16:55:11 INFO  [INFO] Resolving artifact: org.mockito:mockito-core:jar:5.23.0:test (sources = false)
2026.09.20 16:55:11 INFO  [INFO] SUCCESS: org.mockito:mockito-core:jar:5.23.0:test (sources = false)
2026.09.20 16:55:11 INFO  [INFO] Resolving artifact: org.mockito:mockito-core:jar:5.23.0:test (sources = true)
2026.09.20 16:55:11 INFO  Downloading from central: https://repo.maven.apache.org/maven2/org/mockito/mockito-core/5.23.0/mockito-core-5.23.0-sources.jar
2026.09.20 16:55:11 INFO  Progress (1): 7.7/549 kB
2026.09.20 16:55:11 INFO  Progress (1): 7.7/549 kB
2026.09.20 16:55:11 INFO  Progress (1): 24/549 kB 
2026.09.20 16:55:11 INFO  Progress (1): 40/549 kB
2026.09.20 16:55:11 INFO  Progress (1): 57/549 kB
2026.09.20 16:55:11 INFO  Progress (1): 73/549 kB
2026.09.20 16:55:11 INFO  Progress (1): 90/549 kB
2026.09.20 16:55:11 INFO  Progress (1): 106/549 kB
2026.09.20 16:55:11 INFO  Progress (1): 122/549 kB
2026.09.20 16:55:11 INFO  Progress (1): 139/549 kB
2026.09.20 16:55:11 INFO  Progress (1): 155/549 kB
2026.09.20 16:55:11 INFO  Progress (1): 172/549 kB
2026.09.20 16:55:11 INFO  Progress (1): 188/549 kB
2026.09.20 16:55:11 INFO  Progress (1): 204/549 kB
2026.09.20 16:55:11 INFO  Progress (1): 221/549 kB
2026.09.20 16:55:11 INFO  Progress (1): 237/549 kB
2026.09.20 16:55:11 INFO  Progress (1): 253/549 kB
2026.09.20 16:55:11 INFO  Progress (1): 270/549 kB
2026.09.20 16:55:11 INFO  Progress (1): 286/549 kB
2026.09.20 16:55:11 INFO  Progress (1): 303/549 kB
2026.09.20 16:55:11 INFO  Progress (1): 319/549 kB
2026.09.20 16:55:11 INFO  Progress (1): 335/549 kB
2026.09.20 16:55:11 INFO  Progress (1): 352/549 kB
2026.09.20 16:55:11 INFO  Progress (1): 368/549 kB
2026.09.20 16:55:11 INFO  Progress (1): 385/549 kB
2026.09.20 16:55:11 INFO  Progress (1): 401/549 kB
2026.09.20 16:55:11 INFO  Progress (1): 417/549 kB
2026.09.20 16:55:11 INFO  Progress (1): 434/549 kB
2026.09.20 16:55:11 INFO  Progress (1): 450/549 kB
2026.09.20 16:55:11 INFO  Progress (1): 466/549 kB
2026.09.20 16:55:11 INFO  Progress (1): 483/549 kB
2026.09.20 16:55:11 INFO  Progress (1): 499/549 kB
2026.09.20 16:55:11 INFO  Progress (1): 516/549 kB
2026.09.20 16:55:11 INFO  Progress (1): 532/549 kB
2026.09.20 16:55:11 INFO  Progress (1): 548/549 kB
2026.09.20 16:55:11 INFO  Progress (1): 549 kB    
2026.09.20 16:55:11 INFO                      
2026.09.20 16:55:11 INFO  Downloaded from central: https://repo.maven.apache.org/maven2/org/mockito/mockito-core/5.23.0/mockito-core-5.23.0-sources.jar (549 kB at 1.7 MB/s)
2026.09.20 16:55:11 INFO  [INFO] SUCCESS: org.mockito:mockito-core:jar:5.23.0:test (sources = true)
2026.09.20 16:55:11 INFO  [INFO] Resolving artifact: org.springframework.boot:spring-boot-starter-test:jar:4.1.1:test (sources = false)
2026.09.20 16:55:11 INFO  [INFO] SUCCESS: org.springframework.boot:spring-boot-starter-test:jar:4.1.1:test (sources = false)
2026.09.20 16:55:11 INFO  [INFO] Resolving artifact: org.springframework.boot:spring-boot-starter-test:jar:4.1.1:test (sources = true)
2026.09.20 16:55:11 INFO  Downloading from central: https://repo.maven.apache.org/maven2/org/springframework/boot/spring-boot-starter-test/4.1.1/spring-boot-starter-test-4.1.1-sources.jar
2026.09.20 16:55:11 INFO  Progress (1): 4.8 kB
2026.09.20 16:55:11 INFO                      
2026.09.20 16:55:11 INFO  Downloaded from central: https://repo.maven.apache.org/maven2/org/springframework/boot/spring-boot-starter-test/4.1.1/spring-boot-starter-test-4.1.1-sources.jar (4.8 kB at 57 kB/s)
2026.09.20 16:55:11 INFO  [INFO] SUCCESS: org.springframework.boot:spring-boot-starter-test:jar:4.1.1:test (sources = true)
2026.09.20 16:55:11 INFO  [INFO] Resolving artifact: net.minidev:json-smart:jar:2.6.0:test (sources = false)
2026.09.20 16:55:11 INFO  [INFO] SUCCESS: net.minidev:json-smart:jar:2.6.0:test (sources = false)
2026.09.20 16:55:11 INFO  [INFO] Resolving artifact: net.minidev:json-smart:jar:2.6.0:test (sources = true)
2026.09.20 16:55:11 INFO  Downloading from central: https://repo.maven.apache.org/maven2/net/minidev/json-smart/2.6.0/json-smart-2.6.0-sources.jar
2026.09.20 16:55:11 INFO  Progress (1): 7.7/63 kB
2026.09.20 16:55:11 INFO  Progress (1): 7.7/63 kB
2026.09.20 16:55:11 INFO  Progress (1): 24/63 kB 
2026.09.20 16:55:11 INFO  Progress (1): 33/63 kB
2026.09.20 16:55:11 INFO  Progress (1): 49/63 kB
2026.09.20 16:55:11 INFO  Progress (1): 63 kB   
2026.09.20 16:55:11 INFO                     
2026.09.20 16:55:11 INFO  Downloaded from central: https://repo.maven.apache.org/maven2/net/minidev/json-smart/2.6.0/json-smart-2.6.0-sources.jar (63 kB at 438 kB/s)
2026.09.20 16:55:11 INFO  [INFO] SUCCESS: net.minidev:json-smart:jar:2.6.0:test (sources = true)
2026.09.20 16:55:11 INFO  [INFO] Resolving artifact: jakarta.activation:jakarta.activation-api:jar:2.1.4:test (sources = false)
2026.09.20 16:55:11 INFO  [INFO] SUCCESS: jakarta.activation:jakarta.activation-api:jar:2.1.4:test (sources = false)
2026.09.20 16:55:11 INFO  [INFO] Resolving artifact: jakarta.activation:jakarta.activation-api:jar:2.1.4:test (sources = true)
2026.09.20 16:55:11 INFO  Downloading from central: https://repo.maven.apache.org/maven2/jakarta/activation/jakarta.activation-api/2.1.4/jakarta.activation-api-2.1.4-sources.jar
2026.09.20 16:55:11 INFO  Progress (1): 7.7/60 kB
2026.09.20 16:55:11 INFO  Progress (1): 8.2/60 kB
2026.09.20 16:55:11 INFO  Progress (1): 25/60 kB 
2026.09.20 16:55:11 INFO  Progress (1): 41/60 kB
2026.09.20 16:55:11 INFO  Progress (1): 57/60 kB
2026.09.20 16:55:11 INFO  Progress (1): 60 kB   
2026.09.20 16:55:11 INFO                     
2026.09.20 16:55:11 INFO  Downloaded from central: https://repo.maven.apache.org/maven2/jakarta/activation/jakarta.activation-api/2.1.4/jakarta.activation-api-2.1.4-sources.jar (60 kB at 599 kB/s)
2026.09.20 16:55:11 INFO  [INFO] SUCCESS: jakarta.activation:jakarta.activation-api:jar:2.1.4:test (sources = true)
2026.09.20 16:55:11 INFO  [INFO] Resolving artifact: net.bytebuddy:byte-buddy-agent:jar:1.18.11:test (sources = false)
2026.09.20 16:55:11 INFO  [INFO] SUCCESS: net.bytebuddy:byte-buddy-agent:jar:1.18.11:test (sources = false)
2026.09.20 16:55:11 INFO  [INFO] Resolving artifact: net.bytebuddy:byte-buddy-agent:jar:1.18.11:test (sources = true)
2026.09.20 16:55:11 INFO  Downloading from central: https://repo.maven.apache.org/maven2/net/bytebuddy/byte-buddy-agent/1.18.11/byte-buddy-agent-1.18.11-sources.jar
2026.09.20 16:55:11 INFO  Progress (1): 3.2/208 kB
2026.09.20 16:55:11 INFO  Progress (1): 20/208 kB 
2026.09.20 16:55:11 INFO  Progress (1): 36/208 kB
2026.09.20 16:55:11 INFO  Progress (1): 52/208 kB
2026.09.20 16:55:11 INFO  Progress (1): 61/208 kB
2026.09.20 16:55:11 INFO  Progress (1): 77/208 kB
2026.09.20 16:55:11 INFO  Progress (1): 93/208 kB
2026.09.20 16:55:11 INFO  Progress (1): 110/208 kB
2026.09.20 16:55:11 INFO  Progress (1): 126/208 kB
2026.09.20 16:55:11 INFO  Progress (1): 142/208 kB
2026.09.20 16:55:11 INFO  Progress (1): 151/208 kB
2026.09.20 16:55:11 INFO  Progress (1): 167/208 kB
2026.09.20 16:55:11 INFO  Progress (1): 183/208 kB
2026.09.20 16:55:11 INFO  Progress (1): 200/208 kB
2026.09.20 16:55:11 INFO  Progress (1): 208 kB    
2026.09.20 16:55:11 INFO                      
2026.09.20 16:55:11 INFO  Downloaded from central: https://repo.maven.apache.org/maven2/net/bytebuddy/byte-buddy-agent/1.18.11/byte-buddy-agent-1.18.11-sources.jar (208 kB at 1.3 MB/s)
2026.09.20 16:55:11 INFO  [INFO] SUCCESS: net.bytebuddy:byte-buddy-agent:jar:1.18.11:test (sources = true)
2026.09.20 16:55:11 INFO  [INFO] Resolving artifact: org.springframework:spring-test:jar:7.0.9:test (sources = false)
2026.09.20 16:55:11 INFO  [INFO] SUCCESS: org.springframework:spring-test:jar:7.0.9:test (sources = false)
2026.09.20 16:55:11 INFO  [INFO] Resolving artifact: org.springframework:spring-test:jar:7.0.9:test (sources = true)
2026.09.20 16:55:11 INFO  Downloading from central: https://repo.maven.apache.org/maven2/org/springframework/spring-test/7.0.9/spring-test-7.0.9-sources.jar
2026.09.20 16:55:12 INFO  Progress (1): 7.7/878 kB
2026.09.20 16:55:12 INFO  Progress (1): 8.2/878 kB
2026.09.20 16:55:12 INFO  Progress (1): 25/878 kB 
2026.09.20 16:55:12 INFO  Progress (1): 41/878 kB
2026.09.20 16:55:12 INFO  Progress (1): 57/878 kB
2026.09.20 16:55:12 INFO  Progress (1): 74/878 kB
2026.09.20 16:55:12 INFO  Progress (1): 90/878 kB
2026.09.20 16:55:12 INFO  Progress (1): 106/878 kB
2026.09.20 16:55:12 INFO  Progress (1): 123/878 kB
2026.09.20 16:55:12 INFO  Progress (1): 131/878 kB
2026.09.20 16:55:12 INFO  Progress (1): 147/878 kB
2026.09.20 16:55:12 INFO  Progress (1): 164/878 kB
set. 20, 2026 4:55:12 P. M. org.eclipse.lsp4j.jsonrpc.services.GenericEndpoint notify
INFO: Unsupported notification method: $/setTrace
2026.09.20 16:55:12 INFO  Progress (1): 180/878 kB
2026.09.20 16:55:12 INFO  Progress (1): 197/878 kB
2026.09.20 16:55:12 INFO  Progress (1): 213/878 kB
2026.09.20 16:55:12 INFO  Progress (1): 229/878 kB
2026.09.20 16:55:12 INFO  Progress (1): 246/878 kB
2026.09.20 16:55:12 INFO  Progress (1): 262/878 kB
2026.09.20 16:55:12 INFO  Progress (1): 279/878 kB
2026.09.20 16:55:12 INFO  Progress (1): 295/878 kB
2026.09.20 16:55:12 INFO  Progress (1): 311/878 kB
2026.09.20 16:55:12 INFO  Progress (1): 328/878 kB
2026.09.20 16:55:12 INFO  Progress (1): 344/878 kB
2026.09.20 16:55:12 INFO  Progress (1): 360/878 kB
2026.09.20 16:55:12 INFO  Progress (1): 377/878 kB
2026.09.20 16:55:12 INFO  Progress (1): 393/878 kB
2026.09.20 16:55:12 INFO  Progress (1): 410/878 kB
2026.09.20 16:55:12 INFO  Progress (1): 426/878 kB
2026.09.20 16:55:12 INFO  Progress (1): 442/878 kB
2026.09.20 16:55:12 INFO  Progress (1): 459/878 kB
2026.09.20 16:55:12 INFO  Progress (1): 475/878 kB
2026.09.20 16:55:12 INFO  Progress (1): 492/878 kB
2026.09.20 16:55:12 INFO  Progress (1): 508/878 kB
2026.09.20 16:55:12 INFO  Progress (1): 524/878 kB
2026.09.20 16:55:12 INFO  Progress (1): 541/878 kB
2026.09.20 16:55:12 INFO  Progress (1): 557/878 kB
2026.09.20 16:55:12 INFO  Progress (1): 573/878 kB
2026.09.20 16:55:12 INFO  Progress (1): 590/878 kB
2026.09.20 16:55:12 INFO  Progress (1): 606/878 kB
2026.09.20 16:55:12 INFO  Progress (1): 623/878 kB
2026.09.20 16:55:12 INFO  Progress (1): 639/878 kB
2026.09.20 16:55:12 INFO  Progress (1): 655/878 kB
2026.09.20 16:55:12 INFO  Progress (1): 672/878 kB
2026.09.20 16:55:12 INFO  Progress (1): 688/878 kB
2026.09.20 16:55:12 INFO  Progress (1): 705/878 kB
2026.09.20 16:55:12 INFO  Progress (1): 721/878 kB
2026.09.20 16:55:12 INFO  Progress (1): 737/878 kB
2026.09.20 16:55:12 INFO  Progress (1): 754/878 kB
2026.09.20 16:55:12 INFO  Progress (1): 770/878 kB
2026.09.20 16:55:12 INFO  Progress (1): 786/878 kB
2026.09.20 16:55:12 INFO  Progress (1): 803/878 kB
2026.09.20 16:55:12 INFO  Progress (1): 819/878 kB
2026.09.20 16:55:12 INFO  Progress (1): 836/878 kB
2026.09.20 16:55:12 INFO  Progress (1): 852/878 kB
2026.09.20 16:55:12 INFO  Progress (1): 868/878 kB
2026.09.20 16:55:12 INFO  Progress (1): 878 kB    
2026.09.20 16:55:12 INFO                      
2026.09.20 16:55:12 INFO  Downloaded from central: https://repo.maven.apache.org/maven2/org/springframework/spring-test/7.0.9/spring-test-7.0.9-sources.jar (878 kB at 2.1 MB/s)
2026.09.20 16:55:12 INFO  [INFO] SUCCESS: org.springframework:spring-test:jar:7.0.9:test (sources = true)
2026.09.20 16:55:12 INFO  [INFO] Resolving artifact: org.apiguardian:apiguardian-api:jar:1.1.2:test (sources = false)
2026.09.20 16:55:12 INFO  [INFO] SUCCESS: org.apiguardian:apiguardian-api:jar:1.1.2:test (sources = false)
2026.09.20 16:55:12 INFO  [INFO] Resolving artifact: org.apiguardian:apiguardian-api:jar:1.1.2:test (sources = true)
2026.09.20 16:55:12 INFO  Downloading from central: https://repo.maven.apache.org/maven2/org/apiguardian/apiguardian-api/1.1.2/apiguardian-api-1.1.2-sources.jar
2026.09.20 16:55:12 INFO  Progress (1): 6.6 kB
2026.09.20 16:55:12 INFO                      
2026.09.20 16:55:12 INFO  Downloaded from central: https://repo.maven.apache.org/maven2/org/apiguardian/apiguardian-api/1.1.2/apiguardian-api-1.1.2-sources.jar (6.6 kB at 81 kB/s)
2026.09.20 16:55:12 INFO  [INFO] SUCCESS: org.apiguardian:apiguardian-api:jar:1.1.2:test (sources = true)
2026.09.20 16:55:12 INFO  [INFO] Resolving artifact: org.junit.jupiter:junit-jupiter-engine:jar:6.0.3:test (sources = false)
2026.09.20 16:55:12 INFO  [INFO] SUCCESS: org.junit.jupiter:junit-jupiter-engine:jar:6.0.3:test (sources = false)
2026.09.20 16:55:12 INFO  [INFO] Resolving artifact: org.junit.jupiter:junit-jupiter-engine:jar:6.0.3:test (sources = true)
2026.09.20 16:55:12 INFO  Downloading from central: https://repo.maven.apache.org/maven2/org/junit/jupiter/junit-jupiter-engine/6.0.3/junit-jupiter-engine-6.0.3-sources.jar
2026.09.20 16:55:12 INFO  Progress (1): 7.7/173 kB
2026.09.20 16:55:12 INFO  Progress (1): 8.2/173 kB
2026.09.20 16:55:12 INFO  Progress (1): 25/173 kB 
2026.09.20 16:55:12 INFO  Progress (1): 41/173 kB
2026.09.20 16:55:12 INFO  Progress (1): 57/173 kB
2026.09.20 16:55:12 INFO  Progress (1): 74/173 kB
2026.09.20 16:55:12 INFO  Progress (1): 90/173 kB
2026.09.20 16:55:12 INFO  Progress (1): 106/173 kB
2026.09.20 16:55:12 INFO  Progress (1): 123/173 kB
2026.09.20 16:55:12 INFO  Progress (1): 139/173 kB
2026.09.20 16:55:12 INFO  Progress (1): 156/173 kB
2026.09.20 16:55:12 INFO  Progress (1): 172/173 kB
2026.09.20 16:55:12 INFO  Progress (1): 173 kB    
2026.09.20 16:55:12 INFO                      
2026.09.20 16:55:12 INFO  Downloaded from central: https://repo.maven.apache.org/maven2/org/junit/jupiter/junit-jupiter-engine/6.0.3/junit-jupiter-engine-6.0.3-sources.jar (173 kB at 1.1 MB/s)
2026.09.20 16:55:12 INFO  [INFO] SUCCESS: org.junit.jupiter:junit-jupiter-engine:jar:6.0.3:test (sources = true)
2026.09.20 16:55:12 INFO  [INFO] Resolving artifact: org.junit.platform:junit-platform-engine:jar:6.0.3:test (sources = false)
2026.09.20 16:55:12 INFO  [INFO] SUCCESS: org.junit.platform:junit-platform-engine:jar:6.0.3:test (sources = false)
2026.09.20 16:55:12 INFO  [INFO] Resolving artifact: org.junit.platform:junit-platform-engine:jar:6.0.3:test (sources = true)
2026.09.20 16:55:12 INFO  Downloading from central: https://repo.maven.apache.org/maven2/org/junit/platform/junit-platform-engine/6.0.3/junit-platform-engine-6.0.3-sources.jar
2026.09.20 16:55:12 INFO  Progress (1): 7.7/175 kB
2026.09.20 16:55:12 INFO  Progress (1): 16/175 kB 
2026.09.20 16:55:12 INFO  Progress (1): 25/175 kB
2026.09.20 16:55:12 INFO  Progress (1): 41/175 kB
2026.09.20 16:55:12 INFO  Progress (1): 57/175 kB
2026.09.20 16:55:12 INFO  Progress (1): 74/175 kB
2026.09.20 16:55:12 INFO  Progress (1): 90/175 kB
2026.09.20 16:55:12 INFO  Progress (1): 106/175 kB
2026.09.20 16:55:12 INFO  Progress (1): 123/175 kB
2026.09.20 16:55:12 INFO  Progress (1): 139/175 kB
2026.09.20 16:55:12 INFO  Progress (1): 156/175 kB
2026.09.20 16:55:12 INFO  Progress (1): 172/175 kB
2026.09.20 16:55:12 INFO  Progress (1): 175 kB    
2026.09.20 16:55:12 INFO                      
2026.09.20 16:55:12 INFO  Downloaded from central: https://repo.maven.apache.org/maven2/org/junit/platform/junit-platform-engine/6.0.3/junit-platform-engine-6.0.3-sources.jar (175 kB at 1.2 MB/s)
2026.09.20 16:55:12 INFO  [INFO] SUCCESS: org.junit.platform:junit-platform-engine:jar:6.0.3:test (sources = true)
2026.09.20 16:55:12 INFO  [INFO] Resolving artifact: org.slf4j:slf4j-api:jar:2.0.18:compile (sources = false)
2026.09.20 16:55:12 INFO  [INFO] SUCCESS: org.slf4j:slf4j-api:jar:2.0.18:compile (sources = false)
2026.09.20 16:55:12 INFO  [INFO] Resolving artifact: org.slf4j:slf4j-api:jar:2.0.18:compile (sources = true)
2026.09.20 16:55:12 INFO  Downloading from central: https://repo.maven.apache.org/maven2/org/slf4j/slf4j-api/2.0.18/slf4j-api-2.0.18-sources.jar
2026.09.20 16:55:12 INFO  Progress (1): 3.2/77 kB
2026.09.20 16:55:12 INFO  Progress (1): 11/77 kB 
2026.09.20 16:55:12 INFO  Progress (1): 28/77 kB
2026.09.20 16:55:12 INFO  Progress (1): 44/77 kB
2026.09.20 16:55:12 INFO  Progress (1): 61/77 kB
2026.09.20 16:55:12 INFO  Progress (1): 77/77 kB
2026.09.20 16:55:12 INFO  Progress (1): 77 kB   
2026.09.20 16:55:12 INFO                     
2026.09.20 16:55:12 INFO  Downloaded from central: https://repo.maven.apache.org/maven2/org/slf4j/slf4j-api/2.0.18/slf4j-api-2.0.18-sources.jar (77 kB at 700 kB/s)
2026.09.20 16:55:12 INFO  [INFO] SUCCESS: org.slf4j:slf4j-api:jar:2.0.18:compile (sources = true)
2026.09.20 16:55:12 INFO  [INFO] Resolving artifact: net.minidev:accessors-smart:jar:2.6.0:test (sources = false)
2026.09.20 16:55:12 INFO  [INFO] SUCCESS: net.minidev:accessors-smart:jar:2.6.0:test (sources = false)
2026.09.20 16:55:12 INFO  [INFO] Resolving artifact: net.minidev:accessors-smart:jar:2.6.0:test (sources = true)
2026.09.20 16:55:12 INFO  Downloading from central: https://repo.maven.apache.org/maven2/net/minidev/accessors-smart/2.6.0/accessors-smart-2.6.0-sources.jar
2026.09.20 16:55:12 INFO  Progress (1): 7.7/23 kB
2026.09.20 16:55:12 INFO  Progress (1): 16/23 kB 
2026.09.20 16:55:12 INFO  Progress (1): 23 kB   
2026.09.20 16:55:12 INFO                     
2026.09.20 16:55:12 INFO  Downloaded from central: https://repo.maven.apache.org/maven2/net/minidev/accessors-smart/2.6.0/accessors-smart-2.6.0-sources.jar (23 kB at 279 kB/s)
2026.09.20 16:55:12 INFO  [INFO] SUCCESS: net.minidev:accessors-smart:jar:2.6.0:test (sources = true)
2026.09.20 16:55:12 INFO  [INFO] Resolving artifact: com.vaadin.external.google:android-json:jar:0.0.20131108.vaadin1:test (sources = false)
2026.09.20 16:55:12 INFO  [INFO] SUCCESS: com.vaadin.external.google:android-json:jar:0.0.20131108.vaadin1:test (sources = false)
2026.09.20 16:55:12 INFO  [INFO] Resolving artifact: com.vaadin.external.google:android-json:jar:0.0.20131108.vaadin1:test (sources = true)
2026.09.20 16:55:12 INFO  Downloading from central: https://repo.maven.apache.org/maven2/com/vaadin/external/google/android-json/0.0.20131108.vaadin1/android-json-0.0.20131108.vaadin1-sources.jar
2026.09.20 16:55:13 INFO  Progress (1): 7.7/22 kB
2026.09.20 16:55:13 INFO  Progress (1): 8.2/22 kB
2026.09.20 16:55:13 INFO  Progress (1): 22 kB    
2026.09.20 16:55:13 INFO                     
2026.09.20 16:55:13 INFO  Downloaded from central: https://repo.maven.apache.org/maven2/com/vaadin/external/google/android-json/0.0.20131108.vaadin1/android-json-0.0.20131108.vaadin1-sources.jar (22 kB at 262 kB/s)
2026.09.20 16:55:13 INFO  [INFO] SUCCESS: com.vaadin.external.google:android-json:jar:0.0.20131108.vaadin1:test (sources = true)
2026.09.20 16:55:13 INFO  [INFO] Resolving artifact: org.apache.logging.log4j:log4j-to-slf4j:jar:2.25.5:compile (sources = false)
2026.09.20 16:55:13 INFO  [INFO] SUCCESS: org.apache.logging.log4j:log4j-to-slf4j:jar:2.25.5:compile (sources = false)
2026.09.20 16:55:13 INFO  [INFO] Resolving artifact: org.apache.logging.log4j:log4j-to-slf4j:jar:2.25.5:compile (sources = true)
2026.09.20 16:55:13 INFO  Downloading from central: https://repo.maven.apache.org/maven2/org/apache/logging/log4j/log4j-to-slf4j/2.25.5/log4j-to-slf4j-2.25.5-sources.jar
2026.09.20 16:55:13 INFO  Progress (1): 7.7/19 kB
2026.09.20 16:55:13 INFO  Progress (1): 8.2/19 kB
2026.09.20 16:55:13 INFO  Progress (1): 19 kB    
2026.09.20 16:55:13 INFO                     
2026.09.20 16:55:13 INFO  Downloaded from central: https://repo.maven.apache.org/maven2/org/apache/logging/log4j/log4j-to-slf4j/2.25.5/log4j-to-slf4j-2.25.5-sources.jar (19 kB at 213 kB/s)
2026.09.20 16:55:13 INFO  [INFO] SUCCESS: org.apache.logging.log4j:log4j-to-slf4j:jar:2.25.5:compile (sources = true)
2026.09.20 16:55:13 INFO  [INFO] Resolving artifact: org.xmlunit:xmlunit-core:jar:2.11.0:test (sources = false)
2026.09.20 16:55:13 INFO  [INFO] SUCCESS: org.xmlunit:xmlunit-core:jar:2.11.0:test (sources = false)
2026.09.20 16:55:13 INFO  [INFO] Resolving artifact: org.xmlunit:xmlunit-core:jar:2.11.0:test (sources = true)
2026.09.20 16:55:13 INFO  Downloading from central: https://repo.maven.apache.org/maven2/org/xmlunit/xmlunit-core/2.11.0/xmlunit-core-2.11.0-sources.jar
2026.09.20 16:55:13 INFO  Progress (1): 7.7/111 kB
2026.09.20 16:55:13 INFO  Progress (1): 11/111 kB 
2026.09.20 16:55:13 INFO  Progress (1): 28/111 kB
2026.09.20 16:55:13 INFO  Progress (1): 44/111 kB
2026.09.20 16:55:13 INFO  Progress (1): 61/111 kB
2026.09.20 16:55:13 INFO  Progress (1): 77/111 kB
2026.09.20 16:55:13 INFO  Progress (1): 93/111 kB
2026.09.20 16:55:13 INFO  Progress (1): 110/111 kB
2026.09.20 16:55:13 INFO  Progress (1): 111 kB    
2026.09.20 16:55:13 INFO                      
2026.09.20 16:55:13 INFO  Downloaded from central: https://repo.maven.apache.org/maven2/org/xmlunit/xmlunit-core/2.11.0/xmlunit-core-2.11.0-sources.jar (111 kB at 981 kB/s)
2026.09.20 16:55:13 INFO  [INFO] SUCCESS: org.xmlunit:xmlunit-core:jar:2.11.0:test (sources = true)
2026.09.20 16:55:13 INFO  [INFO] Generated .bloop\backend.json
2026.09.20 16:55:13 INFO  [INFO] Starting to write configuration for project: backend with configuration: compile
2026.09.20 16:55:13 INFO  [INFO] Resolving artifact: org.junit.jupiter:junit-jupiter-params:jar:6.0.3:test (sources = false)
2026.09.20 16:55:13 INFO  [INFO] SUCCESS: org.junit.jupiter:junit-jupiter-params:jar:6.0.3:test (sources = false)
2026.09.20 16:55:13 INFO  [INFO] Resolving artifact: org.junit.jupiter:junit-jupiter-params:jar:6.0.3:test (sources = true)
2026.09.20 16:55:13 INFO  [INFO] SUCCESS: org.junit.jupiter:junit-jupiter-params:jar:6.0.3:test (sources = true)
2026.09.20 16:55:13 INFO  [INFO] Resolving artifact: org.springframework:spring-expression:jar:7.0.9:compile (sources = false)
2026.09.20 16:55:13 INFO  [INFO] SUCCESS: org.springframework:spring-expression:jar:7.0.9:compile (sources = false)
2026.09.20 16:55:13 INFO  [INFO] Resolving artifact: org.springframework:spring-expression:jar:7.0.9:compile (sources = true)
2026.09.20 16:55:13 INFO  [INFO] SUCCESS: org.springframework:spring-expression:jar:7.0.9:compile (sources = true)
2026.09.20 16:55:13 INFO  [INFO] Resolving artifact: org.springframework.boot:spring-boot-test:jar:4.1.1:test (sources = false)
2026.09.20 16:55:13 INFO  [INFO] SUCCESS: org.springframework.boot:spring-boot-test:jar:4.1.1:test (sources = false)
2026.09.20 16:55:13 INFO  [INFO] Resolving artifact: org.springframework.boot:spring-boot-test:jar:4.1.1:test (sources = true)
2026.09.20 16:55:13 INFO  [INFO] SUCCESS: org.springframework.boot:spring-boot-test:jar:4.1.1:test (sources = true)
2026.09.20 16:55:13 INFO  [INFO] Resolving artifact: com.jayway.jsonpath:json-path:jar:2.10.0:test (sources = false)
2026.09.20 16:55:13 INFO  [INFO] SUCCESS: com.jayway.jsonpath:json-path:jar:2.10.0:test (sources = false)
2026.09.20 16:55:13 INFO  [INFO] Resolving artifact: com.jayway.jsonpath:json-path:jar:2.10.0:test (sources = true)
2026.09.20 16:55:13 INFO  [INFO] SUCCESS: com.jayway.jsonpath:json-path:jar:2.10.0:test (sources = true)
2026.09.20 16:55:13 INFO  [INFO] Resolving artifact: org.hamcrest:hamcrest:jar:3.0:test (sources = false)
2026.09.20 16:55:13 INFO  [INFO] SUCCESS: org.hamcrest:hamcrest:jar:3.0:test (sources = false)
2026.09.20 16:55:13 INFO  [INFO] Resolving artifact: org.hamcrest:hamcrest:jar:3.0:test (sources = true)
2026.09.20 16:55:13 INFO  [INFO] SUCCESS: org.hamcrest:hamcrest:jar:3.0:test (sources = true)
2026.09.20 16:55:13 INFO  [INFO] Resolving artifact: org.objenesis:objenesis:jar:3.3:test (sources = false)
2026.09.20 16:55:13 INFO  [INFO] SUCCESS: org.objenesis:objenesis:jar:3.3:test (sources = false)
2026.09.20 16:55:13 INFO  [INFO] Resolving artifact: org.objenesis:objenesis:jar:3.3:test (sources = true)
2026.09.20 16:55:13 INFO  [INFO] SUCCESS: org.objenesis:objenesis:jar:3.3:test (sources = true)
2026.09.20 16:55:13 INFO  [INFO] Resolving artifact: org.springframework:spring-beans:jar:7.0.9:compile (sources = false)
2026.09.20 16:55:13 INFO  [INFO] SUCCESS: org.springframework:spring-beans:jar:7.0.9:compile (sources = false)
2026.09.20 16:55:13 INFO  [INFO] Resolving artifact: org.springframework:spring-beans:jar:7.0.9:compile (sources = true)
2026.09.20 16:55:13 INFO  [INFO] SUCCESS: org.springframework:spring-beans:jar:7.0.9:compile (sources = true)
2026.09.20 16:55:13 INFO  [INFO] Resolving artifact: net.bytebuddy:byte-buddy:jar:1.18.11:test (sources = false)
2026.09.20 16:55:13 INFO  [INFO] SUCCESS: net.bytebuddy:byte-buddy:jar:1.18.11:test (sources = false)
2026.09.20 16:55:13 INFO  [INFO] Resolving artifact: net.bytebuddy:byte-buddy:jar:1.18.11:test (sources = true)
2026.09.20 16:55:13 INFO  [INFO] SUCCESS: net.bytebuddy:byte-buddy:jar:1.18.11:test (sources = true)
2026.09.20 16:55:13 INFO  [INFO] Resolving artifact: org.springframework.boot:spring-boot:jar:4.1.1:compile (sources = false)
2026.09.20 16:55:13 INFO  [INFO] SUCCESS: org.springframework.boot:spring-boot:jar:4.1.1:compile (sources = false)
2026.09.20 16:55:13 INFO  [INFO] Resolving artifact: org.springframework.boot:spring-boot:jar:4.1.1:compile (sources = true)
2026.09.20 16:55:13 INFO  [INFO] SUCCESS: org.springframework.boot:spring-boot:jar:4.1.1:compile (sources = true)
2026.09.20 16:55:13 INFO  [INFO] Resolving artifact: ch.qos.logback:logback-classic:jar:1.5.38:compile (sources = false)
2026.09.20 16:55:13 INFO  [INFO] SUCCESS: ch.qos.logback:logback-classic:jar:1.5.38:compile (sources = false)
2026.09.20 16:55:13 INFO  [INFO] Resolving artifact: ch.qos.logback:logback-classic:jar:1.5.38:compile (sources = true)
2026.09.20 16:55:13 INFO  [INFO] SUCCESS: ch.qos.logback:logback-classic:jar:1.5.38:compile (sources = true)
2026.09.20 16:55:13 INFO  [INFO] Resolving artifact: org.springframework:spring-aop:jar:7.0.9:compile (sources = false)
2026.09.20 16:55:13 INFO  [INFO] SUCCESS: org.springframework:spring-aop:jar:7.0.9:compile (sources = false)
2026.09.20 16:55:13 INFO  [INFO] Resolving artifact: org.springframework:spring-aop:jar:7.0.9:compile (sources = true)
2026.09.20 16:55:13 INFO  [INFO] SUCCESS: org.springframework:spring-aop:jar:7.0.9:compile (sources = true)
2026.09.20 16:55:13 INFO  [INFO] Resolving artifact: io.micrometer:micrometer-commons:jar:1.17.1:compile (sources = false)
2026.09.20 16:55:13 INFO  [INFO] SUCCESS: io.micrometer:micrometer-commons:jar:1.17.1:compile (sources = false)
2026.09.20 16:55:13 INFO  [INFO] Resolving artifact: io.micrometer:micrometer-commons:jar:1.17.1:compile (sources = true)
2026.09.20 16:55:13 INFO  [INFO] SUCCESS: io.micrometer:micrometer-commons:jar:1.17.1:compile (sources = true)
2026.09.20 16:55:13 INFO  [INFO] Resolving artifact: org.assertj:assertj-core:jar:3.27.7:test (sources = false)
2026.09.20 16:55:13 INFO  [INFO] SUCCESS: org.assertj:assertj-core:jar:3.27.7:test (sources = false)
2026.09.20 16:55:13 INFO  [INFO] Resolving artifact: org.assertj:assertj-core:jar:3.27.7:test (sources = true)
2026.09.20 16:55:13 INFO  [INFO] SUCCESS: org.assertj:assertj-core:jar:3.27.7:test (sources = true)
2026.09.20 16:55:13 INFO  [INFO] Resolving artifact: org.ow2.asm:asm:jar:9.7.1:test (sources = false)
2026.09.20 16:55:13 INFO  [INFO] SUCCESS: org.ow2.asm:asm:jar:9.7.1:test (sources = false)
2026.09.20 16:55:13 INFO  [INFO] Resolving artifact: org.ow2.asm:asm:jar:9.7.1:test (sources = true)
2026.09.20 16:55:13 INFO  [INFO] SUCCESS: org.ow2.asm:asm:jar:9.7.1:test (sources = true)
2026.09.20 16:55:13 INFO  [INFO] Resolving artifact: org.springframework.boot:spring-boot-autoconfigure:jar:4.1.1:compile (sources = false)
2026.09.20 16:55:13 INFO  [INFO] SUCCESS: org.springframework.boot:spring-boot-autoconfigure:jar:4.1.1:compile (sources = false)
2026.09.20 16:55:13 INFO  [INFO] Resolving artifact: org.springframework.boot:spring-boot-autoconfigure:jar:4.1.1:compile (sources = true)
2026.09.20 16:55:13 INFO  [INFO] SUCCESS: org.springframework.boot:spring-boot-autoconfigure:jar:4.1.1:compile (sources = true)
2026.09.20 16:55:13 INFO  [INFO] Resolving artifact: commons-logging:commons-logging:jar:1.3.6:compile (sources = false)
2026.09.20 16:55:13 INFO  [INFO] SUCCESS: commons-logging:commons-logging:jar:1.3.6:compile (sources = false)
2026.09.20 16:55:13 INFO  [INFO] Resolving artifact: commons-logging:commons-logging:jar:1.3.6:compile (sources = true)
2026.09.20 16:55:13 INFO  [INFO] SUCCESS: commons-logging:commons-logging:jar:1.3.6:compile (sources = true)
2026.09.20 16:55:13 INFO  [INFO] Resolving artifact: org.opentest4j:opentest4j:jar:1.3.0:test (sources = false)
2026.09.20 16:55:13 INFO  [INFO] SUCCESS: org.opentest4j:opentest4j:jar:1.3.0:test (sources = false)
2026.09.20 16:55:13 INFO  [INFO] Resolving artifact: org.opentest4j:opentest4j:jar:1.3.0:test (sources = true)
2026.09.20 16:55:13 INFO  [INFO] SUCCESS: org.opentest4j:opentest4j:jar:1.3.0:test (sources = true)
2026.09.20 16:55:13 INFO  [INFO] Resolving artifact: org.springframework:spring-context:jar:7.0.9:compile (sources = false)
2026.09.20 16:55:13 INFO  [INFO] SUCCESS: org.springframework:spring-context:jar:7.0.9:compile (sources = false)
2026.09.20 16:55:13 INFO  [INFO] Resolving artifact: org.springframework:spring-context:jar:7.0.9:compile (sources = true)
2026.09.20 16:55:13 INFO  [INFO] SUCCESS: org.springframework:spring-context:jar:7.0.9:compile (sources = true)
2026.09.20 16:55:13 INFO  [INFO] Resolving artifact: org.junit.jupiter:junit-jupiter-api:jar:6.0.3:test (sources = false)
2026.09.20 16:55:13 INFO  [INFO] SUCCESS: org.junit.jupiter:junit-jupiter-api:jar:6.0.3:test (sources = false)
2026.09.20 16:55:13 INFO  [INFO] Resolving artifact: org.junit.jupiter:junit-jupiter-api:jar:6.0.3:test (sources = true)
2026.09.20 16:55:13 INFO  [INFO] SUCCESS: org.junit.jupiter:junit-jupiter-api:jar:6.0.3:test (sources = true)
2026.09.20 16:55:13 INFO  [INFO] Resolving artifact: ch.qos.logback:logback-core:jar:1.5.38:compile (sources = false)
2026.09.20 16:55:13 INFO  [INFO] SUCCESS: ch.qos.logback:logback-core:jar:1.5.38:compile (sources = false)
2026.09.20 16:55:13 INFO  [INFO] Resolving artifact: ch.qos.logback:logback-core:jar:1.5.38:compile (sources = true)
2026.09.20 16:55:13 INFO  [INFO] SUCCESS: ch.qos.logback:logback-core:jar:1.5.38:compile (sources = true)
2026.09.20 16:55:13 INFO  [INFO] Resolving artifact: org.skyscreamer:jsonassert:jar:1.5.3:test (sources = false)
2026.09.20 16:55:13 INFO  [INFO] SUCCESS: org.skyscreamer:jsonassert:jar:1.5.3:test (sources = false)
2026.09.20 16:55:13 INFO  [INFO] Resolving artifact: org.skyscreamer:jsonassert:jar:1.5.3:test (sources = true)
2026.09.20 16:55:13 INFO  [INFO] SUCCESS: org.skyscreamer:jsonassert:jar:1.5.3:test (sources = true)
2026.09.20 16:55:13 INFO  [INFO] Resolving artifact: jakarta.xml.bind:jakarta.xml.bind-api:jar:4.0.5:test (sources = false)
2026.09.20 16:55:13 INFO  [INFO] SUCCESS: jakarta.xml.bind:jakarta.xml.bind-api:jar:4.0.5:test (sources = false)
2026.09.20 16:55:13 INFO  [INFO] Resolving artifact: jakarta.xml.bind:jakarta.xml.bind-api:jar:4.0.5:test (sources = true)
2026.09.20 16:55:13 INFO  [INFO] SUCCESS: jakarta.xml.bind:jakarta.xml.bind-api:jar:4.0.5:test (sources = true)
2026.09.20 16:55:13 INFO  [INFO] Resolving artifact: org.junit.jupiter:junit-jupiter:jar:6.0.3:test (sources = false)
2026.09.20 16:55:13 INFO  [INFO] SUCCESS: org.junit.jupiter:junit-jupiter:jar:6.0.3:test (sources = false)
2026.09.20 16:55:13 INFO  [INFO] Resolving artifact: org.junit.jupiter:junit-jupiter:jar:6.0.3:test (sources = true)
2026.09.20 16:55:13 INFO  [INFO] SUCCESS: org.junit.jupiter:junit-jupiter:jar:6.0.3:test (sources = true)
2026.09.20 16:55:13 INFO  [INFO] Resolving artifact: org.slf4j:jul-to-slf4j:jar:2.0.18:compile (sources = false)
2026.09.20 16:55:13 INFO  [INFO] SUCCESS: org.slf4j:jul-to-slf4j:jar:2.0.18:compile (sources = false)
2026.09.20 16:55:13 INFO  [INFO] Resolving artifact: org.slf4j:jul-to-slf4j:jar:2.0.18:compile (sources = true)
2026.09.20 16:55:13 INFO  [INFO] SUCCESS: org.slf4j:jul-to-slf4j:jar:2.0.18:compile (sources = true)
2026.09.20 16:55:13 INFO  [INFO] Resolving artifact: io.micrometer:micrometer-observation:jar:1.17.1:compile (sources = false)
2026.09.20 16:55:13 INFO  [INFO] SUCCESS: io.micrometer:micrometer-observation:jar:1.17.1:compile (sources = false)
2026.09.20 16:55:13 INFO  [INFO] Resolving artifact: io.micrometer:micrometer-observation:jar:1.17.1:compile (sources = true)
2026.09.20 16:55:13 INFO  [INFO] SUCCESS: io.micrometer:micrometer-observation:jar:1.17.1:compile (sources = true)
2026.09.20 16:55:13 INFO  [INFO] Resolving artifact: org.springframework.boot:spring-boot-starter-logging:jar:4.1.1:compile (sources = false)
2026.09.20 16:55:13 INFO  [INFO] SUCCESS: org.springframework.boot:spring-boot-starter-logging:jar:4.1.1:compile (sources = false)
2026.09.20 16:55:13 INFO  [INFO] Resolving artifact: org.springframework.boot:spring-boot-starter-logging:jar:4.1.1:compile (sources = true)
2026.09.20 16:55:13 INFO  [INFO] SUCCESS: org.springframework.boot:spring-boot-starter-logging:jar:4.1.1:compile (sources = true)
2026.09.20 16:55:13 INFO  [INFO] Resolving artifact: jakarta.annotation:jakarta.annotation-api:jar:3.0.0:compile (sources = false)
2026.09.20 16:55:13 INFO  [INFO] SUCCESS: jakarta.annotation:jakarta.annotation-api:jar:3.0.0:compile (sources = false)
2026.09.20 16:55:13 INFO  [INFO] Resolving artifact: jakarta.annotation:jakarta.annotation-api:jar:3.0.0:compile (sources = true)
2026.09.20 16:55:13 INFO  [INFO] SUCCESS: jakarta.annotation:jakarta.annotation-api:jar:3.0.0:compile (sources = true)
2026.09.20 16:55:13 INFO  [INFO] Resolving artifact: org.apache.logging.log4j:log4j-api:jar:2.25.5:compile (sources = false)
2026.09.20 16:55:13 INFO  [INFO] SUCCESS: org.apache.logging.log4j:log4j-api:jar:2.25.5:compile (sources = false)
2026.09.20 16:55:13 INFO  [INFO] Resolving artifact: org.apache.logging.log4j:log4j-api:jar:2.25.5:compile (sources = true)
2026.09.20 16:55:13 INFO  [INFO] SUCCESS: org.apache.logging.log4j:log4j-api:jar:2.25.5:compile (sources = true)
2026.09.20 16:55:13 INFO  [INFO] Resolving artifact: org.awaitility:awaitility:jar:4.3.0:test (sources = false)
2026.09.20 16:55:13 INFO  [INFO] SUCCESS: org.awaitility:awaitility:jar:4.3.0:test (sources = false)
2026.09.20 16:55:13 INFO  [INFO] Resolving artifact: org.awaitility:awaitility:jar:4.3.0:test (sources = true)
2026.09.20 16:55:13 INFO  [INFO] SUCCESS: org.awaitility:awaitility:jar:4.3.0:test (sources = true)
2026.09.20 16:55:13 INFO  [INFO] Resolving artifact: org.jspecify:jspecify:jar:1.0.1:compile (sources = false)
2026.09.20 16:55:13 INFO  [INFO] SUCCESS: org.jspecify:jspecify:jar:1.0.1:compile (sources = false)
2026.09.20 16:55:13 INFO  [INFO] Resolving artifact: org.jspecify:jspecify:jar:1.0.1:compile (sources = true)
2026.09.20 16:55:13 INFO  [INFO] SUCCESS: org.jspecify:jspecify:jar:1.0.1:compile (sources = true)
2026.09.20 16:55:13 INFO  [INFO] Resolving artifact: org.mockito:mockito-junit-jupiter:jar:5.23.0:test (sources = false)
2026.09.20 16:55:13 INFO  [INFO] SUCCESS: org.mockito:mockito-junit-jupiter:jar:5.23.0:test (sources = false)
2026.09.20 16:55:13 INFO  [INFO] Resolving artifact: org.mockito:mockito-junit-jupiter:jar:5.23.0:test (sources = true)
2026.09.20 16:55:13 INFO  [INFO] SUCCESS: org.mockito:mockito-junit-jupiter:jar:5.23.0:test (sources = true)
2026.09.20 16:55:13 INFO  [INFO] Resolving artifact: org.junit.platform:junit-platform-commons:jar:6.0.3:test (sources = false)
2026.09.20 16:55:13 INFO  [INFO] SUCCESS: org.junit.platform:junit-platform-commons:jar:6.0.3:test (sources = false)
2026.09.20 16:55:13 INFO  [INFO] Resolving artifact: org.junit.platform:junit-platform-commons:jar:6.0.3:test (sources = true)
2026.09.20 16:55:13 INFO  [INFO] SUCCESS: org.junit.platform:junit-platform-commons:jar:6.0.3:test (sources = true)
2026.09.20 16:55:13 INFO  [INFO] Resolving artifact: org.yaml:snakeyaml:jar:2.6:compile (sources = false)
2026.09.20 16:55:13 INFO  [INFO] SUCCESS: org.yaml:snakeyaml:jar:2.6:compile (sources = false)
2026.09.20 16:55:13 INFO  [INFO] Resolving artifact: org.yaml:snakeyaml:jar:2.6:compile (sources = true)
2026.09.20 16:55:13 INFO  [INFO] SUCCESS: org.yaml:snakeyaml:jar:2.6:compile (sources = true)
2026.09.20 16:55:13 INFO  [INFO] Resolving artifact: org.springframework.boot:spring-boot-test-autoconfigure:jar:4.1.1:test (sources = false)
2026.09.20 16:55:13 INFO  [INFO] SUCCESS: org.springframework.boot:spring-boot-test-autoconfigure:jar:4.1.1:test (sources = false)
2026.09.20 16:55:13 INFO  [INFO] Resolving artifact: org.springframework.boot:spring-boot-test-autoconfigure:jar:4.1.1:test (sources = true)
2026.09.20 16:55:13 INFO  [INFO] SUCCESS: org.springframework.boot:spring-boot-test-autoconfigure:jar:4.1.1:test (sources = true)
2026.09.20 16:55:13 INFO  [INFO] Resolving artifact: org.springframework:spring-core:jar:7.0.9:compile (sources = false)
2026.09.20 16:55:13 INFO  [INFO] SUCCESS: org.springframework:spring-core:jar:7.0.9:compile (sources = false)
2026.09.20 16:55:13 INFO  [INFO] Resolving artifact: org.springframework:spring-core:jar:7.0.9:compile (sources = true)
2026.09.20 16:55:13 INFO  [INFO] SUCCESS: org.springframework:spring-core:jar:7.0.9:compile (sources = true)
2026.09.20 16:55:13 INFO  [INFO] Resolving artifact: org.springframework.boot:spring-boot-starter:jar:4.1.1:compile (sources = false)
2026.09.20 16:55:13 INFO  [INFO] SUCCESS: org.springframework.boot:spring-boot-starter:jar:4.1.1:compile (sources = false)
2026.09.20 16:55:13 INFO  [INFO] Resolving artifact: org.springframework.boot:spring-boot-starter:jar:4.1.1:compile (sources = true)
2026.09.20 16:55:13 INFO  [INFO] SUCCESS: org.springframework.boot:spring-boot-starter:jar:4.1.1:compile (sources = true)
2026.09.20 16:55:13 INFO  [INFO] Resolving artifact: org.mockito:mockito-core:jar:5.23.0:test (sources = false)
2026.09.20 16:55:13 INFO  [INFO] SUCCESS: org.mockito:mockito-core:jar:5.23.0:test (sources = false)
2026.09.20 16:55:13 INFO  [INFO] Resolving artifact: org.mockito:mockito-core:jar:5.23.0:test (sources = true)
2026.09.20 16:55:13 INFO  [INFO] SUCCESS: org.mockito:mockito-core:jar:5.23.0:test (sources = true)
2026.09.20 16:55:13 INFO  [INFO] Resolving artifact: org.springframework.boot:spring-boot-starter-test:jar:4.1.1:test (sources = false)
2026.09.20 16:55:13 INFO  [INFO] SUCCESS: org.springframework.boot:spring-boot-starter-test:jar:4.1.1:test (sources = false)
2026.09.20 16:55:13 INFO  [INFO] Resolving artifact: org.springframework.boot:spring-boot-starter-test:jar:4.1.1:test (sources = true)
2026.09.20 16:55:13 INFO  [INFO] SUCCESS: org.springframework.boot:spring-boot-starter-test:jar:4.1.1:test (sources = true)
2026.09.20 16:55:13 INFO  [INFO] Resolving artifact: net.minidev:json-smart:jar:2.6.0:test (sources = false)
2026.09.20 16:55:13 INFO  [INFO] SUCCESS: net.minidev:json-smart:jar:2.6.0:test (sources = false)
2026.09.20 16:55:13 INFO  [INFO] Resolving artifact: net.minidev:json-smart:jar:2.6.0:test (sources = true)
2026.09.20 16:55:13 INFO  [INFO] SUCCESS: net.minidev:json-smart:jar:2.6.0:test (sources = true)
2026.09.20 16:55:13 INFO  [INFO] Resolving artifact: jakarta.activation:jakarta.activation-api:jar:2.1.4:test (sources = false)
2026.09.20 16:55:13 INFO  [INFO] SUCCESS: jakarta.activation:jakarta.activation-api:jar:2.1.4:test (sources = false)
2026.09.20 16:55:13 INFO  [INFO] Resolving artifact: jakarta.activation:jakarta.activation-api:jar:2.1.4:test (sources = true)
2026.09.20 16:55:13 INFO  [INFO] SUCCESS: jakarta.activation:jakarta.activation-api:jar:2.1.4:test (sources = true)
2026.09.20 16:55:13 INFO  [INFO] Resolving artifact: net.bytebuddy:byte-buddy-agent:jar:1.18.11:test (sources = false)
2026.09.20 16:55:13 INFO  [INFO] SUCCESS: net.bytebuddy:byte-buddy-agent:jar:1.18.11:test (sources = false)
2026.09.20 16:55:13 INFO  [INFO] Resolving artifact: net.bytebuddy:byte-buddy-agent:jar:1.18.11:test (sources = true)
2026.09.20 16:55:13 INFO  [INFO] SUCCESS: net.bytebuddy:byte-buddy-agent:jar:1.18.11:test (sources = true)
2026.09.20 16:55:13 INFO  [INFO] Resolving artifact: org.springframework:spring-test:jar:7.0.9:test (sources = false)
2026.09.20 16:55:13 INFO  [INFO] SUCCESS: org.springframework:spring-test:jar:7.0.9:test (sources = false)
2026.09.20 16:55:13 INFO  [INFO] Resolving artifact: org.springframework:spring-test:jar:7.0.9:test (sources = true)
2026.09.20 16:55:13 INFO  [INFO] SUCCESS: org.springframework:spring-test:jar:7.0.9:test (sources = true)
2026.09.20 16:55:13 INFO  [INFO] Resolving artifact: org.apiguardian:apiguardian-api:jar:1.1.2:test (sources = false)
2026.09.20 16:55:13 INFO  [INFO] SUCCESS: org.apiguardian:apiguardian-api:jar:1.1.2:test (sources = false)
2026.09.20 16:55:13 INFO  [INFO] Resolving artifact: org.apiguardian:apiguardian-api:jar:1.1.2:test (sources = true)
2026.09.20 16:55:13 INFO  [INFO] SUCCESS: org.apiguardian:apiguardian-api:jar:1.1.2:test (sources = true)
2026.09.20 16:55:13 INFO  [INFO] Resolving artifact: org.junit.jupiter:junit-jupiter-engine:jar:6.0.3:test (sources = false)
2026.09.20 16:55:13 INFO  [INFO] SUCCESS: org.junit.jupiter:junit-jupiter-engine:jar:6.0.3:test (sources = false)
2026.09.20 16:55:13 INFO  [INFO] Resolving artifact: org.junit.jupiter:junit-jupiter-engine:jar:6.0.3:test (sources = true)
2026.09.20 16:55:13 INFO  [INFO] SUCCESS: org.junit.jupiter:junit-jupiter-engine:jar:6.0.3:test (sources = true)
2026.09.20 16:55:13 INFO  [INFO] Resolving artifact: org.junit.platform:junit-platform-engine:jar:6.0.3:test (sources = false)
2026.09.20 16:55:13 INFO  [INFO] SUCCESS: org.junit.platform:junit-platform-engine:jar:6.0.3:test (sources = false)
2026.09.20 16:55:13 INFO  [INFO] Resolving artifact: org.junit.platform:junit-platform-engine:jar:6.0.3:test (sources = true)
2026.09.20 16:55:13 INFO  [INFO] SUCCESS: org.junit.platform:junit-platform-engine:jar:6.0.3:test (sources = true)
2026.09.20 16:55:13 INFO  [INFO] Resolving artifact: org.slf4j:slf4j-api:jar:2.0.18:compile (sources = false)
2026.09.20 16:55:13 INFO  [INFO] SUCCESS: org.slf4j:slf4j-api:jar:2.0.18:compile (sources = false)
2026.09.20 16:55:13 INFO  [INFO] Resolving artifact: org.slf4j:slf4j-api:jar:2.0.18:compile (sources = true)
2026.09.20 16:55:13 INFO  [INFO] SUCCESS: org.slf4j:slf4j-api:jar:2.0.18:compile (sources = true)
2026.09.20 16:55:13 INFO  [INFO] Resolving artifact: net.minidev:accessors-smart:jar:2.6.0:test (sources = false)
2026.09.20 16:55:13 INFO  [INFO] SUCCESS: net.minidev:accessors-smart:jar:2.6.0:test (sources = false)
2026.09.20 16:55:13 INFO  [INFO] Resolving artifact: net.minidev:accessors-smart:jar:2.6.0:test (sources = true)
2026.09.20 16:55:13 INFO  [INFO] SUCCESS: net.minidev:accessors-smart:jar:2.6.0:test (sources = true)
2026.09.20 16:55:13 INFO  [INFO] Resolving artifact: com.vaadin.external.google:android-json:jar:0.0.20131108.vaadin1:test (sources = false)
2026.09.20 16:55:13 INFO  [INFO] SUCCESS: com.vaadin.external.google:android-json:jar:0.0.20131108.vaadin1:test (sources = false)
2026.09.20 16:55:13 INFO  [INFO] Resolving artifact: com.vaadin.external.google:android-json:jar:0.0.20131108.vaadin1:test (sources = true)
2026.09.20 16:55:13 INFO  [INFO] SUCCESS: com.vaadin.external.google:android-json:jar:0.0.20131108.vaadin1:test (sources = true)
2026.09.20 16:55:13 INFO  [INFO] Resolving artifact: org.apache.logging.log4j:log4j-to-slf4j:jar:2.25.5:compile (sources = false)
2026.09.20 16:55:13 INFO  [INFO] SUCCESS: org.apache.logging.log4j:log4j-to-slf4j:jar:2.25.5:compile (sources = false)
2026.09.20 16:55:13 INFO  [INFO] Resolving artifact: org.apache.logging.log4j:log4j-to-slf4j:jar:2.25.5:compile (sources = true)
2026.09.20 16:55:13 INFO  [INFO] SUCCESS: org.apache.logging.log4j:log4j-to-slf4j:jar:2.25.5:compile (sources = true)
2026.09.20 16:55:13 INFO  [INFO] Resolving artifact: org.xmlunit:xmlunit-core:jar:2.11.0:test (sources = false)
2026.09.20 16:55:13 INFO  [INFO] SUCCESS: org.xmlunit:xmlunit-core:jar:2.11.0:test (sources = false)
2026.09.20 16:55:13 INFO  [INFO] Resolving artifact: org.xmlunit:xmlunit-core:jar:2.11.0:test (sources = true)
2026.09.20 16:55:13 INFO  [INFO] SUCCESS: org.xmlunit:xmlunit-core:jar:2.11.0:test (sources = true)
2026.09.20 16:55:13 INFO  [INFO] Generated .bloop\backend-test.json
2026.09.20 16:55:13 INFO  [INFO] Starting to write configuration for project: backend with configuration: test
2026.09.20 16:55:13 INFO  [INFO] ------------------------------------------------------------------------
2026.09.20 16:55:13 INFO  [INFO] BUILD SUCCESS
2026.09.20 16:55:13 INFO  [INFO] ------------------------------------------------------------------------
2026.09.20 16:55:13 INFO  [INFO] Total time:  36.792 s
2026.09.20 16:55:13 INFO  [INFO] Finished at: 2026-09-20T16:55:14-05:00
2026.09.20 16:55:13 INFO  [INFO] ------------------------------------------------------------------------
2026.09.20 16:55:14 INFO  time: ran 'mvn bloopInstall' in 45s
2026.09.20 16:55:14 INFO  Attempting to connect to the build server...
2026.09.20 16:55:14 INFO  Found a Bloop server running
2026.09.20 16:55:14 INFO  Tracing is disabled for protocol BSP. To enable tracing of incoming and outgoing JSON messages, create an empty file at C:\CARMOVO_PROY\CARMOVO\backend\.metals\bsp.trace.json or C:\Users\hp\AppData\Local\scalameta\metals\cache\bsp.trace.json
2026.09.20 16:55:17 INFO  time: Connected to build server in 3.12s
2026.09.20 16:55:17 INFO  Connected to Build server: Bloop v2.1.2
2026.09.20 16:55:17 INFO  time: Imported build in 0.18s
2026.09.20 16:55:19 WARN  Using H2 2.5.250 which is newer than the version Flyway has been verified with. The latest verified version of H2 is 2.3.232.
2026.09.20 16:55:25 INFO  time: indexed workspace in 8.07s
2026.09.20 16:55:26 INFO  compiling backend (7 java sources)
2026.09.20 16:55:27 WARN  Unexpected javac output: WARNING: A terminally deprecated method in sun.misc.Unsafe has been called
WARNING: sun.misc.Unsafe::arrayBaseOffset has been called by com.sourcegraph.shaded.com.google.protobuf.UnsafeUtil$MemoryAccessor (file:/C:/Users/hp/AppData/Local/Coursier/cache/v1/https/repo1.maven.org/maven2/com/sourcegraph/semanticdb-javac/0.12.3/semanticdb-javac-0.12.3.jar)
WARNING: Please consider reporting this to the maintainers of class com.sourcegraph.shaded.com.google.protobuf.UnsafeUtil$MemoryAccessor
WARNING: sun.misc.Unsafe::arrayBaseOffset will be removed in a future release.
2026.09.20 16:55:27 INFO  time: compiled backend in 1.93s
2026.09.20 16:56:53 INFO  compiling backend (1 java source)
2026.09.20 16:56:55 INFO  time: compiled backend in 1.42s
2026.09.20 16:57:05 INFO  Created report: Optional[file:///C:/CARMOVO_PROY/CARMOVO/backend/src/main/java/com/carmovo/controlador/TestControlador.java]
2026.09.20 16:57:05 INFO  empty definition using pc, found symbol in pc:  (full report at: "C:\CARMOVO_PROY\CARMOVO\backend\.metals\.reports\metals-full\2026-09-20\r_empty-definition_(backend)_16-57-05-440.md")
2026.09.20 16:57:16 INFO  compiling backend (1 java source)
2026.09.20 16:57:17 WARN  javac exited with exit code 1
2026.09.20 16:57:17 INFO  time: compiled backend in 1.12s
2026.09.20 16:58:38 INFO  running 'C:\Program Files\Java\jdk-25\bin\java.exe -Dfile.encoding=UTF-8 -Dmaven.multiModuleProjectDirectory=C:\CARMOVO_PROY\CARMOVO\backend -Dmaven.home=C:\Users\hp\AppData\Local\Temp\metals13333320198768120425 -cp C:\Users\hp\AppData\Local\Temp\metals13333320198768120425\maven-wrapper.jar org.apache.maven.wrapper.MavenWrapperMain generate-sources ch.epfl.scala:bloop-maven-plugin:2.0.5:bloopInstall -DdownloadSources=true'
2026.09.20 16:58:38 ERROR WARNING: A restricted method in java.lang.System has been called
2026.09.20 16:58:38 ERROR WARNING: java.lang.System::load has been called by org.fusesource.jansi.internal.JansiLoader in an unnamed module (file:/C:/Users/hp/.m2/wrapper/dists/apache-maven-3.9.9-bin/33b4b2b4/apache-maven-3.9.9/lib/jansi-2.4.1.jar)
2026.09.20 16:58:38 ERROR WARNING: Use --enable-native-access=ALL-UNNAMED to avoid a warning for callers in this module
2026.09.20 16:58:38 ERROR WARNING: Restricted methods will be blocked in a future release unless native access is enabled
2026.09.20 16:58:38 ERROR 
2026.09.20 16:58:38 ERROR WARNING: A terminally deprecated method in sun.misc.Unsafe has been called
2026.09.20 16:58:38 ERROR WARNING: sun.misc.Unsafe::objectFieldOffset has been called by com.google.common.util.concurrent.AbstractFuture$UnsafeAtomicHelper (file:/C:/Users/hp/.m2/wrapper/dists/apache-maven-3.9.9-bin/33b4b2b4/apache-maven-3.9.9/lib/guava-33.2.1-jre.jar)
2026.09.20 16:58:38 ERROR WARNING: Please consider reporting this to the maintainers of class com.google.common.util.concurrent.AbstractFuture$UnsafeAtomicHelper
2026.09.20 16:58:38 ERROR WARNING: sun.misc.Unsafe::objectFieldOffset will be removed in a future release
set. 20, 2026 4:58:39 P. M. org.eclipse.lsp4j.jsonrpc.services.GenericEndpoint notify
INFO: Unsupported notification method: $/setTrace
2026.09.20 16:58:40 INFO  [INFO] Scanning for projects...
2026.09.20 16:58:40 INFO  [ERROR] [ERROR] Some problems were encountered while processing the POMs:
2026.09.20 16:58:40 INFO  [ERROR] Malformed POM C:\CARMOVO_PROY\CARMOVO\backend\pom.xml: Unrecognised tag: 'dependency' (position: START_TAG seen ...</dependencies>\n\t<dependency>... @44:14)  @ C:\CARMOVO_PROY\CARMOVO\backend\pom.xml, line 44, column 14
2026.09.20 16:58:40 INFO   @ 
2026.09.20 16:58:40 INFO  [ERROR] The build could not read 1 project -> [Help 1]
2026.09.20 16:58:40 INFO  [ERROR]   
2026.09.20 16:58:40 INFO  [ERROR]   The project com.carmovo:backend:0.0.1-SNAPSHOT (C:\CARMOVO_PROY\CARMOVO\backend\pom.xml) has 1 error
2026.09.20 16:58:40 INFO  [ERROR]     Malformed POM C:\CARMOVO_PROY\CARMOVO\backend\pom.xml: Unrecognised tag: 'dependency' (position: START_TAG seen ...</dependencies>\n\t<dependency>... @44:14)  @ C:\CARMOVO_PROY\CARMOVO\backend\pom.xml, line 44, column 14 -> [Help 2]
2026.09.20 16:58:40 INFO  [ERROR] 
2026.09.20 16:58:40 INFO  [ERROR] To see the full stack trace of the errors, re-run Maven with the -e switch.
2026.09.20 16:58:40 INFO  [ERROR] Re-run Maven using the -X switch to enable full debug logging.
2026.09.20 16:58:40 INFO  [ERROR] 
2026.09.20 16:58:40 INFO  [ERROR] For more information about the errors and possible solutions, please read the following articles:
2026.09.20 16:58:40 INFO  [ERROR] [Help 1] http://cwiki.apache.org/confluence/display/MAVEN/ProjectBuildingException
2026.09.20 16:58:40 INFO  [ERROR] [Help 2] http://cwiki.apache.org/confluence/display/MAVEN/ModelParseException
2026.09.20 16:58:40 INFO  time: ran 'mvn bloopInstall' in 2.31s
2026.09.20 16:58:40 ERROR Maven command failed: C:\Program Files\Java\jdk-25\bin\java.exe -Dfile.encoding=UTF-8 -Dmaven.multiModuleProjectDirectory=C:\CARMOVO_PROY\CARMOVO\backend -Dmaven.home=C:\Users\hp\AppData\Local\Temp\metals13333320198768120425 -cp C:\Users\hp\AppData\Local\Temp\metals13333320198768120425\maven-wrapper.jar org.apache.maven.wrapper.MavenWrapperMain generate-sources ch.epfl.scala:bloop-maven-plugin:2.0.5:bloopInstall -DdownloadSources=true
2026.09.20 16:58:40 INFO  Disconnecting from Bloop session...
2026.09.20 16:58:40 INFO  Shut down connection with build server.
2026.09.20 16:58:40 INFO  Attempting to connect to the build server...
2026.09.20 16:58:40 INFO  Found a Bloop server running
2026.09.20 16:58:40 INFO  Tracing is disabled for protocol BSP. To enable tracing of incoming and outgoing JSON messages, create an empty file at C:\CARMOVO_PROY\CARMOVO\backend\.metals\bsp.trace.json or C:\Users\hp\AppData\Local\scalameta\metals\cache\bsp.trace.json
2026.09.20 16:58:40 INFO  time: Connected to build server in 0.13s
2026.09.20 16:58:40 INFO  Connected to Build server: Bloop v2.1.2
2026.09.20 16:58:40 INFO  Created report: Optional.empty
2026.09.20 16:58:40 INFO  Empty build targets. Expected at least one build target identifier. (full report at: "C:\CARMOVO_PROY\CARMOVO\backend\.metals\.reports\bloop\2026-09-20\r_Empty build targets...._16-58-40-993.md")
2026.09.20 16:58:40 INFO  Empty build targets. Expected at least one build target identifier. (full report at: "C:\CARMOVO_PROY\CARMOVO\backend\.metals\.reports\bloop\2026-09-20\r_Empty build targets...._16-58-40-993.md")
2026.09.20 16:58:40 INFO  Empty build targets. Expected at least one build target identifier. (full report at: "C:\CARMOVO_PROY\CARMOVO\backend\.metals\.reports\bloop\2026-09-20\r_Empty build targets...._16-58-40-993.md")
2026.09.20 16:58:40 INFO  Empty build targets. Expected at least one build target identifier. (full report at: "C:\CARMOVO_PROY\CARMOVO\backend\.metals\.reports\bloop\2026-09-20\r_Empty build targets...._16-58-40-993.md")
2026.09.20 16:58:40 INFO  Empty build targets. Expected at least one build target identifier. (full report at: "C:\CARMOVO_PROY\CARMOVO\backend\.metals\.reports\bloop\2026-09-20\r_Empty build targets...._16-58-40-993.md")
2026.09.20 16:58:42 INFO  time: indexed workspace in 1.43s
2026.09.20 16:58:42 WARN  no build target for: C:\CARMOVO_PROY\CARMOVO\backend\src\main\java\com\carmovo\controlador\TestControlador.java
2026.09.20 16:58:56 INFO  no build target found for C:\CARMOVO_PROY\CARMOVO\backend\src\main\java\com\carmovo\controlador\TestControlador.java. Using fallback presentation compiler.
2026.09.20 16:58:56 WARN  no build target for: C:\CARMOVO_PROY\CARMOVO\backend\src\main\java\com\carmovo\controlador\TestControlador.java
2026.09.20 16:58:56 INFO  no build target found for C:\CARMOVO_PROY\CARMOVO\backend\src\main\java\com\carmovo\controlador\TestControlador.java. Using fallback presentation compiler.
2026.09.20 16:58:56 INFO  no build target found for C:\CARMOVO_PROY\CARMOVO\backend\src\main\java\com\carmovo\controlador\TestControlador.java. Using fallback presentation compiler.
2026.09.20 16:58:56 INFO  no build target found for C:\CARMOVO_PROY\CARMOVO\backend\src\main\java\com\carmovo\controlador\TestControlador.java. Using fallback presentation compiler.
2026.09.20 16:58:58 INFO  no build target found for C:\CARMOVO_PROY\CARMOVO\backend\src\main\java\com\carmovo\controlador\TestControlador.java. Using fallback presentation compiler.
2026.09.20 16:58:59 WARN  no build target for: C:\CARMOVO_PROY\CARMOVO\backend\src\main\java\com\carmovo\controlador\TestControlador.java
2026.09.20 16:59:00 INFO  no build target found for C:\CARMOVO_PROY\CARMOVO\backend\src\main\java\com\carmovo\controlador\TestControlador.java. Using fallback presentation compiler.
2026.09.20 17:00:04 INFO  no build target found for C:\CARMOVO_PROY\CARMOVO\backend\src\main\java\com\carmovo\controlador\TestControlador.java. Using fallback presentation compiler.
2026.09.20 17:00:04 WARN  no build target for: C:\CARMOVO_PROY\CARMOVO\backend\src\main\java\com\carmovo\controlador\TestControlador.java
2026.09.20 17:00:04 INFO  no build target found for C:\CARMOVO_PROY\CARMOVO\backend\src\main\java\com\carmovo\controlador\TestControlador.java. Using fallback presentation compiler.
2026.09.20 17:00:04 INFO  no build target found for C:\CARMOVO_PROY\CARMOVO\backend\src\main\java\com\carmovo\controlador\TestControlador.java. Using fallback presentation compiler.
2026.09.20 17:00:06 INFO  no build target found for C:\CARMOVO_PROY\CARMOVO\backend\src\main\java\com\carmovo\controlador\TestControlador.java. Using fallback presentation compiler.
2026.09.20 17:00:15 INFO  no build target found for C:\CARMOVO_PROY\CARMOVO\backend\src\main\java\com\carmovo\controlador\TestControlador.java. Using fallback presentation compiler.
2026.09.20 17:00:31 INFO  Shutting down server
2026.09.20 17:00:31 INFO  Memory monitor stopped
2026.09.20 17:00:31 INFO  shutting down Metals
2026.09.20 17:00:32 INFO  Shut down connection with build server.
2026.09.20 17:00:31 INFO  Exiting server
2026.09.20 17:00:45 INFO  Started: Metals version 1.6.9 in folders 'C:\CARMOVO_PROY\CARMOVO\backend' for client Visual Studio Code 1.137.0.
2026.09.20 17:00:45 INFO  Memory monitor started
2026.09.20 17:00:47 WARN  Using H2 2.5.250 which is newer than the version Flyway has been verified with. The latest verified version of H2 is 2.3.232.
2026.09.20 17:00:47 INFO  Attempting to connect to the build server...
2026.09.20 17:00:47 INFO  Found a Bloop server running
2026.09.20 17:00:48 INFO  Tracing is disabled for protocol BSP. To enable tracing of incoming and outgoing JSON messages, create an empty file at C:\CARMOVO_PROY\CARMOVO\backend\.metals\bsp.trace.json or C:\Users\hp\AppData\Local\scalameta\metals\cache\bsp.trace.json
2026.09.20 17:00:48 INFO  time: Connected to build server in 0.55s
2026.09.20 17:00:48 INFO  Connected to Build server: Bloop v2.1.2
2026.09.20 17:00:47 INFO  Empty build targets. Expected at least one build target identifier. (full report at: "C:\CARMOVO_PROY\CARMOVO\backend\.metals\.reports\bloop\2026-09-20\r_Empty build targets...._16-58-40-993.md")
2026.09.20 17:00:47 INFO  Empty build targets. Expected at least one build target identifier. (full report at: "C:\CARMOVO_PROY\CARMOVO\backend\.metals\.reports\bloop\2026-09-20\r_Empty build targets...._16-58-40-993.md")
2026.09.20 17:00:47 INFO  Empty build targets. Expected at least one build target identifier. (full report at: "C:\CARMOVO_PROY\CARMOVO\backend\.metals\.reports\bloop\2026-09-20\r_Empty build targets...._16-58-40-993.md")
2026.09.20 17:00:47 INFO  Empty build targets. Expected at least one build target identifier. (full report at: "C:\CARMOVO_PROY\CARMOVO\backend\.metals\.reports\bloop\2026-09-20\r_Empty build targets...._16-58-40-993.md")
2026.09.20 17:00:47 INFO  Empty build targets. Expected at least one build target identifier. (full report at: "C:\CARMOVO_PROY\CARMOVO\backend\.metals\.reports\bloop\2026-09-20\r_Empty build targets...._16-58-40-993.md")
2026.09.20 17:00:48 INFO  time: Imported build in 0.2s
2026.09.20 17:00:51 WARN  Using H2 2.5.250 which is newer than the version Flyway has been verified with. The latest verified version of H2 is 2.3.232.
2026.09.20 17:00:51 INFO  time: indexed workspace in 4.14s
2026.09.20 17:00:52 WARN  no build target for: C:\CARMOVO_PROY\CARMOVO\backend\src\main\java\com\carmovo\controlador\TestControlador.java
2026.09.20 17:00:52 WARN  no build target for: C:\CARMOVO_PROY\CARMOVO\backend\src\main\java\com\carmovo\controlador\TestControlador.java
2026.09.20 17:00:59 INFO  skipping build import with status 'Installed'
2026.09.20 17:01:21 INFO  no build target found for C:\CARMOVO_PROY\CARMOVO\backend\src\main\java\com\carmovo\controlador\TestControlador.java. Using fallback presentation compiler.
2026.09.20 17:01:22 WARN  no build target for: C:\CARMOVO_PROY\CARMOVO\backend\src\main\java\com\carmovo\controlador\TestControlador.java
set. 20, 2026 5:01:22 P. M. org.eclipse.lsp4j.jsonrpc.RemoteEndpoint handleCancellation
WARNING: Unmatched cancel notification for request id 2
2026.09.20 17:01:22 INFO  no build target found for C:\CARMOVO_PROY\CARMOVO\backend\src\main\java\com\carmovo\controlador\TestControlador.java. Using fallback presentation compiler.
2026.09.20 17:01:22 INFO  no build target found for C:\CARMOVO_PROY\CARMOVO\backend\src\main\java\com\carmovo\controlador\TestControlador.java. Using fallback presentation compiler.
set. 20, 2026 5:01:22 P. M. org.eclipse.lsp4j.jsonrpc.RemoteEndpoint handleCancellation
WARNING: Unmatched cancel notification for request id 6
2026.09.20 17:01:22 INFO  no build target found for C:\CARMOVO_PROY\CARMOVO\backend\src\main\java\com\carmovo\controlador\TestControlador.java. Using fallback presentation compiler.
2026.09.20 17:01:22 INFO  no build target found for C:\CARMOVO_PROY\CARMOVO\backend\src\main\java\com\carmovo\controlador\TestControlador.java. Using fallback presentation compiler.
2026.09.20 17:01:23 INFO  no build target found for C:\CARMOVO_PROY\CARMOVO\backend\src\main\java\com\carmovo\controlador\TestControlador.java. Using fallback presentation compiler.
2026.09.20 17:01:24 INFO  no build target found for C:\CARMOVO_PROY\CARMOVO\backend\src\main\java\com\carmovo\controlador\TestControlador.java. Using fallback presentation compiler.
2026.09.20 17:01:24 INFO  no build target found for C:\CARMOVO_PROY\CARMOVO\backend\src\main\java\com\carmovo\controlador\TestControlador.java. Using fallback presentation compiler.
2026.09.20 17:01:24 INFO  no build target found for C:\CARMOVO_PROY\CARMOVO\backend\src\main\java\com\carmovo\controlador\TestControlador.java. Using fallback presentation compiler.
2026.09.20 17:01:24 INFO  no build target found for C:\CARMOVO_PROY\CARMOVO\backend\src\main\java\com\carmovo\controlador\TestControlador.java. Using fallback presentation compiler.
2026.09.20 17:01:25 INFO  no build target found for C:\CARMOVO_PROY\CARMOVO\backend\src\main\java\com\carmovo\controlador\TestControlador.java. Using fallback presentation compiler.
2026.09.20 17:01:25 INFO  no build target found for C:\CARMOVO_PROY\CARMOVO\backend\src\main\java\com\carmovo\controlador\TestControlador.java. Using fallback presentation compiler.
2026.09.20 17:01:25 INFO  no build target found for C:\CARMOVO_PROY\CARMOVO\backend\src\main\java\com\carmovo\controlador\TestControlador.java. Using fallback presentation compiler.
2026.09.20 17:01:25 INFO  no build target found for C:\CARMOVO_PROY\CARMOVO\backend\src\main\java\com\carmovo\controlador\TestControlador.java. Using fallback presentation compiler.
2026.09.20 17:01:27 INFO  no build target found for C:\CARMOVO_PROY\CARMOVO\backend\src\main\java\com\carmovo\controlador\TestControlador.java. Using fallback presentation compiler.
2026.09.20 17:01:27 INFO  no build target found for C:\CARMOVO_PROY\CARMOVO\backend\src\main\java\com\carmovo\controlador\TestControlador.java. Using fallback presentation compiler.
2026.09.20 17:01:27 INFO  no build target found for C:\CARMOVO_PROY\CARMOVO\backend\src\main\java\com\carmovo\controlador\TestControlador.java. Using fallback presentation compiler.
2026.09.20 17:01:27 INFO  no build target found for C:\CARMOVO_PROY\CARMOVO\backend\src\main\java\com\carmovo\controlador\TestControlador.java. Using fallback presentation compiler.
2026.09.20 17:01:28 INFO  no build target found for C:\CARMOVO_PROY\CARMOVO\backend\src\main\java\com\carmovo\controlador\TestControlador.java. Using fallback presentation compiler.
2026.09.20 17:01:28 WARN  no build target for: C:\CARMOVO_PROY\CARMOVO\backend\src\main\java\com\carmovo\controlador\TestControlador.java
2026.09.20 17:01:30 WARN  no build target for: C:\CARMOVO_PROY\CARMOVO\backend\src\main\java\com\carmovo\controlador\TestControlador.java
set. 20, 2026 5:01:30 P. M. org.eclipse.lsp4j.jsonrpc.services.GenericEndpoint notify
INFO: Unsupported notification method: $/setTrace
2026.09.20 17:01:31 INFO  no build target found for C:\CARMOVO_PROY\CARMOVO\backend\src\main\java\com\carmovo\controlador\TestControlador.java. Using fallback presentation compiler.
set. 20, 2026 5:01:32 P. M. org.eclipse.lsp4j.jsonrpc.services.GenericEndpoint notify
INFO: Unsupported notification method: $/setTrace
2026.09.20 17:01:32 INFO  no build target found for C:\CARMOVO_PROY\CARMOVO\backend\src\main\java\com\carmovo\controlador\TestControlador.java. Using fallback presentation compiler.
2026.09.20 17:03:09 INFO  skipping build import with status 'Installed'
2026.09.20 17:03:13 INFO  skipping build import with status 'Installed'
2026.09.20 17:03:37 INFO  no build target found for C:\CARMOVO_PROY\CARMOVO\backend\src\main\java\com\carmovo\controlador\TestControlador.java. Using fallback presentation compiler.
2026.09.20 17:03:37 WARN  no build target for: C:\CARMOVO_PROY\CARMOVO\backend\src\main\java\com\carmovo\controlador\TestControlador.java
2026.09.20 17:03:37 INFO  no build target found for C:\CARMOVO_PROY\CARMOVO\backend\src\main\java\com\carmovo\controlador\TestControlador.java. Using fallback presentation compiler.
2026.09.20 17:03:37 INFO  no build target found for C:\CARMOVO_PROY\CARMOVO\backend\src\main\java\com\carmovo\controlador\TestControlador.java. Using fallback presentation compiler.
2026.09.20 17:03:37 INFO  no build target found for C:\CARMOVO_PROY\CARMOVO\backend\src\main\java\com\carmovo\controlador\TestControlador.java. Using fallback presentation compiler.
2026.09.20 17:05:14 WARN  no build target for: C:\CARMOVO_PROY\CARMOVO\backend\src\main\java\com\carmovo\BackendApplication.java
2026.09.20 17:05:46 WARN  no build target for: C:\CARMOVO_PROY\CARMOVO\backend\src\main\java\com\carmovo\BackendApplication.java
2026.09.20 17:06:27 INFO  no build target found for C:\CARMOVO_PROY\CARMOVO\backend\src\main\java\com\carmovo\BackendApplication.java. Using fallback presentation compiler.
2026.09.20 17:06:27 INFO  no build target found for C:\CARMOVO_PROY\CARMOVO\backend\src\main\java\com\carmovo\BackendApplication.java. Using fallback presentation compiler.
2026.09.20 17:08:44 INFO  no build target found for C:\CARMOVO_PROY\CARMOVO\backend\src\main\java\com\carmovo\controlador\TestControlador.java. Using fallback presentation compiler.
2026.09.20 17:08:44 WARN  no build target for: C:\CARMOVO_PROY\CARMOVO\backend\src\main\java\com\carmovo\controlador\TestControlador.java
2026.09.20 17:08:44 INFO  no build target found for C:\CARMOVO_PROY\CARMOVO\backend\src\main\java\com\carmovo\controlador\TestControlador.java. Using fallback presentation compiler.
2026.09.20 17:08:44 INFO  no build target found for C:\CARMOVO_PROY\CARMOVO\backend\src\main\java\com\carmovo\controlador\TestControlador.java. Using fallback presentation compiler.
2026.09.20 17:08:44 INFO  no build target found for C:\CARMOVO_PROY\CARMOVO\backend\src\main\java\com\carmovo\controlador\TestControlador.java. Using fallback presentation compiler.
2026.09.20 17:12:43 INFO  no build target found for C:\CARMOVO_PROY\CARMOVO\backend\src\main\java\com\carmovo\BackendApplication.java. Using fallback presentation compiler.
2026.09.20 17:12:43 WARN  no build target for: C:\CARMOVO_PROY\CARMOVO\backend\src\main\java\com\carmovo\modulos\vehiculos\Vehiculo.java
2026.09.20 17:12:43 WARN  Running javac-semanticdb failed for file:///C:/CARMOVO_PROY/CARMOVO/backend/src/main/java/com/carmovo/modulos/vehiculos/Vehiculo.java. Output:

2026.09.20 17:12:45 INFO  no build target found for C:\CARMOVO_PROY\CARMOVO\backend\src\main\java\com\carmovo\modulos\vehiculos\Vehiculo.java. Using fallback presentation compiler.
2026.09.20 17:12:45 INFO  no build target found for C:\CARMOVO_PROY\CARMOVO\backend\src\main\java\com\carmovo\modulos\vehiculos\Vehiculo.java. Using fallback presentation compiler.
2026.09.20 17:12:45 WARN  Running javac-semanticdb failed for file:///C:/CARMOVO_PROY/CARMOVO/backend/src/main/java/com/carmovo/modulos/vehiculos/Vehiculo.java. Output:

2026.09.20 17:12:46 INFO  no build target found for C:\CARMOVO_PROY\CARMOVO\backend\src\main\java\com\carmovo\modulos\vehiculos\Vehiculo.java. Using fallback presentation compiler.
2026.09.20 17:12:45 INFO  no build target found for C:\CARMOVO_PROY\CARMOVO\backend\src\main\java\com\carmovo\modulos\vehiculos\Vehiculo.java. Using fallback presentation compiler.
2026.09.20 17:12:48 INFO  no build target found for C:\CARMOVO_PROY\CARMOVO\backend\src\main\java\com\carmovo\modulos\vehiculos\Vehiculo.java. Using fallback presentation compiler.
set. 20, 2026 5:12:48 P. M. org.eclipse.lsp4j.jsonrpc.RemoteEndpoint handleCancellation
WARNING: Unmatched cancel notification for request id 116
set. 20, 2026 5:12:48 P. M. org.eclipse.lsp4j.jsonrpc.RemoteEndpoint handleCancellation
WARNING: Unmatched cancel notification for request id 115
2026.09.20 17:12:48 INFO  no build target found for C:\CARMOVO_PROY\CARMOVO\backend\src\main\java\com\carmovo\modulos\vehiculos\Vehiculo.java. Using fallback presentation compiler.
2026.09.20 17:12:48 WARN  no build target for: C:\CARMOVO_PROY\CARMOVO\backend\src\main\java\com\carmovo\modulos\vehiculos\Vehiculo.java
set. 20, 2026 5:12:48 P. M. org.eclipse.lsp4j.jsonrpc.RemoteEndpoint handleCancellation
WARNING: Unmatched cancel notification for request id 118
2026.09.20 17:12:48 INFO  no build target found for C:\CARMOVO_PROY\CARMOVO\backend\src\main\java\com\carmovo\modulos\vehiculos\Vehiculo.java. Using fallback presentation compiler.
2026.09.20 17:12:48 INFO  no build target found for C:\CARMOVO_PROY\CARMOVO\backend\src\main\java\com\carmovo\modulos\vehiculos\Vehiculo.java. Using fallback presentation compiler.
2026.09.20 17:12:51 INFO  no build target found for C:\CARMOVO_PROY\CARMOVO\backend\src\main\java\com\carmovo\modulos\vehiculos\Vehiculo.java. Using fallback presentation compiler.
2026.09.20 17:12:51 INFO  no build target found for C:\CARMOVO_PROY\CARMOVO\backend\src\main\java\com\carmovo\modulos\vehiculos\Vehiculo.java. Using fallback presentation compiler.
2026.09.20 17:12:51 INFO  no build target found for C:\CARMOVO_PROY\CARMOVO\backend\src\main\java\com\carmovo\modulos\vehiculos\Vehiculo.java. Using fallback presentation compiler.
2026.09.20 17:12:51 INFO  no build target found for C:\CARMOVO_PROY\CARMOVO\backend\src\main\java\com\carmovo\modulos\vehiculos\Vehiculo.java. Using fallback presentation compiler.
2026.09.20 17:13:06 INFO  no build target found for C:\CARMOVO_PROY\CARMOVO\backend\src\main\java\com\carmovo\modulos\vehiculos\Vehiculo.java. Using fallback presentation compiler.
2026.09.20 17:13:06 INFO  no build target found for C:\CARMOVO_PROY\CARMOVO\backend\src\main\java\com\carmovo\modulos\vehiculos\Vehiculo.java. Using fallback presentation compiler.
2026.09.20 17:13:07 INFO  no build target found for C:\CARMOVO_PROY\CARMOVO\backend\src\main\java\com\carmovo\modulos\vehiculos\Vehiculo.java. Using fallback presentation compiler.
2026.09.20 17:13:07 INFO  no build target found for C:\CARMOVO_PROY\CARMOVO\backend\src\main\java\com\carmovo\modulos\vehiculos\Vehiculo.java. Using fallback presentation compiler.
2026.09.20 17:13:07 INFO  no build target found for C:\CARMOVO_PROY\CARMOVO\backend\src\main\java\com\carmovo\modulos\vehiculos\Vehiculo.java. Using fallback presentation compiler.
2026.09.20 17:13:07 INFO  no build target found for C:\CARMOVO_PROY\CARMOVO\backend\src\main\java\com\carmovo\modulos\vehiculos\Vehiculo.java. Using fallback presentation compiler.
2026.09.20 17:13:07 INFO  no build target found for C:\CARMOVO_PROY\CARMOVO\backend\src\main\java\com\carmovo\modulos\vehiculos\Vehiculo.java. Using fallback presentation compiler.
2026.09.20 17:13:07 INFO  no build target found for C:\CARMOVO_PROY\CARMOVO\backend\src\main\java\com\carmovo\modulos\vehiculos\Vehiculo.java. Using fallback presentation compiler.
2026.09.20 17:13:08 INFO  no build target found for C:\CARMOVO_PROY\CARMOVO\backend\src\main\java\com\carmovo\modulos\vehiculos\Vehiculo.java. Using fallback presentation compiler.
2026.09.20 17:13:07 INFO  no build target found for C:\CARMOVO_PROY\CARMOVO\backend\src\main\java\com\carmovo\modulos\vehiculos\Vehiculo.java. Using fallback presentation compiler.
2026.09.20 17:13:09 INFO  no build target found for C:\CARMOVO_PROY\CARMOVO\backend\src\main\java\com\carmovo\modulos\vehiculos\Vehiculo.java. Using fallback presentation compiler.
2026.09.20 17:13:09 WARN  no build target for: C:\CARMOVO_PROY\CARMOVO\backend\src\main\java\com\carmovo\modulos\vehiculos\Vehiculo.java
2026.09.20 17:13:09 INFO  no build target found for C:\CARMOVO_PROY\CARMOVO\backend\src\main\java\com\carmovo\modulos\vehiculos\Vehiculo.java. Using fallback presentation compiler.
2026.09.20 17:13:22 INFO  no build target found for C:\CARMOVO_PROY\CARMOVO\backend\src\main\java\com\carmovo\modulos\vehiculos\Vehiculo.java. Using fallback presentation compiler.
set. 20, 2026 5:13:22 P. M. org.eclipse.lsp4j.jsonrpc.RemoteEndpoint handleCancellation
WARNING: Unmatched cancel notification for request id 149
2026.09.20 17:13:25 INFO  no build target found for C:\CARMOVO_PROY\CARMOVO\backend\src\main\java\com\carmovo\modulos\vehiculos\Vehiculo.java. Using fallback presentation compiler.
2026.09.20 17:13:25 INFO  no build target found for C:\CARMOVO_PROY\CARMOVO\backend\src\main\java\com\carmovo\modulos\vehiculos\Vehiculo.java. Using fallback presentation compiler.
2026.09.20 17:13:26 INFO  no build target found for C:\CARMOVO_PROY\CARMOVO\backend\src\main\java\com\carmovo\modulos\vehiculos\Vehiculo.java. Using fallback presentation compiler.
2026.09.20 17:13:26 INFO  no build target found for C:\CARMOVO_PROY\CARMOVO\backend\src\main\java\com\carmovo\modulos\vehiculos\Vehiculo.java. Using fallback presentation compiler.
2026.09.20 17:13:26 INFO  no build target found for C:\CARMOVO_PROY\CARMOVO\backend\src\main\java\com\carmovo\modulos\vehiculos\Vehiculo.java. Using fallback presentation compiler.
2026.09.20 17:13:28 INFO  no build target found for C:\CARMOVO_PROY\CARMOVO\backend\src\main\java\com\carmovo\modulos\vehiculos\Vehiculo.java. Using fallback presentation compiler.
2026.09.20 17:13:29 WARN  no build target for: C:\CARMOVO_PROY\CARMOVO\backend\src\main\java\com\carmovo\modulos\vehiculos\Vehiculo.java
2026.09.20 17:13:31 INFO  no build target found for C:\CARMOVO_PROY\CARMOVO\backend\src\main\java\com\carmovo\modulos\vehiculos\Vehiculo.java. Using fallback presentation compiler.
2026.09.20 17:13:31 INFO  no build target found for C:\CARMOVO_PROY\CARMOVO\backend\src\main\java\com\carmovo\modulos\vehiculos\Vehiculo.java. Using fallback presentation compiler.
2026.09.20 17:13:32 INFO  no build target found for C:\CARMOVO_PROY\CARMOVO\backend\src\main\java\com\carmovo\modulos\vehiculos\Vehiculo.java. Using fallback presentation compiler.
2026.09.20 17:13:32 INFO  no build target found for C:\CARMOVO_PROY\CARMOVO\backend\src\main\java\com\carmovo\modulos\vehiculos\Vehiculo.java. Using fallback presentation compiler.
2026.09.20 17:13:32 INFO  no build target found for C:\CARMOVO_PROY\CARMOVO\backend\src\main\java\com\carmovo\modulos\vehiculos\Vehiculo.java. Using fallback presentation compiler.
2026.09.20 17:13:33 WARN  no build target for: C:\CARMOVO_PROY\CARMOVO\backend\src\main\java\com\carmovo\modulos\vehiculos\Vehiculo.java
2026.09.20 17:13:32 INFO  no build target found for C:\CARMOVO_PROY\CARMOVO\backend\src\main\java\com\carmovo\modulos\vehiculos\Vehiculo.java. Using fallback presentation compiler.
2026.09.20 17:13:35 INFO  no build target found for C:\CARMOVO_PROY\CARMOVO\backend\src\main\java\com\carmovo\modulos\vehiculos\Vehiculo.java. Using fallback presentation compiler.
2026.09.20 17:13:35 WARN  Running javac-semanticdb failed for file:///C:/CARMOVO_PROY/CARMOVO/backend/src/main/java/com/carmovo/modulos/vehiculos/Vehiculo.java. Output:

2026.09.20 17:13:35 WARN  no build target for: C:\CARMOVO_PROY\CARMOVO\backend\src\main\java\com\carmovo\modulos\vehiculos\Vehiculo.java
2026.09.20 17:13:41 INFO  no build target found for C:\CARMOVO_PROY\CARMOVO\backend\src\main\java\com\carmovo\modulos\vehiculos\Vehiculo.java. Using fallback presentation compiler.
2026.09.20 17:14:03 INFO  no build target found for C:\CARMOVO_PROY\CARMOVO\backend\src\main\java\com\carmovo\modulos\vehiculos\Vehiculo.java. Using fallback presentation compiler.
2026.09.20 17:14:03 INFO  no build target found for C:\CARMOVO_PROY\CARMOVO\backend\src\main\java\com\carmovo\modulos\vehiculos\Vehiculo.java. Using fallback presentation compiler.
2026.09.20 17:14:21 WARN  no build target for: C:\CARMOVO_PROY\CARMOVO\backend\src\main\java\com\carmovo\modulos\roles\Perfil.java
2026.09.20 17:14:21 WARN  Running javac-semanticdb failed for file:///C:/CARMOVO_PROY/CARMOVO/backend/src/main/java/com/carmovo/modulos/roles/Perfil.java. Output:

2026.09.20 17:14:26 INFO  no build target found for C:\CARMOVO_PROY\CARMOVO\backend\src\main\java\com\carmovo\modulos\roles\Perfil.java. Using fallback presentation compiler.
2026.09.20 17:14:26 INFO  no build target found for C:\CARMOVO_PROY\CARMOVO\backend\src\main\java\com\carmovo\modulos\roles\Perfil.java. Using fallback presentation compiler.
2026.09.20 17:14:26 WARN  Running javac-semanticdb failed for file:///C:/CARMOVO_PROY/CARMOVO/backend/src/main/java/com/carmovo/modulos/roles/Perfil.java. Output:

2026.09.20 17:14:26 INFO  no build target found for C:\CARMOVO_PROY\CARMOVO\backend\src\main\java\com\carmovo\modulos\roles\Perfil.java. Using fallback presentation compiler.
2026.09.20 17:14:27 WARN  no build target for: C:\CARMOVO_PROY\CARMOVO\backend\src\main\java\com\carmovo\modulos\roles\Perfil.java
2026.09.20 17:14:27 INFO  no build target found for C:\CARMOVO_PROY\CARMOVO\backend\src\main\java\com\carmovo\modulos\roles\Perfil.java. Using fallback presentation compiler.
2026.09.20 17:14:27 INFO  no build target found for C:\CARMOVO_PROY\CARMOVO\backend\src\main\java\com\carmovo\modulos\roles\Perfil.java. Using fallback presentation compiler.
2026.09.20 17:14:29 INFO  no build target found for C:\CARMOVO_PROY\CARMOVO\backend\src\main\java\com\carmovo\modulos\roles\Perfil.java. Using fallback presentation compiler.
2026.09.20 17:14:30 INFO  no build target found for C:\CARMOVO_PROY\CARMOVO\backend\src\main\java\com\carmovo\modulos\roles\Perfil.java. Using fallback presentation compiler.
2026.09.20 17:14:30 INFO  no build target found for C:\CARMOVO_PROY\CARMOVO\backend\src\main\java\com\carmovo\modulos\roles\Perfil.java. Using fallback presentation compiler.
2026.09.20 17:14:30 INFO  no build target found for C:\CARMOVO_PROY\CARMOVO\backend\src\main\java\com\carmovo\modulos\roles\Perfil.java. Using fallback presentation compiler.
2026.09.20 17:14:30 INFO  no build target found for C:\CARMOVO_PROY\CARMOVO\backend\src\main\java\com\carmovo\modulos\roles\Perfil.java. Using fallback presentation compiler.
2026.09.20 17:14:30 INFO  no build target found for C:\CARMOVO_PROY\CARMOVO\backend\src\main\java\com\carmovo\modulos\roles\Perfil.java. Using fallback presentation compiler.
2026.09.20 17:14:32 INFO  no build target found for C:\CARMOVO_PROY\CARMOVO\backend\src\main\java\com\carmovo\modulos\roles\Perfil.java. Using fallback presentation compiler.
2026.09.20 17:14:32 INFO  no build target found for C:\CARMOVO_PROY\CARMOVO\backend\src\main\java\com\carmovo\modulos\roles\Perfil.java. Using fallback presentation compiler.
2026.09.20 17:14:32 INFO  no build target found for C:\CARMOVO_PROY\CARMOVO\backend\src\main\java\com\carmovo\modulos\roles\Perfil.java. Using fallback presentation compiler.
2026.09.20 17:14:32 INFO  no build target found for C:\CARMOVO_PROY\CARMOVO\backend\src\main\java\com\carmovo\modulos\roles\Perfil.java. Using fallback presentation compiler.
2026.09.20 17:14:32 INFO  no build target found for C:\CARMOVO_PROY\CARMOVO\backend\src\main\java\com\carmovo\modulos\roles\Perfil.java. Using fallback presentation compiler.
2026.09.20 17:14:32 INFO  no build target found for C:\CARMOVO_PROY\CARMOVO\backend\src\main\java\com\carmovo\modulos\roles\Perfil.java. Using fallback presentation compiler.
2026.09.20 17:14:34 INFO  no build target found for C:\CARMOVO_PROY\CARMOVO\backend\src\main\java\com\carmovo\modulos\roles\Perfil.java. Using fallback presentation compiler.
2026.09.20 17:14:34 INFO  no build target found for C:\CARMOVO_PROY\CARMOVO\backend\src\main\java\com\carmovo\modulos\roles\Perfil.java. Using fallback presentation compiler.
2026.09.20 17:14:34 INFO  no build target found for C:\CARMOVO_PROY\CARMOVO\backend\src\main\java\com\carmovo\modulos\roles\Perfil.java. Using fallback presentation compiler.
2026.09.20 17:14:34 INFO  no build target found for C:\CARMOVO_PROY\CARMOVO\backend\src\main\java\com\carmovo\modulos\roles\Perfil.java. Using fallback presentation compiler.
2026.09.20 17:14:34 INFO  no build target found for C:\CARMOVO_PROY\CARMOVO\backend\src\main\java\com\carmovo\modulos\roles\Perfil.java. Using fallback presentation compiler.
2026.09.20 17:14:34 INFO  no build target found for C:\CARMOVO_PROY\CARMOVO\backend\src\main\java\com\carmovo\modulos\roles\Perfil.java. Using fallback presentation compiler.
2026.09.20 17:14:34 INFO  no build target found for C:\CARMOVO_PROY\CARMOVO\backend\src\main\java\com\carmovo\modulos\roles\Perfil.java. Using fallback presentation compiler.
2026.09.20 17:14:34 INFO  no build target found for C:\CARMOVO_PROY\CARMOVO\backend\src\main\java\com\carmovo\modulos\roles\Perfil.java. Using fallback presentation compiler.
2026.09.20 17:14:34 INFO  no build target found for C:\CARMOVO_PROY\CARMOVO\backend\src\main\java\com\carmovo\modulos\roles\Perfil.java. Using fallback presentation compiler.
2026.09.20 17:14:35 INFO  no build target found for C:\CARMOVO_PROY\CARMOVO\backend\src\main\java\com\carmovo\modulos\roles\Perfil.java. Using fallback presentation compiler.
2026.09.20 17:14:35 INFO  no build target found for C:\CARMOVO_PROY\CARMOVO\backend\src\main\java\com\carmovo\modulos\roles\Perfil.java. Using fallback presentation compiler.
2026.09.20 17:14:35 INFO  no build target found for C:\CARMOVO_PROY\CARMOVO\backend\src\main\java\com\carmovo\modulos\roles\Perfil.java. Using fallback presentation compiler.
2026.09.20 17:14:35 INFO  no build target found for C:\CARMOVO_PROY\CARMOVO\backend\src\main\java\com\carmovo\modulos\roles\Perfil.java. Using fallback presentation compiler.
2026.09.20 17:14:35 INFO  no build target found for C:\CARMOVO_PROY\CARMOVO\backend\src\main\java\com\carmovo\modulos\roles\Perfil.java. Using fallback presentation compiler.
2026.09.20 17:14:35 INFO  no build target found for C:\CARMOVO_PROY\CARMOVO\backend\src\main\java\com\carmovo\modulos\roles\Perfil.java. Using fallback presentation compiler.
2026.09.20 17:14:35 INFO  no build target found for C:\CARMOVO_PROY\CARMOVO\backend\src\main\java\com\carmovo\modulos\roles\Perfil.java. Using fallback presentation compiler.
2026.09.20 17:14:35 INFO  no build target found for C:\CARMOVO_PROY\CARMOVO\backend\src\main\java\com\carmovo\modulos\roles\Perfil.java. Using fallback presentation compiler.
2026.09.20 17:14:35 INFO  no build target found for C:\CARMOVO_PROY\CARMOVO\backend\src\main\java\com\carmovo\modulos\roles\Perfil.java. Using fallback presentation compiler.
2026.09.20 17:14:35 INFO  no build target found for C:\CARMOVO_PROY\CARMOVO\backend\src\main\java\com\carmovo\modulos\roles\Perfil.java. Using fallback presentation compiler.
2026.09.20 17:14:35 INFO  no build target found for C:\CARMOVO_PROY\CARMOVO\backend\src\main\java\com\carmovo\modulos\roles\Perfil.java. Using fallback presentation compiler.
2026.09.20 17:14:35 INFO  no build target found for C:\CARMOVO_PROY\CARMOVO\backend\src\main\java\com\carmovo\modulos\roles\Perfil.java. Using fallback presentation compiler.
2026.09.20 17:14:36 INFO  no build target found for C:\CARMOVO_PROY\CARMOVO\backend\src\main\java\com\carmovo\modulos\roles\Perfil.java. Using fallback presentation compiler.
2026.09.20 17:14:36 INFO  no build target found for C:\CARMOVO_PROY\CARMOVO\backend\src\main\java\com\carmovo\modulos\roles\Perfil.java. Using fallback presentation compiler.
2026.09.20 17:14:37 INFO  no build target found for C:\CARMOVO_PROY\CARMOVO\backend\src\main\java\com\carmovo\modulos\roles\Perfil.java. Using fallback presentation compiler.
2026.09.20 17:14:38 INFO  no build target found for C:\CARMOVO_PROY\CARMOVO\backend\src\main\java\com\carmovo\modulos\roles\Perfil.java. Using fallback presentation compiler.
2026.09.20 17:14:38 INFO  no build target found for C:\CARMOVO_PROY\CARMOVO\backend\src\main\java\com\carmovo\modulos\roles\Perfil.java. Using fallback presentation compiler.
2026.09.20 17:14:38 INFO  no build target found for C:\CARMOVO_PROY\CARMOVO\backend\src\main\java\com\carmovo\modulos\roles\Perfil.java. Using fallback presentation compiler.
2026.09.20 17:14:38 INFO  no build target found for C:\CARMOVO_PROY\CARMOVO\backend\src\main\java\com\carmovo\modulos\roles\Perfil.java. Using fallback presentation compiler.
2026.09.20 17:14:39 INFO  no build target found for C:\CARMOVO_PROY\CARMOVO\backend\src\main\java\com\carmovo\modulos\roles\Perfil.java. Using fallback presentation compiler.
2026.09.20 17:14:39 INFO  no build target found for C:\CARMOVO_PROY\CARMOVO\backend\src\main\java\com\carmovo\modulos\roles\Perfil.java. Using fallback presentation compiler.
2026.09.20 17:14:39 INFO  no build target found for C:\CARMOVO_PROY\CARMOVO\backend\src\main\java\com\carmovo\modulos\roles\Perfil.java. Using fallback presentation compiler.
2026.09.20 17:14:41 INFO  no build target found for C:\CARMOVO_PROY\CARMOVO\backend\src\main\java\com\carmovo\modulos\roles\Perfil.java. Using fallback presentation compiler.
2026.09.20 17:14:41 INFO  no build target found for C:\CARMOVO_PROY\CARMOVO\backend\src\main\java\com\carmovo\modulos\roles\Perfil.java. Using fallback presentation compiler.
2026.09.20 17:14:41 INFO  no build target found for C:\CARMOVO_PROY\CARMOVO\backend\src\main\java\com\carmovo\modulos\roles\Perfil.java. Using fallback presentation compiler.
2026.09.20 17:14:41 INFO  no build target found for C:\CARMOVO_PROY\CARMOVO\backend\src\main\java\com\carmovo\modulos\roles\Perfil.java. Using fallback presentation compiler.
2026.09.20 17:14:41 INFO  no build target found for C:\CARMOVO_PROY\CARMOVO\backend\src\main\java\com\carmovo\modulos\roles\Perfil.java. Using fallback presentation compiler.
2026.09.20 17:14:41 INFO  no build target found for C:\CARMOVO_PROY\CARMOVO\backend\src\main\java\com\carmovo\modulos\roles\Perfil.java. Using fallback presentation compiler.
2026.09.20 17:14:41 INFO  no build target found for C:\CARMOVO_PROY\CARMOVO\backend\src\main\java\com\carmovo\modulos\roles\Perfil.java. Using fallback presentation compiler.
2026.09.20 17:14:42 INFO  no build target found for C:\CARMOVO_PROY\CARMOVO\backend\src\main\java\com\carmovo\modulos\roles\Perfil.java. Using fallback presentation compiler.
2026.09.20 17:14:42 INFO  no build target found for C:\CARMOVO_PROY\CARMOVO\backend\src\main\java\com\carmovo\modulos\roles\Perfil.java. Using fallback presentation compiler.
2026.09.20 17:14:42 INFO  no build target found for C:\CARMOVO_PROY\CARMOVO\backend\src\main\java\com\carmovo\modulos\roles\Perfil.java. Using fallback presentation compiler.
2026.09.20 17:14:42 INFO  no build target found for C:\CARMOVO_PROY\CARMOVO\backend\src\main\java\com\carmovo\modulos\roles\Perfil.java. Using fallback presentation compiler.
2026.09.20 17:14:42 INFO  no build target found for C:\CARMOVO_PROY\CARMOVO\backend\src\main\java\com\carmovo\modulos\roles\Perfil.java. Using fallback presentation compiler.
2026.09.20 17:14:42 INFO  no build target found for C:\CARMOVO_PROY\CARMOVO\backend\src\main\java\com\carmovo\modulos\roles\Perfil.java. Using fallback presentation compiler.
2026.09.20 17:14:43 INFO  no build target found for C:\CARMOVO_PROY\CARMOVO\backend\src\main\java\com\carmovo\modulos\roles\Perfil.java. Using fallback presentation compiler.
2026.09.20 17:14:43 INFO  no build target found for C:\CARMOVO_PROY\CARMOVO\backend\src\main\java\com\carmovo\modulos\roles\Perfil.java. Using fallback presentation compiler.
2026.09.20 17:14:45 WARN  no build target for: C:\CARMOVO_PROY\CARMOVO\backend\src\main\java\com\carmovo\modulos\roles\Perfil.java
2026.09.20 17:14:46 INFO  no build target found for C:\CARMOVO_PROY\CARMOVO\backend\src\main\java\com\carmovo\modulos\roles\Perfil.java. Using fallback presentation compiler.
2026.09.20 17:14:46 INFO  no build target found for C:\CARMOVO_PROY\CARMOVO\backend\src\main\java\com\carmovo\modulos\roles\Perfil.java. Using fallback presentation compiler.
2026.09.20 17:14:47 INFO  no build target found for C:\CARMOVO_PROY\CARMOVO\backend\src\main\java\com\carmovo\modulos\roles\Perfil.java. Using fallback presentation compiler.
2026.09.20 17:14:47 INFO  no build target found for C:\CARMOVO_PROY\CARMOVO\backend\src\main\java\com\carmovo\modulos\roles\Perfil.java. Using fallback presentation compiler.
2026.09.20 17:14:47 INFO  no build target found for C:\CARMOVO_PROY\CARMOVO\backend\src\main\java\com\carmovo\modulos\roles\Perfil.java. Using fallback presentation compiler.
2026.09.20 17:14:48 INFO  no build target found for C:\CARMOVO_PROY\CARMOVO\backend\src\main\java\com\carmovo\modulos\roles\Perfil.java. Using fallback presentation compiler.
2026.09.20 17:14:51 INFO  no build target found for C:\CARMOVO_PROY\CARMOVO\backend\src\main\java\com\carmovo\modulos\roles\Perfil.java. Using fallback presentation compiler.
2026.09.20 17:14:51 INFO  no build target found for C:\CARMOVO_PROY\CARMOVO\backend\src\main\java\com\carmovo\modulos\roles\Perfil.java. Using fallback presentation compiler.
2026.09.20 17:14:51 INFO  no build target found for C:\CARMOVO_PROY\CARMOVO\backend\src\main\java\com\carmovo\modulos\roles\Perfil.java. Using fallback presentation compiler.
2026.09.20 17:14:51 INFO  no build target found for C:\CARMOVO_PROY\CARMOVO\backend\src\main\java\com\carmovo\modulos\roles\Perfil.java. Using fallback presentation compiler.
2026.09.20 17:14:51 INFO  no build target found for C:\CARMOVO_PROY\CARMOVO\backend\src\main\java\com\carmovo\modulos\roles\Perfil.java. Using fallback presentation compiler.
2026.09.20 17:14:51 INFO  no build target found for C:\CARMOVO_PROY\CARMOVO\backend\src\main\java\com\carmovo\modulos\roles\Perfil.java. Using fallback presentation compiler.
2026.09.20 17:14:51 INFO  no build target found for C:\CARMOVO_PROY\CARMOVO\backend\src\main\java\com\carmovo\modulos\roles\Perfil.java. Using fallback presentation compiler.
2026.09.20 17:14:51 INFO  no build target found for C:\CARMOVO_PROY\CARMOVO\backend\src\main\java\com\carmovo\modulos\roles\Perfil.java. Using fallback presentation compiler.
2026.09.20 17:14:51 INFO  no build target found for C:\CARMOVO_PROY\CARMOVO\backend\src\main\java\com\carmovo\modulos\roles\Perfil.java. Using fallback presentation compiler.
2026.09.20 17:14:51 INFO  no build target found for C:\CARMOVO_PROY\CARMOVO\backend\src\main\java\com\carmovo\modulos\roles\Perfil.java. Using fallback presentation compiler.
2026.09.20 17:14:51 INFO  no build target found for C:\CARMOVO_PROY\CARMOVO\backend\src\main\java\com\carmovo\modulos\roles\Perfil.java. Using fallback presentation compiler.
2026.09.20 17:14:53 INFO  no build target found for C:\CARMOVO_PROY\CARMOVO\backend\src\main\java\com\carmovo\modulos\roles\Perfil.java. Using fallback presentation compiler.
2026.09.20 17:14:53 INFO  no build target found for C:\CARMOVO_PROY\CARMOVO\backend\src\main\java\com\carmovo\modulos\roles\Perfil.java. Using fallback presentation compiler.
2026.09.20 17:14:53 INFO  no build target found for C:\CARMOVO_PROY\CARMOVO\backend\src\main\java\com\carmovo\modulos\roles\Perfil.java. Using fallback presentation compiler.
2026.09.20 17:14:53 INFO  no build target found for C:\CARMOVO_PROY\CARMOVO\backend\src\main\java\com\carmovo\modulos\roles\Perfil.java. Using fallback presentation compiler.
2026.09.20 17:14:53 WARN  no build target for: C:\CARMOVO_PROY\CARMOVO\backend\src\main\java\com\carmovo\modulos\roles\Perfil.java
2026.09.20 17:14:58 WARN  no build target for: C:\CARMOVO_PROY\CARMOVO\backend\src\main\java\com\carmovo\modulos\roles\Opcion.java
2026.09.20 17:14:58 WARN  Running javac-semanticdb failed for file:///C:/CARMOVO_PROY/CARMOVO/backend/src/main/java/com/carmovo/modulos/roles/Opcion.java. Output:

2026.09.20 17:14:59 INFO  no build target found for C:\CARMOVO_PROY\CARMOVO\backend\src\main\java\com\carmovo\modulos\roles\Opcion.java. Using fallback presentation compiler.
2026.09.20 17:14:59 INFO  no build target found for C:\CARMOVO_PROY\CARMOVO\backend\src\main\java\com\carmovo\modulos\roles\Opcion.java. Using fallback presentation compiler.
2026.09.20 17:15:00 WARN  Running javac-semanticdb failed for file:///C:/CARMOVO_PROY/CARMOVO/backend/src/main/java/com/carmovo/modulos/roles/Opcion.java. Output:

2026.09.20 17:14:59 INFO  no build target found for C:\CARMOVO_PROY\CARMOVO\backend\src\main\java\com\carmovo\modulos\roles\Opcion.java. Using fallback presentation compiler.
2026.09.20 17:15:01 WARN  no build target for: C:\CARMOVO_PROY\CARMOVO\backend\src\main\java\com\carmovo\modulos\roles\Opcion.java
2026.09.20 17:15:02 INFO  no build target found for C:\CARMOVO_PROY\CARMOVO\backend\src\main\java\com\carmovo\modulos\roles\Opcion.java. Using fallback presentation compiler.
2026.09.20 17:15:02 INFO  no build target found for C:\CARMOVO_PROY\CARMOVO\backend\src\main\java\com\carmovo\modulos\roles\Opcion.java. Using fallback presentation compiler.
2026.09.20 17:15:03 INFO  no build target found for C:\CARMOVO_PROY\CARMOVO\backend\src\main\java\com\carmovo\modulos\roles\Opcion.java. Using fallback presentation compiler.
2026.09.20 17:15:03 INFO  no build target found for C:\CARMOVO_PROY\CARMOVO\backend\src\main\java\com\carmovo\modulos\roles\Opcion.java. Using fallback presentation compiler.
2026.09.20 17:15:30 WARN  no build target for: C:\CARMOVO_PROY\CARMOVO\backend\src\main\java\com\carmovo\modulos\usuarios\Usuario.java
2026.09.20 17:15:30 WARN  Running javac-semanticdb failed for file:///C:/CARMOVO_PROY/CARMOVO/backend/src/main/java/com/carmovo/modulos/usuarios/Usuario.java. Output:

2026.09.20 17:15:31 INFO  no build target found for C:\CARMOVO_PROY\CARMOVO\backend\src\main\java\com\carmovo\modulos\usuarios\Usuario.java. Using fallback presentation compiler.
2026.09.20 17:15:31 INFO  no build target found for C:\CARMOVO_PROY\CARMOVO\backend\src\main\java\com\carmovo\modulos\usuarios\Usuario.java. Using fallback presentation compiler.
2026.09.20 17:15:31 INFO  no build target found for C:\CARMOVO_PROY\CARMOVO\backend\src\main\java\com\carmovo\modulos\usuarios\Usuario.java. Using fallback presentation compiler.
2026.09.20 17:15:31 WARN  Running javac-semanticdb failed for file:///C:/CARMOVO_PROY/CARMOVO/backend/src/main/java/com/carmovo/modulos/usuarios/Usuario.java. Output:

2026.09.20 17:15:31 INFO  no build target found for C:\CARMOVO_PROY\CARMOVO\backend\src\main\java\com\carmovo\modulos\usuarios\Usuario.java. Using fallback presentation compiler.
2026.09.20 17:15:33 INFO  no build target found for C:\CARMOVO_PROY\CARMOVO\backend\src\main\java\com\carmovo\modulos\usuarios\Usuario.java. Using fallback presentation compiler.
2026.09.20 17:15:33 INFO  no build target found for C:\CARMOVO_PROY\CARMOVO\backend\src\main\java\com\carmovo\modulos\usuarios\Usuario.java. Using fallback presentation compiler.
2026.09.20 17:15:33 INFO  no build target found for C:\CARMOVO_PROY\CARMOVO\backend\src\main\java\com\carmovo\modulos\usuarios\Usuario.java. Using fallback presentation compiler.
2026.09.20 17:15:33 INFO  no build target found for C:\CARMOVO_PROY\CARMOVO\backend\src\main\java\com\carmovo\modulos\usuarios\Usuario.java. Using fallback presentation compiler.
2026.09.20 17:15:33 WARN  Running javac-semanticdb failed for file:///C:/CARMOVO_PROY/CARMOVO/backend/src/main/java/com/carmovo/modulos/usuarios/Usuario.java. Output:

2026.09.20 17:15:34 INFO  no build target found for C:\CARMOVO_PROY\CARMOVO\backend\src\main\java\com\carmovo\modulos\usuarios\Usuario.java. Using fallback presentation compiler.
2026.09.20 17:15:34 INFO  no build target found for C:\CARMOVO_PROY\CARMOVO\backend\src\main\java\com\carmovo\modulos\usuarios\Usuario.java. Using fallback presentation compiler.
set. 20, 2026 5:15:34 P. M. org.eclipse.lsp4j.jsonrpc.RemoteEndpoint handleCancellation
WARNING: Unmatched cancel notification for request id 360
2026.09.20 17:15:33 INFO  no build target found for C:\CARMOVO_PROY\CARMOVO\backend\src\main\java\com\carmovo\modulos\usuarios\Usuario.java. Using fallback presentation compiler.
2026.09.20 17:15:34 INFO  Created report: Optional[file:///C:/CARMOVO_PROY/CARMOVO/backend/src/main/java/com/carmovo/modulos/usuarios/Usuario.java]
2026.09.20 17:15:34 INFO  empty definition using pc, found symbol in pc: _empty_/Column# (full report at: "C:\CARMOVO_PROY\CARMOVO\backend\.metals\.reports\metals-full\2026-09-20\r_empty-definition_17-15-34-542.md")
2026.09.20 17:15:34 INFO  no build target found for C:\CARMOVO_PROY\CARMOVO\backend\src\main\java\com\carmovo\modulos\usuarios\Usuario.java. Using fallback presentation compiler.
2026.09.20 17:15:34 INFO  no build target found for C:\CARMOVO_PROY\CARMOVO\backend\src\main\java\com\carmovo\modulos\usuarios\Usuario.java. Using fallback presentation compiler.
2026.09.20 17:15:34 INFO  no build target found for C:\CARMOVO_PROY\CARMOVO\backend\src\main\java\com\carmovo\modulos\usuarios\Usuario.java. Using fallback presentation compiler.
2026.09.20 17:15:34 INFO  no build target found for C:\CARMOVO_PROY\CARMOVO\backend\src\main\java\com\carmovo\modulos\usuarios\Usuario.java. Using fallback presentation compiler.
2026.09.20 17:15:34 INFO  empty definition using pc, found symbol in pc: _empty_/Column# (full report at: "C:\CARMOVO_PROY\CARMOVO\backend\.metals\.reports\metals-full\2026-09-20\r_empty-definition_17-15-34-542.md")
2026.09.20 17:15:34 INFO  Created report: Optional[file:///C:/CARMOVO_PROY/CARMOVO/backend/src/main/java/com/carmovo/modulos/usuarios/Usuario.java]
2026.09.20 17:15:34 INFO  empty definition using pc, found symbol in pc: _empty_/Column#nullable# (full report at: "C:\CARMOVO_PROY\CARMOVO\backend\.metals\.reports\metals-full\2026-09-20\r_empty-definition_17-15-34-614.md")
2026.09.20 17:15:34 INFO  no build target found for C:\CARMOVO_PROY\CARMOVO\backend\src\main\java\com\carmovo\modulos\usuarios\Usuario.java. Using fallback presentation compiler.
2026.09.20 17:15:34 INFO  no build target found for C:\CARMOVO_PROY\CARMOVO\backend\src\main\java\com\carmovo\modulos\usuarios\Usuario.java. Using fallback presentation compiler.
2026.09.20 17:15:35 WARN  no build target for: C:\CARMOVO_PROY\CARMOVO\backend\src\main\java\com\carmovo\modulos\usuarios\Usuario.java
2026.09.20 17:15:37 INFO  no build target found for C:\CARMOVO_PROY\CARMOVO\backend\src\main\java\com\carmovo\modulos\usuarios\Usuario.java. Using fallback presentation compiler.
2026.09.20 17:15:37 INFO  no build target found for C:\CARMOVO_PROY\CARMOVO\backend\src\main\java\com\carmovo\modulos\usuarios\Usuario.java. Using fallback presentation compiler.
2026.09.20 17:15:39 INFO  no build target found for C:\CARMOVO_PROY\CARMOVO\backend\src\main\java\com\carmovo\modulos\usuarios\Usuario.java. Using fallback presentation compiler.
2026.09.20 17:15:39 INFO  no build target found for C:\CARMOVO_PROY\CARMOVO\backend\src\main\java\com\carmovo\modulos\usuarios\Usuario.java. Using fallback presentation compiler.
2026.09.20 17:15:40 INFO  no build target found for C:\CARMOVO_PROY\CARMOVO\backend\src\main\java\com\carmovo\modulos\usuarios\Usuario.java. Using fallback presentation compiler.
2026.09.20 17:15:40 INFO  no build target found for C:\CARMOVO_PROY\CARMOVO\backend\src\main\java\com\carmovo\modulos\usuarios\Usuario.java. Using fallback presentation compiler.
2026.09.20 17:15:45 INFO  no build target found for C:\CARMOVO_PROY\CARMOVO\backend\src\main\java\com\carmovo\modulos\vehiculos\Vehiculo.java. Using fallback presentation compiler.
2026.09.20 17:15:45 WARN  no build target for: C:\CARMOVO_PROY\CARMOVO\backend\src\main\java\com\carmovo\modulos\vehiculos\Vehiculo.java
2026.09.20 17:15:46 INFO  no build target found for C:\CARMOVO_PROY\CARMOVO\backend\src\main\java\com\carmovo\modulos\vehiculos\Vehiculo.java. Using fallback presentation compiler.
2026.09.20 17:15:46 INFO  no build target found for C:\CARMOVO_PROY\CARMOVO\backend\src\main\java\com\carmovo\modulos\vehiculos\Vehiculo.java. Using fallback presentation compiler.
2026.09.20 17:15:47 INFO  no build target found for C:\CARMOVO_PROY\CARMOVO\backend\src\main\java\com\carmovo\modulos\vehiculos\Vehiculo.java. Using fallback presentation compiler.
2026.09.20 17:15:47 INFO  no build target found for C:\CARMOVO_PROY\CARMOVO\backend\src\main\java\com\carmovo\modulos\vehiculos\Vehiculo.java. Using fallback presentation compiler.
2026.09.20 17:15:58 WARN  no build target for: C:\CARMOVO_PROY\CARMOVO\backend\src\main\java\com\carmovo\modulos\vehiculos\VehiculoRepositorio.java
2026.09.20 17:15:58 WARN  Running javac-semanticdb failed for file:///C:/CARMOVO_PROY/CARMOVO/backend/src/main/java/com/carmovo/modulos/vehiculos/VehiculoRepositorio.java. Output:

2026.09.20 17:16:00 INFO  no build target found for C:\CARMOVO_PROY\CARMOVO\backend\src\main\java\com\carmovo\modulos\roles\Opcion.java. Using fallback presentation compiler.
2026.09.20 17:16:00 WARN  no build target for: C:\CARMOVO_PROY\CARMOVO\backend\src\main\java\com\carmovo\modulos\roles\Opcion.java
2026.09.20 17:16:01 INFO  no build target found for C:\CARMOVO_PROY\CARMOVO\backend\src\main\java\com\carmovo\modulos\roles\Opcion.java. Using fallback presentation compiler.
2026.09.20 17:16:01 INFO  no build target found for C:\CARMOVO_PROY\CARMOVO\backend\src\main\java\com\carmovo\modulos\roles\Opcion.java. Using fallback presentation compiler.
2026.09.20 17:16:01 INFO  no build target found for C:\CARMOVO_PROY\CARMOVO\backend\src\main\java\com\carmovo\modulos\roles\Opcion.java. Using fallback presentation compiler.
2026.09.20 17:16:01 INFO  no build target found for C:\CARMOVO_PROY\CARMOVO\backend\src\main\java\com\carmovo\modulos\roles\Opcion.java. Using fallback presentation compiler.
2026.09.20 17:16:02 INFO  no build target found for C:\CARMOVO_PROY\CARMOVO\backend\src\main\java\com\carmovo\modulos\roles\Opcion.java. Using fallback presentation compiler.
2026.09.20 17:16:05 INFO  no build target found for C:\CARMOVO_PROY\CARMOVO\backend\src\main\java\com\carmovo\modulos\roles\Perfil.java. Using fallback presentation compiler.
2026.09.20 17:16:05 WARN  no build target for: C:\CARMOVO_PROY\CARMOVO\backend\src\main\java\com\carmovo\modulos\roles\Perfil.java
2026.09.20 17:16:05 INFO  no build target found for C:\CARMOVO_PROY\CARMOVO\backend\src\main\java\com\carmovo\modulos\roles\Perfil.java. Using fallback presentation compiler.
2026.09.20 17:16:05 INFO  no build target found for C:\CARMOVO_PROY\CARMOVO\backend\src\main\java\com\carmovo\modulos\roles\Perfil.java. Using fallback presentation compiler.
2026.09.20 17:16:05 INFO  no build target found for C:\CARMOVO_PROY\CARMOVO\backend\src\main\java\com\carmovo\modulos\roles\Perfil.java. Using fallback presentation compiler.
2026.09.20 17:16:06 INFO  no build target found for C:\CARMOVO_PROY\CARMOVO\backend\src\main\java\com\carmovo\modulos\roles\Perfil.java. Using fallback presentation compiler.
2026.09.20 17:16:06 INFO  no build target found for C:\CARMOVO_PROY\CARMOVO\backend\src\main\java\com\carmovo\modulos\roles\Perfil.java. Using fallback presentation compiler.
2026.09.20 17:16:07 INFO  no build target found for C:\CARMOVO_PROY\CARMOVO\backend\src\main\java\com\carmovo\modulos\roles\Perfil.java. Using fallback presentation compiler.
2026.09.20 17:16:14 INFO  no build target found for C:\CARMOVO_PROY\CARMOVO\backend\src\main\java\com\carmovo\modulos\roles\Perfil.java. Using fallback presentation compiler.
2026.09.20 17:16:14 INFO  no build target found for C:\CARMOVO_PROY\CARMOVO\backend\src\main\java\com\carmovo\modulos\roles\Perfil.java. Using fallback presentation compiler.
2026.09.20 17:16:16 INFO  no build target found for C:\CARMOVO_PROY\CARMOVO\backend\src\main\java\com\carmovo\modulos\usuarios\Usuario.java. Using fallback presentation compiler.
2026.09.20 17:16:16 WARN  no build target for: C:\CARMOVO_PROY\CARMOVO\backend\src\main\java\com\carmovo\modulos\usuarios\Usuario.java
2026.09.20 17:16:16 INFO  no build target found for C:\CARMOVO_PROY\CARMOVO\backend\src\main\java\com\carmovo\modulos\usuarios\Usuario.java. Using fallback presentation compiler.
2026.09.20 17:16:16 INFO  no build target found for C:\CARMOVO_PROY\CARMOVO\backend\src\main\java\com\carmovo\modulos\usuarios\Usuario.java. Using fallback presentation compiler.
2026.09.20 17:16:16 INFO  no build target found for C:\CARMOVO_PROY\CARMOVO\backend\src\main\java\com\carmovo\modulos\usuarios\Usuario.java. Using fallback presentation compiler.
2026.09.20 17:16:19 INFO  no build target found for C:\CARMOVO_PROY\CARMOVO\backend\src\main\java\com\carmovo\modulos\usuarios\Usuario.java. Using fallback presentation compiler.
2026.09.20 17:16:19 INFO  no build target found for C:\CARMOVO_PROY\CARMOVO\backend\src\main\java\com\carmovo\modulos\usuarios\Usuario.java. Using fallback presentation compiler.
2026.09.20 17:16:21 INFO  no build target found for C:\CARMOVO_PROY\CARMOVO\backend\src\main\java\com\carmovo\modulos\usuarios\Usuario.java. Using fallback presentation compiler.
2026.09.20 17:16:21 INFO  no build target found for C:\CARMOVO_PROY\CARMOVO\backend\src\main\java\com\carmovo\modulos\usuarios\Usuario.java. Using fallback presentation compiler.
2026.09.20 17:16:22 INFO  no build target found for C:\CARMOVO_PROY\CARMOVO\backend\src\main\java\com\carmovo\modulos\usuarios\Usuario.java. Using fallback presentation compiler.
2026.09.20 17:16:22 INFO  no build target found for C:\CARMOVO_PROY\CARMOVO\backend\src\main\java\com\carmovo\modulos\usuarios\Usuario.java. Using fallback presentation compiler.
2026.09.20 17:16:24 INFO  no build target found for C:\CARMOVO_PROY\CARMOVO\backend\src\main\java\com\carmovo\modulos\usuarios\Usuario.java. Using fallback presentation compiler.
2026.09.20 17:16:24 INFO  no build target found for C:\CARMOVO_PROY\CARMOVO\backend\src\main\java\com\carmovo\modulos\usuarios\Usuario.java. Using fallback presentation compiler.
2026.09.20 17:16:24 INFO  no build target found for C:\CARMOVO_PROY\CARMOVO\backend\src\main\java\com\carmovo\modulos\usuarios\Usuario.java. Using fallback presentation compiler.
2026.09.20 17:16:24 INFO  no build target found for C:\CARMOVO_PROY\CARMOVO\backend\src\main\java\com\carmovo\modulos\usuarios\Usuario.java. Using fallback presentation compiler.
2026.09.20 17:16:28 INFO  no build target found for C:\CARMOVO_PROY\CARMOVO\backend\src\main\java\com\carmovo\modulos\usuarios\Usuario.java. Using fallback presentation compiler.
2026.09.20 17:16:29 WARN  no build target for: C:\CARMOVO_PROY\CARMOVO\backend\src\main\java\com\carmovo\modulos\usuarios\Usuario.java
2026.09.20 17:17:13 INFO  Shutting down server
2026.09.20 17:17:13 INFO  Memory monitor stopped
2026.09.20 17:17:13 INFO  shutting down Metals
2026.09.20 17:17:13 INFO  Shut down connection with build server.
2026.09.20 17:17:13 INFO  Exiting server
2026.09.20 17:17:31 INFO  Started: Metals version 1.6.9 in folders 'C:\CARMOVO_PROY\CARMOVO\backend' for client Visual Studio Code 1.137.0.
2026.09.20 17:17:31 INFO  Memory monitor started
2026.09.20 17:17:35 WARN  Using H2 2.5.250 which is newer than the version Flyway has been verified with. The latest verified version of H2 is 2.3.232.
set. 20, 2026 5:17:36 P. M. org.eclipse.lsp4j.jsonrpc.services.GenericEndpoint notify
INFO: Unsupported notification method: $/setTrace
2026.09.20 17:17:36 INFO  no build target found for C:\CARMOVO_PROY\CARMOVO\backend\src\main\java\com\carmovo\modulos\usuarios\Usuario.java. Using fallback presentation compiler.
2026.09.20 17:17:37 INFO  Attempting to connect to the build server...
2026.09.20 17:17:37 INFO  Found a Bloop server running
2026.09.20 17:17:37 INFO  Tracing is disabled for protocol BSP. To enable tracing of incoming and outgoing JSON messages, create an empty file at C:\CARMOVO_PROY\CARMOVO\backend\.metals\bsp.trace.json or C:\Users\hp\AppData\Local\scalameta\metals\cache\bsp.trace.json
2026.09.20 17:17:37 INFO  time: Connected to build server in 0.9s
2026.09.20 17:17:37 INFO  Connected to Build server: Bloop v2.1.2
2026.09.20 17:17:38 INFO  Empty build targets. Expected at least one build target identifier. (full report at: "C:\CARMOVO_PROY\CARMOVO\backend\.metals\.reports\bloop\2026-09-20\r_Empty build targets...._16-58-40-993.md")
2026.09.20 17:17:38 INFO  Empty build targets. Expected at least one build target identifier. (full report at: "C:\CARMOVO_PROY\CARMOVO\backend\.metals\.reports\bloop\2026-09-20\r_Empty build targets...._16-58-40-993.md")
2026.09.20 17:17:38 INFO  Empty build targets. Expected at least one build target identifier. (full report at: "C:\CARMOVO_PROY\CARMOVO\backend\.metals\.reports\bloop\2026-09-20\r_Empty build targets...._16-58-40-993.md")
2026.09.20 17:17:38 INFO  Empty build targets. Expected at least one build target identifier. (full report at: "C:\CARMOVO_PROY\CARMOVO\backend\.metals\.reports\bloop\2026-09-20\r_Empty build targets...._16-58-40-993.md")
2026.09.20 17:17:38 INFO  Empty build targets. Expected at least one build target identifier. (full report at: "C:\CARMOVO_PROY\CARMOVO\backend\.metals\.reports\bloop\2026-09-20\r_Empty build targets...._16-58-40-993.md")
2026.09.20 17:17:37 INFO  time: Imported build in 0.76s
2026.09.20 17:17:39 INFO  no build target found for C:\CARMOVO_PROY\CARMOVO\backend\src\main\java\com\carmovo\modulos\usuarios\Usuario.java. Using fallback presentation compiler.
set. 20, 2026 5:17:39 P. M. org.eclipse.lsp4j.jsonrpc.RemoteEndpoint handleCancellation
WARNING: Unmatched cancel notification for request id 7
2026.09.20 17:17:42 WARN  Using H2 2.5.250 which is newer than the version Flyway has been verified with. The latest verified version of H2 is 2.3.232.
2026.09.20 17:17:42 INFO  time: indexed workspace in 4.21s
2026.09.20 17:17:42 WARN  no build target for: C:\CARMOVO_PROY\CARMOVO\backend\src\main\java\com\carmovo\modulos\usuarios\Usuario.java
2026.09.20 17:17:43 WARN  no build target for: C:\CARMOVO_PROY\CARMOVO\backend\src\main\java\com\carmovo\modulos\usuarios\Usuario.java
2026.09.20 17:17:44 INFO  time: code lens generation in 1.13s
2026.09.20 17:17:44 INFO  time: code lens generation in 1.43s
2026.09.20 17:17:45 WARN  no build target for: C:\CARMOVO_PROY\CARMOVO\backend\src\main\java\com\carmovo\modulos\vehiculos\VehiculoControlador.java
2026.09.20 17:17:45 WARN  Running javac-semanticdb failed for file:///C:/CARMOVO_PROY/CARMOVO/backend/src/main/java/com/carmovo/modulos/vehiculos/VehiculoControlador.java. Output:

2026.09.20 17:17:55 INFO  no build target found for C:\CARMOVO_PROY\CARMOVO\backend\src\main\java\com\carmovo\modulos\vehiculos\VehiculoControlador.java. Using fallback presentation compiler.
2026.09.20 17:17:55 INFO  no build target found for C:\CARMOVO_PROY\CARMOVO\backend\src\main\java\com\carmovo\modulos\vehiculos\VehiculoControlador.java. Using fallback presentation compiler.
2026.09.20 17:17:56 WARN  Running javac-semanticdb failed for file:///C:/CARMOVO_PROY/CARMOVO/backend/src/main/java/com/carmovo/modulos/vehiculos/VehiculoControlador.java. Output:

2026.09.20 17:18:00 INFO  no build target found for C:\CARMOVO_PROY\CARMOVO\backend\src\main\java\com\carmovo\modulos\usuarios\Usuario.java. Using fallback presentation compiler.
2026.09.20 17:18:00 WARN  no build target for: C:\CARMOVO_PROY\CARMOVO\backend\src\main\java\com\carmovo\modulos\usuarios\Usuario.java
set. 20, 2026 5:18:00 P. M. org.eclipse.lsp4j.jsonrpc.RemoteEndpoint handleCancellation
WARNING: Unmatched cancel notification for request id 21
2026.09.20 17:18:01 INFO  no build target found for C:\CARMOVO_PROY\CARMOVO\backend\src\main\java\com\carmovo\modulos\usuarios\Usuario.java. Using fallback presentation compiler.
2026.09.20 17:18:03 INFO  no build target found for C:\CARMOVO_PROY\CARMOVO\backend\src\main\java\com\carmovo\modulos\usuarios\Usuario.java. Using fallback presentation compiler.
2026.09.20 17:18:03 INFO  no build target found for C:\CARMOVO_PROY\CARMOVO\backend\src\main\java\com\carmovo\modulos\usuarios\Usuario.java. Using fallback presentation compiler.
2026.09.20 17:18:03 INFO  no build target found for C:\CARMOVO_PROY\CARMOVO\backend\src\main\java\com\carmovo\modulos\usuarios\Usuario.java. Using fallback presentation compiler.
2026.09.20 17:18:07 INFO  no build target found for C:\CARMOVO_PROY\CARMOVO\backend\src\main\java\com\carmovo\modulos\usuarios\Usuario.java. Using fallback presentation compiler.
2026.09.20 17:18:12 WARN  no build target for: C:\CARMOVO_PROY\CARMOVO\backend\src\main\java\com\carmovo\modulos\vehiculos\VehiculoControlador.java
2026.09.20 17:18:19 INFO  no build target found for C:\CARMOVO_PROY\CARMOVO\backend\src\main\java\com\carmovo\modulos\usuarios\Usuario.java. Using fallback presentation compiler.
2026.09.20 17:18:23 INFO  no build target found for C:\CARMOVO_PROY\CARMOVO\backend\src\main\java\com\carmovo\modulos\usuarios\Usuario.java. Using fallback presentation compiler.
2026.09.20 17:18:23 INFO  no build target found for C:\CARMOVO_PROY\CARMOVO\backend\src\main\java\com\carmovo\modulos\usuarios\Usuario.java. Using fallback presentation compiler.
2026.09.20 17:18:45 INFO  no build target found for C:\CARMOVO_PROY\CARMOVO\backend\src\main\java\com\carmovo\modulos\usuarios\Usuario.java. Using fallback presentation compiler.
set. 20, 2026 5:18:45 P. M. org.eclipse.lsp4j.jsonrpc.RemoteEndpoint handleCancellation
WARNING: Unmatched cancel notification for request id 39
2026.09.20 17:18:45 INFO  no build target found for C:\CARMOVO_PROY\CARMOVO\backend\src\main\java\com\carmovo\modulos\usuarios\Usuario.java. Using fallback presentation compiler.
2026.09.20 17:18:51 INFO  no build target found for C:\CARMOVO_PROY\CARMOVO\backend\src\main\java\com\carmovo\modulos\usuarios\Usuario.java. Using fallback presentation compiler.
set. 20, 2026 5:19:20 P. M. org.eclipse.lsp4j.jsonrpc.services.GenericEndpoint notify
INFO: Unsupported notification method: $/setTrace
2026.09.20 17:19:22 INFO  running 'C:\Program Files\Java\jdk-25\bin\java.exe -Dfile.encoding=UTF-8 -Dmaven.multiModuleProjectDirectory=C:\CARMOVO_PROY\CARMOVO\backend -Dmaven.home=C:\Users\hp\AppData\Local\Temp\metals5579285873996123135 -cp C:\Users\hp\AppData\Local\Temp\metals5579285873996123135\maven-wrapper.jar org.apache.maven.wrapper.MavenWrapperMain generate-sources ch.epfl.scala:bloop-maven-plugin:2.0.5:bloopInstall -DdownloadSources=true'
2026.09.20 17:19:22 ERROR WARNING: A restricted method in java.lang.System has been called
2026.09.20 17:19:22 ERROR WARNING: java.lang.System::load has been called by org.fusesource.jansi.internal.JansiLoader in an unnamed module (file:/C:/Users/hp/.m2/wrapper/dists/apache-maven-3.9.9-bin/33b4b2b4/apache-maven-3.9.9/lib/jansi-2.4.1.jar)
2026.09.20 17:19:22 ERROR WARNING: Use --enable-native-access=ALL-UNNAMED to avoid a warning for callers in this module
2026.09.20 17:19:22 ERROR WARNING: Restricted methods will be blocked in a future release unless native access is enabled
2026.09.20 17:19:22 ERROR 
2026.09.20 17:19:22 ERROR WARNING: A terminally deprecated method in sun.misc.Unsafe has been called
2026.09.20 17:19:22 ERROR WARNING: sun.misc.Unsafe::objectFieldOffset has been called by com.google.common.util.concurrent.AbstractFuture$UnsafeAtomicHelper (file:/C:/Users/hp/.m2/wrapper/dists/apache-maven-3.9.9-bin/33b4b2b4/apache-maven-3.9.9/lib/guava-33.2.1-jre.jar)
2026.09.20 17:19:22 ERROR WARNING: Please consider reporting this to the maintainers of class com.google.common.util.concurrent.AbstractFuture$UnsafeAtomicHelper
2026.09.20 17:19:22 ERROR WARNING: sun.misc.Unsafe::objectFieldOffset will be removed in a future release
2026.09.20 17:19:24 INFO  [INFO] Scanning for projects...
2026.09.20 17:19:24 INFO  [INFO] 
2026.09.20 17:19:24 INFO  [INFO] ------------------------< com.carmovo:backend >-------------------------
2026.09.20 17:19:24 INFO  [INFO] Building  0.0.1-SNAPSHOT
2026.09.20 17:19:24 INFO  [INFO]   from pom.xml
2026.09.20 17:19:24 INFO  [INFO] --------------------------------[ jar ]---------------------------------
2026.09.20 17:19:26 INFO  [INFO] 
2026.09.20 17:19:26 INFO  [INFO] --- bloop:2.0.5:bloopInstall (default-cli) @ backend ---
2026.09.20 17:19:28 INFO  [ERROR] org.scala-lang:scala([0-9]?)-library is missing from project dependencies
2026.09.20 17:19:28 INFO  [INFO] Resolving artifact: org.springframework:spring-expression:jar:7.0.9:compile (sources = false)
2026.09.20 17:19:28 INFO  [INFO] SUCCESS: org.springframework:spring-expression:jar:7.0.9:compile (sources = false)
2026.09.20 17:19:28 INFO  [INFO] Resolving artifact: org.springframework:spring-expression:jar:7.0.9:compile (sources = true)
2026.09.20 17:19:28 INFO  [INFO] SUCCESS: org.springframework:spring-expression:jar:7.0.9:compile (sources = true)
2026.09.20 17:19:28 INFO  [INFO] Resolving artifact: com.jayway.jsonpath:json-path:jar:2.10.0:test (sources = false)
2026.09.20 17:19:28 INFO  [INFO] SUCCESS: com.jayway.jsonpath:json-path:jar:2.10.0:test (sources = false)
2026.09.20 17:19:28 INFO  [INFO] Resolving artifact: com.jayway.jsonpath:json-path:jar:2.10.0:test (sources = true)
2026.09.20 17:19:28 INFO  [INFO] SUCCESS: com.jayway.jsonpath:json-path:jar:2.10.0:test (sources = true)
2026.09.20 17:19:28 INFO  [INFO] Resolving artifact: org.hamcrest:hamcrest:jar:3.0:test (sources = false)
2026.09.20 17:19:28 INFO  [INFO] SUCCESS: org.hamcrest:hamcrest:jar:3.0:test (sources = false)
2026.09.20 17:19:28 INFO  [INFO] Resolving artifact: org.hamcrest:hamcrest:jar:3.0:test (sources = true)
2026.09.20 17:19:28 INFO  [INFO] SUCCESS: org.hamcrest:hamcrest:jar:3.0:test (sources = true)
2026.09.20 17:19:28 INFO  [INFO] Resolving artifact: com.sun.istack:istack-commons-runtime:jar:4.1.2:runtime (sources = false)
2026.09.20 17:19:28 INFO  [INFO] SUCCESS: com.sun.istack:istack-commons-runtime:jar:4.1.2:runtime (sources = false)
2026.09.20 17:19:28 INFO  [INFO] Resolving artifact: com.sun.istack:istack-commons-runtime:jar:4.1.2:runtime (sources = true)
2026.09.20 17:19:28 INFO  Downloading from central: https://repo.maven.apache.org/maven2/com/sun/istack/istack-commons-runtime/4.1.2/istack-commons-runtime-4.1.2-sources.jar
2026.09.20 17:19:30 INFO  Progress (1): 0.9/23 kB
2026.09.20 17:19:30 INFO  Progress (1): 2.3/23 kB
2026.09.20 17:19:30 INFO  Progress (1): 3.6/23 kB
2026.09.20 17:19:30 INFO  Progress (1): 5.0/23 kB
2026.09.20 17:19:30 INFO  Progress (1): 6.4/23 kB
2026.09.20 17:19:30 INFO  Progress (1): 7.7/23 kB
2026.09.20 17:19:30 INFO  Progress (1): 9.1/23 kB
2026.09.20 17:19:30 INFO  Progress (1): 10/23 kB 
2026.09.20 17:19:30 INFO  Progress (1): 12/23 kB
2026.09.20 17:19:30 INFO  Progress (1): 13/23 kB
2026.09.20 17:19:30 INFO  Progress (1): 15/23 kB
2026.09.20 17:19:30 INFO  Progress (1): 16/23 kB
2026.09.20 17:19:30 INFO  Progress (1): 17/23 kB
2026.09.20 17:19:30 INFO  Progress (1): 19/23 kB
2026.09.20 17:19:30 INFO  Progress (1): 20/23 kB
2026.09.20 17:19:30 INFO  Progress (1): 21/23 kB
2026.09.20 17:19:30 INFO  Progress (1): 23/23 kB
2026.09.20 17:19:30 INFO  Progress (1): 23 kB   
2026.09.20 17:19:30 INFO                     
2026.09.20 17:19:30 INFO  Downloaded from central: https://repo.maven.apache.org/maven2/com/sun/istack/istack-commons-runtime/4.1.2/istack-commons-runtime-4.1.2-sources.jar (23 kB at 19 kB/s)
2026.09.20 17:19:30 INFO  [INFO] SUCCESS: com.sun.istack:istack-commons-runtime:jar:4.1.2:runtime (sources = true)
2026.09.20 17:19:30 INFO  [INFO] Resolving artifact: org.springframework.boot:spring-boot-starter-tomcat-runtime:jar:4.1.1:compile (sources = false)
2026.09.20 17:19:30 INFO  [INFO] SUCCESS: org.springframework.boot:spring-boot-starter-tomcat-runtime:jar:4.1.1:compile (sources = false)
2026.09.20 17:19:30 INFO  [INFO] Resolving artifact: org.springframework.boot:spring-boot-starter-tomcat-runtime:jar:4.1.1:compile (sources = true)
2026.09.20 17:19:30 INFO  Downloading from central: https://repo.maven.apache.org/maven2/org/springframework/boot/spring-boot-starter-tomcat-runtime/4.1.1/spring-boot-starter-tomcat-runtime-4.1.1-sources.jar
2026.09.20 17:19:30 INFO  Progress (1): 0.9/4.7 kB
2026.09.20 17:19:30 INFO  Progress (1): 2.3/4.7 kB
2026.09.20 17:19:30 INFO  Progress (1): 3.6/4.7 kB
2026.09.20 17:19:30 INFO  Progress (1): 4.7 kB    
2026.09.20 17:19:30 INFO                      
2026.09.20 17:19:30 INFO  Downloaded from central: https://repo.maven.apache.org/maven2/org/springframework/boot/spring-boot-starter-tomcat-runtime/4.1.1/spring-boot-starter-tomcat-runtime-4.1.1-sources.jar (4.7 kB at 34 kB/s)
2026.09.20 17:19:30 INFO  [INFO] SUCCESS: org.springframework.boot:spring-boot-starter-tomcat-runtime:jar:4.1.1:compile (sources = true)
2026.09.20 17:19:30 INFO  [INFO] Resolving artifact: org.springframework:spring-beans:jar:7.0.9:compile (sources = false)
2026.09.20 17:19:30 INFO  [INFO] SUCCESS: org.springframework:spring-beans:jar:7.0.9:compile (sources = false)
2026.09.20 17:19:30 INFO  [INFO] Resolving artifact: org.springframework:spring-beans:jar:7.0.9:compile (sources = true)
2026.09.20 17:19:30 INFO  [INFO] SUCCESS: org.springframework:spring-beans:jar:7.0.9:compile (sources = true)
2026.09.20 17:19:30 INFO  [INFO] Resolving artifact: org.springframework.boot:spring-boot-web-server:jar:4.1.1:compile (sources = false)
2026.09.20 17:19:30 INFO  [INFO] SUCCESS: org.springframework.boot:spring-boot-web-server:jar:4.1.1:compile (sources = false)
2026.09.20 17:19:30 INFO  [INFO] Resolving artifact: org.springframework.boot:spring-boot-web-server:jar:4.1.1:compile (sources = true)
2026.09.20 17:19:30 INFO  Downloading from central: https://repo.maven.apache.org/maven2/org/springframework/boot/spring-boot-web-server/4.1.1/spring-boot-web-server-4.1.1-sources.jar
2026.09.20 17:19:30 INFO  Progress (1): 0.9/130 kB
2026.09.20 17:19:30 INFO  Progress (1): 2.3/130 kB
2026.09.20 17:19:30 INFO  Progress (1): 3.6/130 kB
2026.09.20 17:19:30 INFO  Progress (1): 5.0/130 kB
2026.09.20 17:19:30 INFO  Progress (1): 6.4/130 kB
2026.09.20 17:19:30 INFO  Progress (1): 7.7/130 kB
2026.09.20 17:19:30 INFO  Progress (1): 9.1/130 kB
2026.09.20 17:19:30 INFO  Progress (1): 10/130 kB 
2026.09.20 17:19:30 INFO  Progress (1): 11/130 kB
2026.09.20 17:19:30 INFO  Progress (1): 13/130 kB
2026.09.20 17:19:30 INFO  Progress (1): 14/130 kB
2026.09.20 17:19:30 INFO  Progress (1): 15/130 kB
2026.09.20 17:19:30 INFO  Progress (1): 17/130 kB
2026.09.20 17:19:30 INFO  Progress (1): 18/130 kB
2026.09.20 17:19:30 INFO  Progress (1): 20/130 kB
2026.09.20 17:19:30 INFO  Progress (1): 21/130 kB
2026.09.20 17:19:30 INFO  Progress (1): 22/130 kB
2026.09.20 17:19:30 INFO  Progress (1): 24/130 kB
2026.09.20 17:19:30 INFO  Progress (1): 25/130 kB
2026.09.20 17:19:30 INFO  Progress (1): 29/130 kB
2026.09.20 17:19:30 INFO  Progress (1): 34/130 kB
2026.09.20 17:19:30 INFO  Progress (1): 38/130 kB
2026.09.20 17:19:30 INFO  Progress (1): 42/130 kB
2026.09.20 17:19:30 INFO  Progress (1): 46/130 kB
2026.09.20 17:19:30 INFO  Progress (1): 50/130 kB
2026.09.20 17:19:30 INFO  Progress (1): 55/130 kB
2026.09.20 17:19:30 INFO  Progress (1): 59/130 kB
2026.09.20 17:19:30 INFO  Progress (1): 61/130 kB
2026.09.20 17:19:30 INFO  Progress (1): 65/130 kB
2026.09.20 17:19:30 INFO  Progress (1): 69/130 kB
2026.09.20 17:19:30 INFO  Progress (1): 73/130 kB
2026.09.20 17:19:30 INFO  Progress (1): 77/130 kB
2026.09.20 17:19:30 INFO  Progress (1): 82/130 kB
2026.09.20 17:19:30 INFO  Progress (1): 86/130 kB
2026.09.20 17:19:30 INFO  Progress (1): 90/130 kB
2026.09.20 17:19:30 INFO  Progress (1): 94/130 kB
2026.09.20 17:19:30 INFO  Progress (1): 99/130 kB
2026.09.20 17:19:30 INFO  Progress (1): 103/130 kB
2026.09.20 17:19:30 INFO  Progress (1): 107/130 kB
2026.09.20 17:19:30 INFO  Progress (1): 111/130 kB
2026.09.20 17:19:30 INFO  Progress (1): 115/130 kB
2026.09.20 17:19:30 INFO  Progress (1): 120/130 kB
2026.09.20 17:19:30 INFO  Progress (1): 124/130 kB
2026.09.20 17:19:30 INFO  Progress (1): 128/130 kB
2026.09.20 17:19:30 INFO  Progress (1): 130 kB    
2026.09.20 17:19:30 INFO                      
2026.09.20 17:19:30 INFO  Downloaded from central: https://repo.maven.apache.org/maven2/org/springframework/boot/spring-boot-web-server/4.1.1/spring-boot-web-server-4.1.1-sources.jar (130 kB at 468 kB/s)
2026.09.20 17:19:30 INFO  [INFO] SUCCESS: org.springframework.boot:spring-boot-web-server:jar:4.1.1:compile (sources = true)
2026.09.20 17:19:30 INFO  [INFO] Resolving artifact: net.bytebuddy:byte-buddy:jar:1.18.11:runtime (sources = false)
2026.09.20 17:19:30 INFO  [INFO] SUCCESS: net.bytebuddy:byte-buddy:jar:1.18.11:runtime (sources = false)
2026.09.20 17:19:30 INFO  [INFO] Resolving artifact: net.bytebuddy:byte-buddy:jar:1.18.11:runtime (sources = true)
2026.09.20 17:19:30 INFO  [INFO] SUCCESS: net.bytebuddy:byte-buddy:jar:1.18.11:runtime (sources = true)
2026.09.20 17:19:30 INFO  [INFO] Resolving artifact: org.springframework.boot:spring-boot:jar:4.1.1:compile (sources = false)
2026.09.20 17:19:30 INFO  [INFO] SUCCESS: org.springframework.boot:spring-boot:jar:4.1.1:compile (sources = false)
2026.09.20 17:19:30 INFO  [INFO] Resolving artifact: org.springframework.boot:spring-boot:jar:4.1.1:compile (sources = true)
2026.09.20 17:19:30 INFO  [INFO] SUCCESS: org.springframework.boot:spring-boot:jar:4.1.1:compile (sources = true)
2026.09.20 17:19:30 INFO  [INFO] Resolving artifact: com.fasterxml.jackson.core:jackson-annotations:jar:2.21:compile (sources = false)
2026.09.20 17:19:30 INFO  [INFO] SUCCESS: com.fasterxml.jackson.core:jackson-annotations:jar:2.21:compile (sources = false)
2026.09.20 17:19:30 INFO  [INFO] Resolving artifact: com.fasterxml.jackson.core:jackson-annotations:jar:2.21:compile (sources = true)
2026.09.20 17:19:30 INFO  Downloading from central: https://repo.maven.apache.org/maven2/com/fasterxml/jackson/core/jackson-annotations/2.21/jackson-annotations-2.21-sources.jar
2026.09.20 17:19:30 INFO  Progress (1): 3.8/90 kB
2026.09.20 17:19:30 INFO  Progress (1): 8.0/90 kB
2026.09.20 17:19:30 INFO  Progress (1): 12/90 kB 
2026.09.20 17:19:30 INFO  Progress (1): 16/90 kB
2026.09.20 17:19:30 INFO  Progress (1): 21/90 kB
2026.09.20 17:19:30 INFO  Progress (1): 24/90 kB
2026.09.20 17:19:30 INFO  Progress (1): 28/90 kB
2026.09.20 17:19:30 INFO  Progress (1): 33/90 kB
2026.09.20 17:19:30 INFO  Progress (1): 37/90 kB
2026.09.20 17:19:30 INFO  Progress (1): 41/90 kB
2026.09.20 17:19:30 INFO  Progress (1): 45/90 kB
2026.09.20 17:19:30 INFO  Progress (1): 49/90 kB
2026.09.20 17:19:30 INFO  Progress (1): 54/90 kB
2026.09.20 17:19:30 INFO  Progress (1): 58/90 kB
2026.09.20 17:19:30 INFO  Progress (1): 74/90 kB
2026.09.20 17:19:30 INFO  Progress (1): 90 kB   
2026.09.20 17:19:30 INFO                     
2026.09.20 17:19:30 INFO  Downloaded from central: https://repo.maven.apache.org/maven2/com/fasterxml/jackson/core/jackson-annotations/2.21/jackson-annotations-2.21-sources.jar (90 kB at 567 kB/s)
2026.09.20 17:19:30 INFO  [INFO] SUCCESS: com.fasterxml.jackson.core:jackson-annotations:jar:2.21:compile (sources = true)
2026.09.20 17:19:30 INFO  [INFO] Resolving artifact: org.springframework:spring-aop:jar:7.0.9:compile (sources = false)
2026.09.20 17:19:30 INFO  [INFO] SUCCESS: org.springframework:spring-aop:jar:7.0.9:compile (sources = false)
2026.09.20 17:19:30 INFO  [INFO] Resolving artifact: org.springframework:spring-aop:jar:7.0.9:compile (sources = true)
2026.09.20 17:19:30 INFO  [INFO] SUCCESS: org.springframework:spring-aop:jar:7.0.9:compile (sources = true)
2026.09.20 17:19:30 INFO  [INFO] Resolving artifact: org.jboss.logging:jboss-logging:jar:3.6.3.Final:runtime (sources = false)
2026.09.20 17:19:30 INFO  [INFO] SUCCESS: org.jboss.logging:jboss-logging:jar:3.6.3.Final:runtime (sources = false)
2026.09.20 17:19:30 INFO  [INFO] Resolving artifact: org.jboss.logging:jboss-logging:jar:3.6.3.Final:runtime (sources = true)
2026.09.20 17:19:30 INFO  Downloading from central: https://repo.maven.apache.org/maven2/org/jboss/logging/jboss-logging/3.6.3.Final/jboss-logging-3.6.3.Final-sources.jar
2026.09.20 17:19:30 INFO  Progress (1): 7.7/47 kB
2026.09.20 17:19:30 INFO  Progress (1): 7.7/47 kB
2026.09.20 17:19:30 INFO  Progress (1): 24/47 kB 
2026.09.20 17:19:30 INFO  Progress (1): 40/47 kB
2026.09.20 17:19:30 INFO  Progress (1): 47 kB   
2026.09.20 17:19:30 INFO                     
2026.09.20 17:19:30 INFO  Downloaded from central: https://repo.maven.apache.org/maven2/org/jboss/logging/jboss-logging/3.6.3.Final/jboss-logging-3.6.3.Final-sources.jar (47 kB at 325 kB/s)
2026.09.20 17:19:30 INFO  [INFO] SUCCESS: org.jboss.logging:jboss-logging:jar:3.6.3.Final:runtime (sources = true)
2026.09.20 17:19:30 INFO  [INFO] Resolving artifact: tools.jackson.core:jackson-core:jar:3.1.5:compile (sources = false)
2026.09.20 17:19:30 INFO  [INFO] SUCCESS: tools.jackson.core:jackson-core:jar:3.1.5:compile (sources = false)
2026.09.20 17:19:30 INFO  [INFO] Resolving artifact: tools.jackson.core:jackson-core:jar:3.1.5:compile (sources = true)
2026.09.20 17:19:30 INFO  Downloading from central: https://repo.maven.apache.org/maven2/tools/jackson/core/jackson-core/3.1.5/jackson-core-3.1.5-sources.jar
2026.09.20 17:19:31 INFO  Progress (1): 7.7/491 kB
2026.09.20 17:19:31 INFO  Progress (1): 16/491 kB 
2026.09.20 17:19:31 INFO  Progress (1): 28/491 kB
2026.09.20 17:19:31 INFO  Progress (1): 44/491 kB
2026.09.20 17:19:31 INFO  Progress (1): 61/491 kB
2026.09.20 17:19:31 INFO  Progress (1): 69/491 kB
2026.09.20 17:19:31 INFO  Progress (1): 85/491 kB
2026.09.20 17:19:31 INFO  Progress (1): 101/491 kB
2026.09.20 17:19:31 INFO  Progress (1): 118/491 kB
2026.09.20 17:19:31 INFO  Progress (1): 134/491 kB
2026.09.20 17:19:31 INFO  Progress (1): 151/491 kB
2026.09.20 17:19:31 INFO  Progress (1): 167/491 kB
2026.09.20 17:19:31 INFO  Progress (1): 183/491 kB
2026.09.20 17:19:31 INFO  Progress (1): 192/491 kB
2026.09.20 17:19:31 INFO  Progress (1): 208/491 kB
2026.09.20 17:19:31 INFO  Progress (1): 224/491 kB
2026.09.20 17:19:31 INFO  Progress (1): 241/491 kB
2026.09.20 17:19:31 INFO  Progress (1): 257/491 kB
2026.09.20 17:19:31 INFO  Progress (1): 274/491 kB
2026.09.20 17:19:31 INFO  Progress (1): 290/491 kB
2026.09.20 17:19:31 INFO  Progress (1): 306/491 kB
2026.09.20 17:19:31 INFO  Progress (1): 323/491 kB
2026.09.20 17:19:31 INFO  Progress (1): 339/491 kB
2026.09.20 17:19:31 INFO  Progress (1): 355/491 kB
2026.09.20 17:19:31 INFO  Progress (1): 372/491 kB
2026.09.20 17:19:31 INFO  Progress (1): 388/491 kB
2026.09.20 17:19:31 INFO  Progress (1): 405/491 kB
2026.09.20 17:19:31 INFO  Progress (1): 421/491 kB
2026.09.20 17:19:31 INFO  Progress (1): 437/491 kB
2026.09.20 17:19:31 INFO  Progress (1): 454/491 kB
2026.09.20 17:19:31 INFO  Progress (1): 470/491 kB
2026.09.20 17:19:31 INFO  Progress (1): 487/491 kB
2026.09.20 17:19:31 INFO  Progress (1): 491 kB    
2026.09.20 17:19:31 INFO                      
2026.09.20 17:19:31 INFO  Downloaded from central: https://repo.maven.apache.org/maven2/tools/jackson/core/jackson-core/3.1.5/jackson-core-3.1.5-sources.jar (491 kB at 993 kB/s)
2026.09.20 17:19:31 INFO  [INFO] SUCCESS: tools.jackson.core:jackson-core:jar:3.1.5:compile (sources = true)
2026.09.20 17:19:31 INFO  [INFO] Resolving artifact: org.apache.tomcat.embed:tomcat-embed-websocket:jar:11.0.24:compile (sources = false)
2026.09.20 17:19:31 INFO  [INFO] SUCCESS: org.apache.tomcat.embed:tomcat-embed-websocket:jar:11.0.24:compile (sources = false)
2026.09.20 17:19:31 INFO  [INFO] Resolving artifact: org.apache.tomcat.embed:tomcat-embed-websocket:jar:11.0.24:compile (sources = true)
2026.09.20 17:19:31 INFO  Downloading from central: https://repo.maven.apache.org/maven2/org/apache/tomcat/embed/tomcat-embed-websocket/11.0.24/tomcat-embed-websocket-11.0.24-sources.jar
2026.09.20 17:19:31 INFO  Progress (1): 7.7/268 kB
2026.09.20 17:19:31 INFO  Progress (1): 11/268 kB 
2026.09.20 17:19:31 INFO  Progress (1): 28/268 kB
2026.09.20 17:19:31 INFO  Progress (1): 44/268 kB
2026.09.20 17:19:31 INFO  Progress (1): 61/268 kB
2026.09.20 17:19:31 INFO  Progress (1): 77/268 kB
2026.09.20 17:19:31 INFO  Progress (1): 93/268 kB
2026.09.20 17:19:31 INFO  Progress (1): 110/268 kB
2026.09.20 17:19:31 INFO  Progress (1): 126/268 kB
2026.09.20 17:19:31 INFO  Progress (1): 142/268 kB
2026.09.20 17:19:31 INFO  Progress (1): 159/268 kB
2026.09.20 17:19:31 INFO  Progress (1): 175/268 kB
2026.09.20 17:19:31 INFO  Progress (1): 192/268 kB
2026.09.20 17:19:31 INFO  Progress (1): 208/268 kB
2026.09.20 17:19:31 INFO  Progress (1): 224/268 kB
2026.09.20 17:19:31 INFO  Progress (1): 241/268 kB
2026.09.20 17:19:31 INFO  Progress (1): 257/268 kB
2026.09.20 17:19:31 INFO  Progress (1): 268 kB    
2026.09.20 17:19:31 INFO                      
2026.09.20 17:19:31 INFO  Downloaded from central: https://repo.maven.apache.org/maven2/org/apache/tomcat/embed/tomcat-embed-websocket/11.0.24/tomcat-embed-websocket-11.0.24-sources.jar (268 kB at 1.1 MB/s)
2026.09.20 17:19:31 INFO  [INFO] SUCCESS: org.apache.tomcat.embed:tomcat-embed-websocket:jar:11.0.24:compile (sources = true)
2026.09.20 17:19:31 INFO  [INFO] Resolving artifact: org.assertj:assertj-core:jar:3.27.7:test (sources = false)
2026.09.20 17:19:31 INFO  [INFO] SUCCESS: org.assertj:assertj-core:jar:3.27.7:test (sources = false)
2026.09.20 17:19:31 INFO  [INFO] Resolving artifact: org.assertj:assertj-core:jar:3.27.7:test (sources = true)
2026.09.20 17:19:31 INFO  [INFO] SUCCESS: org.assertj:assertj-core:jar:3.27.7:test (sources = true)
2026.09.20 17:19:31 INFO  [INFO] Resolving artifact: com.zaxxer:HikariCP:jar:7.0.2:compile (sources = false)
2026.09.20 17:19:31 INFO  [INFO] SUCCESS: com.zaxxer:HikariCP:jar:7.0.2:compile (sources = false)
2026.09.20 17:19:31 INFO  [INFO] Resolving artifact: com.zaxxer:HikariCP:jar:7.0.2:compile (sources = true)
2026.09.20 17:19:31 INFO  Downloading from central: https://repo.maven.apache.org/maven2/com/zaxxer/HikariCP/7.0.2/HikariCP-7.0.2-sources.jar
2026.09.20 17:19:31 INFO  Progress (1): 7.7/103 kB
2026.09.20 17:19:31 INFO  Progress (1): 8.2/103 kB
2026.09.20 17:19:31 INFO  Progress (1): 25/103 kB 
2026.09.20 17:19:31 INFO  Progress (1): 41/103 kB
2026.09.20 17:19:31 INFO  Progress (1): 57/103 kB
2026.09.20 17:19:31 INFO  Progress (1): 74/103 kB
2026.09.20 17:19:31 INFO  Progress (1): 90/103 kB
2026.09.20 17:19:31 INFO  Progress (1): 103 kB   
2026.09.20 17:19:31 INFO                      
2026.09.20 17:19:31 INFO  Downloaded from central: https://repo.maven.apache.org/maven2/com/zaxxer/HikariCP/7.0.2/HikariCP-7.0.2-sources.jar (103 kB at 674 kB/s)
2026.09.20 17:19:31 INFO  [INFO] SUCCESS: com.zaxxer:HikariCP:jar:7.0.2:compile (sources = true)
2026.09.20 17:19:31 INFO  [INFO] Resolving artifact: org.springframework.boot:spring-boot-autoconfigure:jar:4.1.1:compile (sources = false)
2026.09.20 17:19:31 INFO  [INFO] SUCCESS: org.springframework.boot:spring-boot-autoconfigure:jar:4.1.1:compile (sources = false)
2026.09.20 17:19:31 INFO  [INFO] Resolving artifact: org.springframework.boot:spring-boot-autoconfigure:jar:4.1.1:compile (sources = true)
2026.09.20 17:19:31 INFO  [INFO] SUCCESS: org.springframework.boot:spring-boot-autoconfigure:jar:4.1.1:compile (sources = true)
2026.09.20 17:19:31 INFO  [INFO] Resolving artifact: org.glassfish.jaxb:jaxb-core:jar:4.0.9:runtime (sources = false)
2026.09.20 17:19:31 INFO  [INFO] SUCCESS: org.glassfish.jaxb:jaxb-core:jar:4.0.9:runtime (sources = false)
2026.09.20 17:19:31 INFO  [INFO] Resolving artifact: org.glassfish.jaxb:jaxb-core:jar:4.0.9:runtime (sources = true)
2026.09.20 17:19:31 INFO  Downloading from central: https://repo.maven.apache.org/maven2/org/glassfish/jaxb/jaxb-core/4.0.9/jaxb-core-4.0.9-sources.jar
2026.09.20 17:19:31 INFO  Progress (1): 7.7/133 kB
2026.09.20 17:19:31 INFO  Progress (1): 16/133 kB 
2026.09.20 17:19:31 INFO  Progress (1): 16/133 kB
2026.09.20 17:19:31 INFO  Progress (1): 33/133 kB
2026.09.20 17:19:31 INFO  Progress (1): 49/133 kB
2026.09.20 17:19:31 INFO  Progress (1): 66/133 kB
2026.09.20 17:19:31 INFO  Progress (1): 82/133 kB
2026.09.20 17:19:31 INFO  Progress (1): 98/133 kB
2026.09.20 17:19:31 INFO  Progress (1): 115/133 kB
2026.09.20 17:19:31 INFO  Progress (1): 131/133 kB
2026.09.20 17:19:31 INFO  Progress (1): 133 kB    
2026.09.20 17:19:32 INFO                      
2026.09.20 17:19:32 INFO  Downloaded from central: https://repo.maven.apache.org/maven2/org/glassfish/jaxb/jaxb-core/4.0.9/jaxb-core-4.0.9-sources.jar (133 kB at 697 kB/s)
2026.09.20 17:19:32 INFO  [INFO] SUCCESS: org.glassfish.jaxb:jaxb-core:jar:4.0.9:runtime (sources = true)
2026.09.20 17:19:32 INFO  [INFO] Resolving artifact: org.antlr:antlr4-runtime:jar:4.13.2:compile (sources = false)
2026.09.20 17:19:32 INFO  [INFO] SUCCESS: org.antlr:antlr4-runtime:jar:4.13.2:compile (sources = false)
2026.09.20 17:19:32 INFO  [INFO] Resolving artifact: org.antlr:antlr4-runtime:jar:4.13.2:compile (sources = true)
2026.09.20 17:19:32 INFO  Downloading from central: https://repo.maven.apache.org/maven2/org/antlr/antlr4-runtime/4.13.2/antlr4-runtime-4.13.2-sources.jar
2026.09.20 17:19:32 INFO  Progress (1): 16/314 kB
2026.09.20 17:19:32 INFO  Progress (1): 25/314 kB
2026.09.20 17:19:32 INFO  Progress (1): 41/314 kB
2026.09.20 17:19:32 INFO  Progress (1): 57/314 kB
2026.09.20 17:19:32 INFO  Progress (1): 74/314 kB
2026.09.20 17:19:32 INFO  Progress (1): 90/314 kB
2026.09.20 17:19:32 INFO  Progress (1): 106/314 kB
2026.09.20 17:19:32 INFO  Progress (1): 123/314 kB
2026.09.20 17:19:32 INFO  Progress (1): 139/314 kB
2026.09.20 17:19:32 INFO  Progress (1): 156/314 kB
2026.09.20 17:19:32 INFO  Progress (1): 172/314 kB
2026.09.20 17:19:32 INFO  Progress (1): 188/314 kB
2026.09.20 17:19:32 INFO  Progress (1): 205/314 kB
2026.09.20 17:19:32 INFO  Progress (1): 221/314 kB
2026.09.20 17:19:32 INFO  Progress (1): 229/314 kB
2026.09.20 17:19:32 INFO  Progress (1): 238/314 kB
2026.09.20 17:19:32 INFO  Progress (1): 254/314 kB
2026.09.20 17:19:32 INFO  Progress (1): 270/314 kB
2026.09.20 17:19:32 INFO  Progress (1): 287/314 kB
2026.09.20 17:19:32 INFO  Progress (1): 303/314 kB
2026.09.20 17:19:32 INFO  Progress (1): 314 kB    
2026.09.20 17:19:32 INFO                      
2026.09.20 17:19:32 INFO  Downloaded from central: https://repo.maven.apache.org/maven2/org/antlr/antlr4-runtime/4.13.2/antlr4-runtime-4.13.2-sources.jar (314 kB at 1.6 MB/s)
2026.09.20 17:19:32 INFO  [INFO] SUCCESS: org.antlr:antlr4-runtime:jar:4.13.2:compile (sources = true)
2026.09.20 17:19:32 INFO  [INFO] Resolving artifact: org.opentest4j:opentest4j:jar:1.3.0:test (sources = false)
2026.09.20 17:19:32 INFO  [INFO] SUCCESS: org.opentest4j:opentest4j:jar:1.3.0:test (sources = false)
2026.09.20 17:19:32 INFO  [INFO] Resolving artifact: org.opentest4j:opentest4j:jar:1.3.0:test (sources = true)
2026.09.20 17:19:32 INFO  [INFO] SUCCESS: org.opentest4j:opentest4j:jar:1.3.0:test (sources = true)
2026.09.20 17:19:32 INFO  [INFO] Resolving artifact: org.springframework:spring-aspects:jar:7.0.9:compile (sources = false)
2026.09.20 17:19:32 INFO  [INFO] SUCCESS: org.springframework:spring-aspects:jar:7.0.9:compile (sources = false)
2026.09.20 17:19:32 INFO  [INFO] Resolving artifact: org.springframework:spring-aspects:jar:7.0.9:compile (sources = true)
2026.09.20 17:19:32 INFO  Downloading from central: https://repo.maven.apache.org/maven2/org/springframework/spring-aspects/7.0.9/spring-aspects-7.0.9-sources.jar
2026.09.20 17:19:32 INFO  Progress (1): 8.2/33 kB
2026.09.20 17:19:32 INFO  Progress (1): 25/33 kB 
2026.09.20 17:19:32 INFO  Progress (1): 33 kB   
2026.09.20 17:19:32 INFO                     
2026.09.20 17:19:32 INFO  Downloaded from central: https://repo.maven.apache.org/maven2/org/springframework/spring-aspects/7.0.9/spring-aspects-7.0.9-sources.jar (33 kB at 247 kB/s)
2026.09.20 17:19:32 INFO  [INFO] SUCCESS: org.springframework:spring-aspects:jar:7.0.9:compile (sources = true)
2026.09.20 17:19:32 INFO  [INFO] Resolving artifact: org.springframework:spring-jdbc:jar:7.0.9:compile (sources = false)
2026.09.20 17:19:32 INFO  [INFO] SUCCESS: org.springframework:spring-jdbc:jar:7.0.9:compile (sources = false)
2026.09.20 17:19:32 INFO  [INFO] Resolving artifact: org.springframework:spring-jdbc:jar:7.0.9:compile (sources = true)
2026.09.20 17:19:32 INFO  Downloading from central: https://repo.maven.apache.org/maven2/org/springframework/spring-jdbc/7.0.9/spring-jdbc-7.0.9-sources.jar
2026.09.20 17:19:32 INFO  Progress (1): 7.7/464 kB
2026.09.20 17:19:32 INFO  Progress (1): 8.2/464 kB
2026.09.20 17:19:32 INFO  Progress (1): 25/464 kB 
2026.09.20 17:19:32 INFO  Progress (1): 41/464 kB
2026.09.20 17:19:32 INFO  Progress (1): 57/464 kB
2026.09.20 17:19:32 INFO  Progress (1): 74/464 kB
2026.09.20 17:19:32 INFO  Progress (1): 90/464 kB
2026.09.20 17:19:32 INFO  Progress (1): 106/464 kB
2026.09.20 17:19:32 INFO  Progress (1): 123/464 kB
2026.09.20 17:19:32 INFO  Progress (1): 139/464 kB
2026.09.20 17:19:32 INFO  Progress (1): 156/464 kB
2026.09.20 17:19:32 INFO  Progress (1): 172/464 kB
2026.09.20 17:19:32 INFO  Progress (1): 188/464 kB
2026.09.20 17:19:32 INFO  Progress (1): 205/464 kB
2026.09.20 17:19:32 INFO  Progress (1): 221/464 kB
2026.09.20 17:19:32 INFO  Progress (1): 238/464 kB
2026.09.20 17:19:32 INFO  Progress (1): 254/464 kB
2026.09.20 17:19:32 INFO  Progress (1): 270/464 kB
2026.09.20 17:19:32 INFO  Progress (1): 287/464 kB
2026.09.20 17:19:32 INFO  Progress (1): 303/464 kB
2026.09.20 17:19:32 INFO  Progress (1): 319/464 kB
2026.09.20 17:19:32 INFO  Progress (1): 336/464 kB
2026.09.20 17:19:32 INFO  Progress (1): 352/464 kB
2026.09.20 17:19:32 INFO  Progress (1): 369/464 kB
2026.09.20 17:19:32 INFO  Progress (1): 385/464 kB
2026.09.20 17:19:32 INFO  Progress (1): 401/464 kB
2026.09.20 17:19:32 INFO  Progress (1): 418/464 kB
2026.09.20 17:19:32 INFO  Progress (1): 434/464 kB
2026.09.20 17:19:32 INFO  Progress (1): 451/464 kB
2026.09.20 17:19:32 INFO  Progress (1): 464 kB    
2026.09.20 17:19:32 INFO                      
2026.09.20 17:19:32 INFO  Downloaded from central: https://repo.maven.apache.org/maven2/org/springframework/spring-jdbc/7.0.9/spring-jdbc-7.0.9-sources.jar (464 kB at 1.3 MB/s)
2026.09.20 17:19:32 INFO  [INFO] SUCCESS: org.springframework:spring-jdbc:jar:7.0.9:compile (sources = true)
2026.09.20 17:19:32 INFO  [INFO] Resolving artifact: org.springframework.boot:spring-boot-tomcat:jar:4.1.1:compile (sources = false)
2026.09.20 17:19:32 INFO  [INFO] SUCCESS: org.springframework.boot:spring-boot-tomcat:jar:4.1.1:compile (sources = false)
2026.09.20 17:19:32 INFO  [INFO] Resolving artifact: org.springframework.boot:spring-boot-tomcat:jar:4.1.1:compile (sources = true)
2026.09.20 17:19:32 INFO  Downloading from central: https://repo.maven.apache.org/maven2/org/springframework/boot/spring-boot-tomcat/4.1.1/spring-boot-tomcat-4.1.1-sources.jar
2026.09.20 17:19:32 INFO  Progress (1): 7.7/80 kB
2026.09.20 17:19:32 INFO  Progress (1): 11/80 kB 
2026.09.20 17:19:32 INFO  Progress (1): 28/80 kB
2026.09.20 17:19:32 INFO  Progress (1): 44/80 kB
2026.09.20 17:19:32 INFO  Progress (1): 61/80 kB
2026.09.20 17:19:32 INFO  Progress (1): 77/80 kB
2026.09.20 17:19:32 INFO  Progress (1): 80 kB   
2026.09.20 17:19:32 INFO                     
2026.09.20 17:19:32 INFO  Downloaded from central: https://repo.maven.apache.org/maven2/org/springframework/boot/spring-boot-tomcat/4.1.1/spring-boot-tomcat-4.1.1-sources.jar (80 kB at 512 kB/s)
2026.09.20 17:19:32 INFO  [INFO] SUCCESS: org.springframework.boot:spring-boot-tomcat:jar:4.1.1:compile (sources = true)
2026.09.20 17:19:32 INFO  [INFO] Resolving artifact: org.junit.jupiter:junit-jupiter:jar:6.0.3:test (sources = false)
2026.09.20 17:19:32 INFO  [INFO] SUCCESS: org.junit.jupiter:junit-jupiter:jar:6.0.3:test (sources = false)
2026.09.20 17:19:32 INFO  [INFO] Resolving artifact: org.junit.jupiter:junit-jupiter:jar:6.0.3:test (sources = true)
2026.09.20 17:19:32 INFO  [INFO] SUCCESS: org.junit.jupiter:junit-jupiter:jar:6.0.3:test (sources = true)
2026.09.20 17:19:32 INFO  [INFO] Resolving artifact: jakarta.transaction:jakarta.transaction-api:jar:2.0.1:compile (sources = false)
2026.09.20 17:19:32 INFO  [INFO] SUCCESS: jakarta.transaction:jakarta.transaction-api:jar:2.0.1:compile (sources = false)
2026.09.20 17:19:32 INFO  [INFO] Resolving artifact: jakarta.transaction:jakarta.transaction-api:jar:2.0.1:compile (sources = true)
2026.09.20 17:19:32 INFO  Downloading from central: https://repo.maven.apache.org/maven2/jakarta/transaction/jakarta.transaction-api/2.0.1/jakarta.transaction-api-2.0.1-sources.jar
2026.09.20 17:19:33 INFO  Progress (1): 16/40 kB
2026.09.20 17:19:33 INFO  Progress (1): 33/40 kB
2026.09.20 17:19:33 INFO  Progress (1): 40 kB   
2026.09.20 17:19:33 INFO                     
2026.09.20 17:19:33 INFO  Downloaded from central: https://repo.maven.apache.org/maven2/jakarta/transaction/jakarta.transaction-api/2.0.1/jakarta.transaction-api-2.0.1-sources.jar (40 kB at 263 kB/s)
2026.09.20 17:19:33 INFO  [INFO] SUCCESS: jakarta.transaction:jakarta.transaction-api:jar:2.0.1:compile (sources = true)
2026.09.20 17:19:33 INFO  [INFO] Resolving artifact: org.springframework.data:spring-data-commons:jar:4.1.1:compile (sources = false)
2026.09.20 17:19:33 INFO  [INFO] SUCCESS: org.springframework.data:spring-data-commons:jar:4.1.1:compile (sources = false)
2026.09.20 17:19:33 INFO  [INFO] Resolving artifact: org.springframework.data:spring-data-commons:jar:4.1.1:compile (sources = true)
2026.09.20 17:19:33 INFO  [INFO] SUCCESS: org.springframework.data:spring-data-commons:jar:4.1.1:compile (sources = true)
2026.09.20 17:19:33 INFO  [INFO] Resolving artifact: org.springframework.boot:spring-boot-jdbc:jar:4.1.1:compile (sources = false)
2026.09.20 17:19:33 INFO  [INFO] SUCCESS: org.springframework.boot:spring-boot-jdbc:jar:4.1.1:compile (sources = false)
2026.09.20 17:19:33 INFO  [INFO] Resolving artifact: org.springframework.boot:spring-boot-jdbc:jar:4.1.1:compile (sources = true)
2026.09.20 17:19:33 INFO  Downloading from central: https://repo.maven.apache.org/maven2/org/springframework/boot/spring-boot-jdbc/4.1.1/spring-boot-jdbc-4.1.1-sources.jar
2026.09.20 17:19:33 INFO  Progress (1): 7.7/117 kB
2026.09.20 17:19:33 INFO  Progress (1): 7.7/117 kB
2026.09.20 17:19:33 INFO  Progress (1): 24/117 kB 
2026.09.20 17:19:33 INFO  Progress (1): 25/117 kB
2026.09.20 17:19:33 INFO  Progress (1): 41/117 kB
2026.09.20 17:19:33 INFO  Progress (1): 57/117 kB
2026.09.20 17:19:33 INFO  Progress (1): 66/117 kB
2026.09.20 17:19:33 INFO  Progress (1): 82/117 kB
2026.09.20 17:19:33 INFO  Progress (1): 87/117 kB
2026.09.20 17:19:33 INFO  Progress (1): 103/117 kB
2026.09.20 17:19:33 INFO  Progress (1): 106/117 kB
2026.09.20 17:19:33 INFO  Progress (1): 117 kB    
2026.09.20 17:19:33 INFO                      
2026.09.20 17:19:33 INFO  Downloaded from central: https://repo.maven.apache.org/maven2/org/springframework/boot/spring-boot-jdbc/4.1.1/spring-boot-jdbc-4.1.1-sources.jar (117 kB at 536 kB/s)
2026.09.20 17:19:33 INFO  [INFO] SUCCESS: org.springframework.boot:spring-boot-jdbc:jar:4.1.1:compile (sources = true)
2026.09.20 17:19:33 INFO  [INFO] Resolving artifact: org.springframework.boot:spring-boot-data-jpa:jar:4.1.1:compile (sources = false)
2026.09.20 17:19:33 INFO  [INFO] SUCCESS: org.springframework.boot:spring-boot-data-jpa:jar:4.1.1:compile (sources = false)
2026.09.20 17:19:33 INFO  [INFO] Resolving artifact: org.springframework.boot:spring-boot-data-jpa:jar:4.1.1:compile (sources = true)
2026.09.20 17:19:33 INFO  Downloading from central: https://repo.maven.apache.org/maven2/org/springframework/boot/spring-boot-data-jpa/4.1.1/spring-boot-data-jpa-4.1.1-sources.jar
2026.09.20 17:19:33 INFO  Progress (1): 7.7/11 kB
2026.09.20 17:19:33 INFO  Progress (1): 7.7/11 kB
2026.09.20 17:19:33 INFO  Progress (1): 11 kB    
2026.09.20 17:19:33 INFO                     
2026.09.20 17:19:33 INFO  Downloaded from central: https://repo.maven.apache.org/maven2/org/springframework/boot/spring-boot-data-jpa/4.1.1/spring-boot-data-jpa-4.1.1-sources.jar (11 kB at 66 kB/s)
2026.09.20 17:19:33 INFO  [INFO] SUCCESS: org.springframework.boot:spring-boot-data-jpa:jar:4.1.1:compile (sources = true)
2026.09.20 17:19:33 INFO  [INFO] Resolving artifact: jakarta.persistence:jakarta.persistence-api:jar:3.2.0:compile (sources = false)
2026.09.20 17:19:33 INFO  [INFO] SUCCESS: jakarta.persistence:jakarta.persistence-api:jar:3.2.0:compile (sources = false)
2026.09.20 17:19:33 INFO  [INFO] Resolving artifact: jakarta.persistence:jakarta.persistence-api:jar:3.2.0:compile (sources = true)
2026.09.20 17:19:33 INFO  [INFO] SUCCESS: jakarta.persistence:jakarta.persistence-api:jar:3.2.0:compile (sources = true)
2026.09.20 17:19:33 INFO  [INFO] Resolving artifact: org.springframework:spring-tx:jar:7.0.9:compile (sources = false)
2026.09.20 17:19:33 INFO  [INFO] SUCCESS: org.springframework:spring-tx:jar:7.0.9:compile (sources = false)
2026.09.20 17:19:33 INFO  [INFO] Resolving artifact: org.springframework:spring-tx:jar:7.0.9:compile (sources = true)
2026.09.20 17:19:33 INFO  Downloading from central: https://repo.maven.apache.org/maven2/org/springframework/spring-tx/7.0.9/spring-tx-7.0.9-sources.jar
2026.09.20 17:19:33 INFO  Progress (1): 7.7/302 kB
2026.09.20 17:19:33 INFO  Progress (1): 7.7/302 kB
2026.09.20 17:19:33 INFO  Progress (1): 24/302 kB 
2026.09.20 17:19:33 INFO  Progress (1): 40/302 kB
2026.09.20 17:19:33 INFO  Progress (1): 57/302 kB
2026.09.20 17:19:33 INFO  Progress (1): 73/302 kB
2026.09.20 17:19:33 INFO  Progress (1): 90/302 kB
2026.09.20 17:19:33 INFO  Progress (1): 106/302 kB
2026.09.20 17:19:33 INFO  Progress (1): 122/302 kB
2026.09.20 17:19:33 INFO  Progress (1): 131/302 kB
2026.09.20 17:19:33 INFO  Progress (1): 147/302 kB
2026.09.20 17:19:33 INFO  Progress (1): 164/302 kB
2026.09.20 17:19:33 INFO  Progress (1): 180/302 kB
2026.09.20 17:19:33 INFO  Progress (1): 197/302 kB
2026.09.20 17:19:33 INFO  Progress (1): 213/302 kB
2026.09.20 17:19:33 INFO  Progress (1): 229/302 kB
2026.09.20 17:19:33 INFO  Progress (1): 246/302 kB
2026.09.20 17:19:33 INFO  Progress (1): 262/302 kB
2026.09.20 17:19:33 INFO  Progress (1): 279/302 kB
2026.09.20 17:19:33 INFO  Progress (1): 295/302 kB
2026.09.20 17:19:33 INFO  Progress (1): 302 kB    
2026.09.20 17:19:33 INFO                      
2026.09.20 17:19:33 INFO  Downloaded from central: https://repo.maven.apache.org/maven2/org/springframework/spring-tx/7.0.9/spring-tx-7.0.9-sources.jar (302 kB at 1.2 MB/s)
2026.09.20 17:19:33 INFO  [INFO] SUCCESS: org.springframework:spring-tx:jar:7.0.9:compile (sources = true)
2026.09.20 17:19:33 INFO  [INFO] Resolving artifact: org.apache.logging.log4j:log4j-api:jar:2.25.5:compile (sources = false)
2026.09.20 17:19:33 INFO  [INFO] SUCCESS: org.apache.logging.log4j:log4j-api:jar:2.25.5:compile (sources = false)
2026.09.20 17:19:33 INFO  [INFO] Resolving artifact: org.apache.logging.log4j:log4j-api:jar:2.25.5:compile (sources = true)
2026.09.20 17:19:33 INFO  [INFO] SUCCESS: org.apache.logging.log4j:log4j-api:jar:2.25.5:compile (sources = true)
2026.09.20 17:19:33 INFO  [INFO] Resolving artifact: org.awaitility:awaitility:jar:4.3.0:test (sources = false)
2026.09.20 17:19:33 INFO  [INFO] SUCCESS: org.awaitility:awaitility:jar:4.3.0:test (sources = false)
2026.09.20 17:19:33 INFO  [INFO] Resolving artifact: org.awaitility:awaitility:jar:4.3.0:test (sources = true)
2026.09.20 17:19:33 INFO  [INFO] SUCCESS: org.awaitility:awaitility:jar:4.3.0:test (sources = true)
2026.09.20 17:19:33 INFO  [INFO] Resolving artifact: org.jspecify:jspecify:jar:1.0.1:compile (sources = false)
2026.09.20 17:19:33 INFO  [INFO] SUCCESS: org.jspecify:jspecify:jar:1.0.1:compile (sources = false)
2026.09.20 17:19:33 INFO  [INFO] Resolving artifact: org.jspecify:jspecify:jar:1.0.1:compile (sources = true)
2026.09.20 17:19:33 INFO  [INFO] SUCCESS: org.jspecify:jspecify:jar:1.0.1:compile (sources = true)
2026.09.20 17:19:33 INFO  [INFO] Resolving artifact: org.mockito:mockito-junit-jupiter:jar:5.23.0:test (sources = false)
2026.09.20 17:19:33 INFO  [INFO] SUCCESS: org.mockito:mockito-junit-jupiter:jar:5.23.0:test (sources = false)
2026.09.20 17:19:33 INFO  [INFO] Resolving artifact: org.mockito:mockito-junit-jupiter:jar:5.23.0:test (sources = true)
2026.09.20 17:19:33 INFO  [INFO] SUCCESS: org.mockito:mockito-junit-jupiter:jar:5.23.0:test (sources = true)
2026.09.20 17:19:33 INFO  [INFO] Resolving artifact: org.springframework.boot:spring-boot-webmvc:jar:4.1.1:compile (sources = false)
2026.09.20 17:19:33 INFO  [INFO] SUCCESS: org.springframework.boot:spring-boot-webmvc:jar:4.1.1:compile (sources = false)
2026.09.20 17:19:33 INFO  [INFO] Resolving artifact: org.springframework.boot:spring-boot-webmvc:jar:4.1.1:compile (sources = true)
2026.09.20 17:19:33 INFO  Downloading from central: https://repo.maven.apache.org/maven2/org/springframework/boot/spring-boot-webmvc/4.1.1/spring-boot-webmvc-4.1.1-sources.jar
2026.09.20 17:19:33 INFO  Progress (1): 7.7/90 kB
2026.09.20 17:19:33 INFO  Progress (1): 8.2/90 kB
2026.09.20 17:19:33 INFO  Progress (1): 25/90 kB 
2026.09.20 17:19:33 INFO  Progress (1): 41/90 kB
2026.09.20 17:19:33 INFO  Progress (1): 57/90 kB
2026.09.20 17:19:33 INFO  Progress (1): 74/90 kB
2026.09.20 17:19:33 INFO  Progress (1): 90 kB   
2026.09.20 17:19:33 INFO                     
2026.09.20 17:19:33 INFO  Downloaded from central: https://repo.maven.apache.org/maven2/org/springframework/boot/spring-boot-webmvc/4.1.1/spring-boot-webmvc-4.1.1-sources.jar (90 kB at 546 kB/s)
2026.09.20 17:19:33 INFO  [INFO] SUCCESS: org.springframework.boot:spring-boot-webmvc:jar:4.1.1:compile (sources = true)
2026.09.20 17:19:33 INFO  [INFO] Resolving artifact: org.springframework.boot:spring-boot-jackson:jar:4.1.1:compile (sources = false)
2026.09.20 17:19:33 INFO  [INFO] SUCCESS: org.springframework.boot:spring-boot-jackson:jar:4.1.1:compile (sources = false)
2026.09.20 17:19:33 INFO  [INFO] Resolving artifact: org.springframework.boot:spring-boot-jackson:jar:4.1.1:compile (sources = true)
2026.09.20 17:19:33 INFO  Downloading from central: https://repo.maven.apache.org/maven2/org/springframework/boot/spring-boot-jackson/4.1.1/spring-boot-jackson-4.1.1-sources.jar
2026.09.20 17:19:33 INFO  Progress (1): 7.7/41 kB
2026.09.20 17:19:33 INFO  Progress (1): 16/41 kB 
2026.09.20 17:19:33 INFO  Progress (1): 32/41 kB
2026.09.20 17:19:34 INFO  Progress (1): 41 kB   
2026.09.20 17:19:34 INFO                     
2026.09.20 17:19:34 INFO  Downloaded from central: https://repo.maven.apache.org/maven2/org/springframework/boot/spring-boot-jackson/4.1.1/spring-boot-jackson-4.1.1-sources.jar (41 kB at 339 kB/s)
2026.09.20 17:19:34 INFO  [INFO] SUCCESS: org.springframework.boot:spring-boot-jackson:jar:4.1.1:compile (sources = true)
2026.09.20 17:19:34 INFO  [INFO] Resolving artifact: org.springframework.boot:spring-boot-starter-web:jar:4.1.1:compile (sources = false)
2026.09.20 17:19:34 INFO  [INFO] SUCCESS: org.springframework.boot:spring-boot-starter-web:jar:4.1.1:compile (sources = false)
2026.09.20 17:19:34 INFO  [INFO] Resolving artifact: org.springframework.boot:spring-boot-starter-web:jar:4.1.1:compile (sources = true)
2026.09.20 17:19:34 INFO  Downloading from central: https://repo.maven.apache.org/maven2/org/springframework/boot/spring-boot-starter-web/4.1.1/spring-boot-starter-web-4.1.1-sources.jar
2026.09.20 17:19:34 INFO  Progress (1): 4.8 kB
2026.09.20 17:19:34 INFO                      
2026.09.20 17:19:34 INFO  Downloaded from central: https://repo.maven.apache.org/maven2/org/springframework/boot/spring-boot-starter-web/4.1.1/spring-boot-starter-web-4.1.1-sources.jar (4.8 kB at 40 kB/s)
2026.09.20 17:19:34 INFO  [INFO] SUCCESS: org.springframework.boot:spring-boot-starter-web:jar:4.1.1:compile (sources = true)
2026.09.20 17:19:34 INFO  [INFO] Resolving artifact: org.glassfish.jaxb:txw2:jar:4.0.9:runtime (sources = false)
2026.09.20 17:19:34 INFO  [INFO] SUCCESS: org.glassfish.jaxb:txw2:jar:4.0.9:runtime (sources = false)
2026.09.20 17:19:34 INFO  [INFO] Resolving artifact: org.glassfish.jaxb:txw2:jar:4.0.9:runtime (sources = true)
2026.09.20 17:19:34 INFO  Downloading from central: https://repo.maven.apache.org/maven2/org/glassfish/jaxb/txw2/4.0.9/txw2-4.0.9-sources.jar
2026.09.20 17:19:34 INFO  Progress (1): 7.7/70 kB
2026.09.20 17:19:34 INFO  Progress (1): 11/70 kB 
2026.09.20 17:19:34 INFO  Progress (1): 28/70 kB
2026.09.20 17:19:34 INFO  Progress (1): 44/70 kB
2026.09.20 17:19:34 INFO  Progress (1): 61/70 kB
2026.09.20 17:19:34 INFO  Progress (1): 70 kB   
2026.09.20 17:19:34 INFO                     
2026.09.20 17:19:34 INFO  Downloaded from central: https://repo.maven.apache.org/maven2/org/glassfish/jaxb/txw2/4.0.9/txw2-4.0.9-sources.jar (70 kB at 426 kB/s)
2026.09.20 17:19:34 INFO  [INFO] SUCCESS: org.glassfish.jaxb:txw2:jar:4.0.9:runtime (sources = true)
2026.09.20 17:19:34 INFO  [INFO] Resolving artifact: org.aspectj:aspectjweaver:jar:1.9.25.1:compile (sources = false)
2026.09.20 17:19:34 INFO  [INFO] SUCCESS: org.aspectj:aspectjweaver:jar:1.9.25.1:compile (sources = false)
2026.09.20 17:19:34 INFO  [INFO] Resolving artifact: org.aspectj:aspectjweaver:jar:1.9.25.1:compile (sources = true)
2026.09.20 17:19:34 INFO  Downloading from central: https://repo.maven.apache.org/maven2/org/aspectj/aspectjweaver/1.9.25.1/aspectjweaver-1.9.25.1-sources.jar
2026.09.20 17:19:34 INFO  Progress (1): 0/1.8 MB
2026.09.20 17:19:34 INFO  Progress (1): 0/1.8 MB
2026.09.20 17:19:34 INFO  Progress (1): 0/1.8 MB
2026.09.20 17:19:34 INFO  Progress (1): 0/1.8 MB
2026.09.20 17:19:34 INFO  Progress (1): 0.1/1.8 MB
2026.09.20 17:19:34 INFO  Progress (1): 0.1/1.8 MB
2026.09.20 17:19:34 INFO  Progress (1): 0.1/1.8 MB
2026.09.20 17:19:34 INFO  Progress (1): 0.1/1.8 MB
2026.09.20 17:19:34 INFO  Progress (1): 0.1/1.8 MB
2026.09.20 17:19:34 INFO  Progress (1): 0.1/1.8 MB
2026.09.20 17:19:34 INFO  Progress (1): 0.2/1.8 MB
2026.09.20 17:19:34 INFO  Progress (1): 0.2/1.8 MB
2026.09.20 17:19:34 INFO  Progress (1): 0.2/1.8 MB
2026.09.20 17:19:34 INFO  Progress (1): 0.2/1.8 MB
2026.09.20 17:19:34 INFO  Progress (1): 0.2/1.8 MB
2026.09.20 17:19:34 INFO  Progress (1): 0.2/1.8 MB
2026.09.20 17:19:34 INFO  Progress (1): 0.2/1.8 MB
2026.09.20 17:19:34 INFO  Progress (1): 0.3/1.8 MB
2026.09.20 17:19:34 INFO  Progress (1): 0.3/1.8 MB
2026.09.20 17:19:34 INFO  Progress (1): 0.3/1.8 MB
2026.09.20 17:19:34 INFO  Progress (1): 0.3/1.8 MB
2026.09.20 17:19:34 INFO  Progress (1): 0.3/1.8 MB
2026.09.20 17:19:34 INFO  Progress (1): 0.3/1.8 MB
2026.09.20 17:19:34 INFO  Progress (1): 0.4/1.8 MB
2026.09.20 17:19:34 INFO  Progress (1): 0.4/1.8 MB
2026.09.20 17:19:34 INFO  Progress (1): 0.4/1.8 MB
2026.09.20 17:19:34 INFO  Progress (1): 0.4/1.8 MB
2026.09.20 17:19:34 INFO  Progress (1): 0.4/1.8 MB
2026.09.20 17:19:34 INFO  Progress (1): 0.4/1.8 MB
2026.09.20 17:19:34 INFO  Progress (1): 0.5/1.8 MB
2026.09.20 17:19:34 INFO  Progress (1): 0.5/1.8 MB
2026.09.20 17:19:34 INFO  Progress (1): 0.5/1.8 MB
2026.09.20 17:19:34 INFO  Progress (1): 0.5/1.8 MB
2026.09.20 17:19:34 INFO  Progress (1): 0.5/1.8 MB
2026.09.20 17:19:34 INFO  Progress (1): 0.5/1.8 MB
2026.09.20 17:19:34 INFO  Progress (1): 0.6/1.8 MB
2026.09.20 17:19:34 INFO  Progress (1): 0.6/1.8 MB
2026.09.20 17:19:34 INFO  Progress (1): 0.6/1.8 MB
2026.09.20 17:19:34 INFO  Progress (1): 0.6/1.8 MB
2026.09.20 17:19:34 INFO  Progress (1): 0.6/1.8 MB
2026.09.20 17:19:34 INFO  Progress (1): 0.6/1.8 MB
2026.09.20 17:19:34 INFO  Progress (1): 0.7/1.8 MB
2026.09.20 17:19:34 INFO  Progress (1): 0.7/1.8 MB
2026.09.20 17:19:34 INFO  Progress (1): 0.7/1.8 MB
2026.09.20 17:19:34 INFO  Progress (1): 0.7/1.8 MB
2026.09.20 17:19:34 INFO  Progress (1): 0.7/1.8 MB
2026.09.20 17:19:34 INFO  Progress (1): 0.7/1.8 MB
2026.09.20 17:19:34 INFO  Progress (1): 0.8/1.8 MB
2026.09.20 17:19:34 INFO  Progress (1): 0.8/1.8 MB
2026.09.20 17:19:34 INFO  Progress (1): 0.8/1.8 MB
2026.09.20 17:19:34 INFO  Progress (1): 0.8/1.8 MB
2026.09.20 17:19:34 INFO  Progress (1): 0.8/1.8 MB
2026.09.20 17:19:34 INFO  Progress (1): 0.8/1.8 MB
2026.09.20 17:19:34 INFO  Progress (1): 0.9/1.8 MB
2026.09.20 17:19:34 INFO  Progress (1): 0.9/1.8 MB
2026.09.20 17:19:34 INFO  Progress (1): 0.9/1.8 MB
2026.09.20 17:19:34 INFO  Progress (1): 0.9/1.8 MB
2026.09.20 17:19:34 INFO  Progress (1): 0.9/1.8 MB
2026.09.20 17:19:34 INFO  Progress (1): 0.9/1.8 MB
2026.09.20 17:19:34 INFO  Progress (1): 1.0/1.8 MB
2026.09.20 17:19:34 INFO  Progress (1): 1.0/1.8 MB
2026.09.20 17:19:34 INFO  Progress (1): 1.0/1.8 MB
2026.09.20 17:19:34 INFO  Progress (1): 1.0/1.8 MB
2026.09.20 17:19:34 INFO  Progress (1): 1.0/1.8 MB
2026.09.20 17:19:34 INFO  Progress (1): 1.0/1.8 MB
2026.09.20 17:19:34 INFO  Progress (1): 1.0/1.8 MB
2026.09.20 17:19:34 INFO  Progress (1): 1.1/1.8 MB
2026.09.20 17:19:34 INFO  Progress (1): 1.1/1.8 MB
2026.09.20 17:19:34 INFO  Progress (1): 1.1/1.8 MB
2026.09.20 17:19:34 INFO  Progress (1): 1.1/1.8 MB
2026.09.20 17:19:34 INFO  Progress (1): 1.1/1.8 MB
2026.09.20 17:19:34 INFO  Progress (1): 1.1/1.8 MB
2026.09.20 17:19:34 INFO  Progress (1): 1.2/1.8 MB
2026.09.20 17:19:34 INFO  Progress (1): 1.2/1.8 MB
2026.09.20 17:19:34 INFO  Progress (1): 1.2/1.8 MB
2026.09.20 17:19:34 INFO  Progress (1): 1.2/1.8 MB
2026.09.20 17:19:34 INFO  Progress (1): 1.2/1.8 MB
2026.09.20 17:19:34 INFO  Progress (1): 1.2/1.8 MB
2026.09.20 17:19:34 INFO  Progress (1): 1.3/1.8 MB
2026.09.20 17:19:34 INFO  Progress (1): 1.3/1.8 MB
2026.09.20 17:19:34 INFO  Progress (1): 1.3/1.8 MB
2026.09.20 17:19:34 INFO  Progress (1): 1.3/1.8 MB
2026.09.20 17:19:34 INFO  Progress (1): 1.3/1.8 MB
2026.09.20 17:19:34 INFO  Progress (1): 1.3/1.8 MB
2026.09.20 17:19:34 INFO  Progress (1): 1.4/1.8 MB
2026.09.20 17:19:34 INFO  Progress (1): 1.4/1.8 MB
2026.09.20 17:19:34 INFO  Progress (1): 1.4/1.8 MB
2026.09.20 17:19:34 INFO  Progress (1): 1.4/1.8 MB
2026.09.20 17:19:34 INFO  Progress (1): 1.4/1.8 MB
2026.09.20 17:19:34 INFO  Progress (1): 1.4/1.8 MB
2026.09.20 17:19:34 INFO  Progress (1): 1.5/1.8 MB
2026.09.20 17:19:34 INFO  Progress (1): 1.5/1.8 MB
2026.09.20 17:19:34 INFO  Progress (1): 1.5/1.8 MB
2026.09.20 17:19:34 INFO  Progress (1): 1.5/1.8 MB
2026.09.20 17:19:35 INFO  Progress (1): 1.5/1.8 MB
2026.09.20 17:19:35 INFO  Progress (1): 1.5/1.8 MB
2026.09.20 17:19:35 INFO  Progress (1): 1.6/1.8 MB
2026.09.20 17:19:35 INFO  Progress (1): 1.6/1.8 MB
2026.09.20 17:19:35 INFO  Progress (1): 1.6/1.8 MB
2026.09.20 17:19:35 INFO  Progress (1): 1.6/1.8 MB
2026.09.20 17:19:35 INFO  Progress (1): 1.6/1.8 MB
2026.09.20 17:19:35 INFO  Progress (1): 1.6/1.8 MB
2026.09.20 17:19:35 INFO  Progress (1): 1.7/1.8 MB
2026.09.20 17:19:35 INFO  Progress (1): 1.7/1.8 MB
2026.09.20 17:19:35 INFO  Progress (1): 1.7/1.8 MB
2026.09.20 17:19:35 INFO  Progress (1): 1.7/1.8 MB
2026.09.20 17:19:35 INFO  Progress (1): 1.7/1.8 MB
2026.09.20 17:19:35 INFO  Progress (1): 1.7/1.8 MB
2026.09.20 17:19:35 INFO  Progress (1): 1.8/1.8 MB
2026.09.20 17:19:35 INFO  Progress (1): 1.8 MB    
2026.09.20 17:19:35 INFO                      
2026.09.20 17:19:35 INFO  Downloaded from central: https://repo.maven.apache.org/maven2/org/aspectj/aspectjweaver/1.9.25.1/aspectjweaver-1.9.25.1-sources.jar (1.8 MB at 2.2 MB/s)
2026.09.20 17:19:35 INFO  [INFO] SUCCESS: org.aspectj:aspectjweaver:jar:1.9.25.1:compile (sources = true)
2026.09.20 17:19:35 INFO  [INFO] Resolving artifact: org.mockito:mockito-core:jar:5.23.0:test (sources = false)
2026.09.20 17:19:35 INFO  [INFO] SUCCESS: org.mockito:mockito-core:jar:5.23.0:test (sources = false)
2026.09.20 17:19:35 INFO  [INFO] Resolving artifact: org.mockito:mockito-core:jar:5.23.0:test (sources = true)
2026.09.20 17:19:35 INFO  [INFO] SUCCESS: org.mockito:mockito-core:jar:5.23.0:test (sources = true)
2026.09.20 17:19:35 INFO  [INFO] Resolving artifact: org.hibernate.orm:hibernate-core:jar:7.4.5.Final:compile (sources = false)
2026.09.20 17:19:35 INFO  [INFO] SUCCESS: org.hibernate.orm:hibernate-core:jar:7.4.5.Final:compile (sources = false)
2026.09.20 17:19:35 INFO  [INFO] Resolving artifact: org.hibernate.orm:hibernate-core:jar:7.4.5.Final:compile (sources = true)
2026.09.20 17:19:35 INFO  Downloading from central: https://repo.maven.apache.org/maven2/org/hibernate/orm/hibernate-core/7.4.5.Final/hibernate-core-7.4.5.Final-sources.jar
2026.09.20 17:19:35 INFO  Progress (1): 0/8.5 MB
2026.09.20 17:19:35 INFO  Progress (1): 0/8.5 MB
2026.09.20 17:19:35 INFO  Progress (1): 0/8.5 MB
2026.09.20 17:19:35 INFO  Progress (1): 0/8.5 MB
2026.09.20 17:19:35 INFO  Progress (1): 0.1/8.5 MB
2026.09.20 17:19:35 INFO  Progress (1): 0.1/8.5 MB
2026.09.20 17:19:35 INFO  Progress (1): 0.1/8.5 MB
2026.09.20 17:19:35 INFO  Progress (1): 0.1/8.5 MB
2026.09.20 17:19:35 INFO  Progress (1): 0.1/8.5 MB
2026.09.20 17:19:35 INFO  Progress (1): 0.1/8.5 MB
2026.09.20 17:19:35 INFO  Progress (1): 0.2/8.5 MB
2026.09.20 17:19:35 INFO  Progress (1): 0.2/8.5 MB
2026.09.20 17:19:35 INFO  Progress (1): 0.2/8.5 MB
2026.09.20 17:19:35 INFO  Progress (1): 0.2/8.5 MB
2026.09.20 17:19:35 INFO  Progress (1): 0.2/8.5 MB
2026.09.20 17:19:35 INFO  Progress (1): 0.2/8.5 MB
2026.09.20 17:19:35 INFO  Progress (1): 0.2/8.5 MB
2026.09.20 17:19:35 INFO  Progress (1): 0.3/8.5 MB
2026.09.20 17:19:35 INFO  Progress (1): 0.3/8.5 MB
2026.09.20 17:19:35 INFO  Progress (1): 0.3/8.5 MB
2026.09.20 17:19:35 INFO  Progress (1): 0.3/8.5 MB
2026.09.20 17:19:35 INFO  Progress (1): 0.3/8.5 MB
2026.09.20 17:19:35 INFO  Progress (1): 0.3/8.5 MB
2026.09.20 17:19:35 INFO  Progress (1): 0.4/8.5 MB
2026.09.20 17:19:35 INFO  Progress (1): 0.4/8.5 MB
2026.09.20 17:19:35 INFO  Progress (1): 0.4/8.5 MB
2026.09.20 17:19:35 INFO  Progress (1): 0.4/8.5 MB
2026.09.20 17:19:35 INFO  Progress (1): 0.4/8.5 MB
2026.09.20 17:19:35 INFO  Progress (1): 0.4/8.5 MB
2026.09.20 17:19:35 INFO  Progress (1): 0.5/8.5 MB
2026.09.20 17:19:35 INFO  Progress (1): 0.5/8.5 MB
2026.09.20 17:19:35 INFO  Progress (1): 0.5/8.5 MB
2026.09.20 17:19:35 INFO  Progress (1): 0.5/8.5 MB
2026.09.20 17:19:35 INFO  Progress (1): 0.5/8.5 MB
2026.09.20 17:19:35 INFO  Progress (1): 0.5/8.5 MB
2026.09.20 17:19:35 INFO  Progress (1): 0.5/8.5 MB
2026.09.20 17:19:35 INFO  Progress (1): 0.6/8.5 MB
2026.09.20 17:19:35 INFO  Progress (1): 0.6/8.5 MB
2026.09.20 17:19:35 INFO  Progress (1): 0.6/8.5 MB
2026.09.20 17:19:35 INFO  Progress (1): 0.6/8.5 MB
2026.09.20 17:19:35 INFO  Progress (1): 0.6/8.5 MB
2026.09.20 17:19:35 INFO  Progress (1): 0.6/8.5 MB
2026.09.20 17:19:35 INFO  Progress (1): 0.7/8.5 MB
2026.09.20 17:19:35 INFO  Progress (1): 0.7/8.5 MB
2026.09.20 17:19:35 INFO  Progress (1): 0.7/8.5 MB
2026.09.20 17:19:35 INFO  Progress (1): 0.7/8.5 MB
2026.09.20 17:19:35 INFO  Progress (1): 0.7/8.5 MB
2026.09.20 17:19:35 INFO  Progress (1): 0.7/8.5 MB
2026.09.20 17:19:35 INFO  Progress (1): 0.8/8.5 MB
2026.09.20 17:19:35 INFO  Progress (1): 0.8/8.5 MB
2026.09.20 17:19:35 INFO  Progress (1): 0.8/8.5 MB
2026.09.20 17:19:35 INFO  Progress (1): 0.8/8.5 MB
2026.09.20 17:19:35 INFO  Progress (1): 0.8/8.5 MB
2026.09.20 17:19:35 INFO  Progress (1): 0.8/8.5 MB
2026.09.20 17:19:35 INFO  Progress (1): 0.9/8.5 MB
2026.09.20 17:19:35 INFO  Progress (1): 0.9/8.5 MB
2026.09.20 17:19:35 INFO  Progress (1): 0.9/8.5 MB
2026.09.20 17:19:35 INFO  Progress (1): 0.9/8.5 MB
2026.09.20 17:19:35 INFO  Progress (1): 0.9/8.5 MB
2026.09.20 17:19:35 INFO  Progress (1): 0.9/8.5 MB
2026.09.20 17:19:35 INFO  Progress (1): 1.0/8.5 MB
2026.09.20 17:19:35 INFO  Progress (1): 1.0/8.5 MB
2026.09.20 17:19:35 INFO  Progress (1): 1.0/8.5 MB
2026.09.20 17:19:35 INFO  Progress (1): 1.0/8.5 MB
2026.09.20 17:19:35 INFO  Progress (1): 1.0/8.5 MB
2026.09.20 17:19:35 INFO  Progress (1): 1.0/8.5 MB
2026.09.20 17:19:35 INFO  Progress (1): 1.1/8.5 MB
2026.09.20 17:19:35 INFO  Progress (1): 1.1/8.5 MB
2026.09.20 17:19:35 INFO  Progress (1): 1.1/8.5 MB
2026.09.20 17:19:35 INFO  Progress (1): 1.1/8.5 MB
2026.09.20 17:19:35 INFO  Progress (1): 1.1/8.5 MB
2026.09.20 17:19:35 INFO  Progress (1): 1.1/8.5 MB
2026.09.20 17:19:35 INFO  Progress (1): 1.2/8.5 MB
2026.09.20 17:19:35 INFO  Progress (1): 1.2/8.5 MB
2026.09.20 17:19:35 INFO  Progress (1): 1.2/8.5 MB
2026.09.20 17:19:35 INFO  Progress (1): 1.2/8.5 MB
2026.09.20 17:19:35 INFO  Progress (1): 1.2/8.5 MB
2026.09.20 17:19:35 INFO  Progress (1): 1.2/8.5 MB
2026.09.20 17:19:35 INFO  Progress (1): 1.3/8.5 MB
2026.09.20 17:19:35 INFO  Progress (1): 1.3/8.5 MB
2026.09.20 17:19:35 INFO  Progress (1): 1.3/8.5 MB
2026.09.20 17:19:35 INFO  Progress (1): 1.3/8.5 MB
2026.09.20 17:19:35 INFO  Progress (1): 1.3/8.5 MB
2026.09.20 17:19:36 INFO  Progress (1): 1.3/8.5 MB
2026.09.20 17:19:36 INFO  Progress (1): 1.4/8.5 MB
2026.09.20 17:19:36 INFO  Progress (1): 1.4/8.5 MB
2026.09.20 17:19:36 INFO  Progress (1): 1.4/8.5 MB
2026.09.20 17:19:36 INFO  Progress (1): 1.4/8.5 MB
2026.09.20 17:19:36 INFO  Progress (1): 1.4/8.5 MB
2026.09.20 17:19:36 INFO  Progress (1): 1.4/8.5 MB
2026.09.20 17:19:36 INFO  Progress (1): 1.4/8.5 MB
2026.09.20 17:19:36 INFO  Progress (1): 1.5/8.5 MB
2026.09.20 17:19:36 INFO  Progress (1): 1.5/8.5 MB
2026.09.20 17:19:36 INFO  Progress (1): 1.5/8.5 MB
2026.09.20 17:19:36 INFO  Progress (1): 1.5/8.5 MB
2026.09.20 17:19:36 INFO  Progress (1): 1.5/8.5 MB
2026.09.20 17:19:36 INFO  Progress (1): 1.5/8.5 MB
2026.09.20 17:19:36 INFO  Progress (1): 1.6/8.5 MB
2026.09.20 17:19:36 INFO  Progress (1): 1.6/8.5 MB
2026.09.20 17:19:36 INFO  Progress (1): 1.6/8.5 MB
2026.09.20 17:19:36 INFO  Progress (1): 1.6/8.5 MB
2026.09.20 17:19:36 INFO  Progress (1): 1.6/8.5 MB
2026.09.20 17:19:36 INFO  Progress (1): 1.6/8.5 MB
2026.09.20 17:19:36 INFO  Progress (1): 1.7/8.5 MB
2026.09.20 17:19:36 INFO  Progress (1): 1.7/8.5 MB
2026.09.20 17:19:36 INFO  Progress (1): 1.7/8.5 MB
2026.09.20 17:19:36 INFO  Progress (1): 1.7/8.5 MB
2026.09.20 17:19:36 INFO  Progress (1): 1.7/8.5 MB
2026.09.20 17:19:36 INFO  Progress (1): 1.7/8.5 MB
2026.09.20 17:19:36 INFO  Progress (1): 1.8/8.5 MB
2026.09.20 17:19:36 INFO  Progress (1): 1.8/8.5 MB
2026.09.20 17:19:36 INFO  Progress (1): 1.8/8.5 MB
2026.09.20 17:19:36 INFO  Progress (1): 1.8/8.5 MB
2026.09.20 17:19:36 INFO  Progress (1): 1.8/8.5 MB
2026.09.20 17:19:36 INFO  Progress (1): 1.8/8.5 MB
2026.09.20 17:19:36 INFO  Progress (1): 1.9/8.5 MB
2026.09.20 17:19:36 INFO  Progress (1): 1.9/8.5 MB
2026.09.20 17:19:36 INFO  Progress (1): 1.9/8.5 MB
2026.09.20 17:19:36 INFO  Progress (1): 1.9/8.5 MB
2026.09.20 17:19:36 INFO  Progress (1): 1.9/8.5 MB
2026.09.20 17:19:36 INFO  Progress (1): 1.9/8.5 MB
2026.09.20 17:19:36 INFO  Progress (1): 2.0/8.5 MB
2026.09.20 17:19:36 INFO  Progress (1): 2.0/8.5 MB
2026.09.20 17:19:36 INFO  Progress (1): 2.0/8.5 MB
2026.09.20 17:19:36 INFO  Progress (1): 2.0/8.5 MB
2026.09.20 17:19:36 INFO  Progress (1): 2.0/8.5 MB
2026.09.20 17:19:36 INFO  Progress (1): 2.0/8.5 MB
2026.09.20 17:19:36 INFO  Progress (1): 2.1/8.5 MB
2026.09.20 17:19:36 INFO  Progress (1): 2.1/8.5 MB
2026.09.20 17:19:36 INFO  Progress (1): 2.1/8.5 MB
2026.09.20 17:19:36 INFO  Progress (1): 2.1/8.5 MB
2026.09.20 17:19:36 INFO  Progress (1): 2.1/8.5 MB
2026.09.20 17:19:36 INFO  Progress (1): 2.1/8.5 MB
2026.09.20 17:19:36 INFO  Progress (1): 2.2/8.5 MB
2026.09.20 17:19:36 INFO  Progress (1): 2.2/8.5 MB
2026.09.20 17:19:36 INFO  Progress (1): 2.2/8.5 MB
2026.09.20 17:19:36 INFO  Progress (1): 2.2/8.5 MB
2026.09.20 17:19:36 INFO  Progress (1): 2.2/8.5 MB
2026.09.20 17:19:36 INFO  Progress (1): 2.2/8.5 MB
2026.09.20 17:19:36 INFO  Progress (1): 2.3/8.5 MB
2026.09.20 17:19:36 INFO  Progress (1): 2.3/8.5 MB
2026.09.20 17:19:36 INFO  Progress (1): 2.3/8.5 MB
2026.09.20 17:19:36 INFO  Progress (1): 2.3/8.5 MB
2026.09.20 17:19:36 INFO  Progress (1): 2.3/8.5 MB
2026.09.20 17:19:36 INFO  Progress (1): 2.3/8.5 MB
2026.09.20 17:19:36 INFO  Progress (1): 2.4/8.5 MB
2026.09.20 17:19:36 INFO  Progress (1): 2.4/8.5 MB
2026.09.20 17:19:36 INFO  Progress (1): 2.4/8.5 MB
2026.09.20 17:19:36 INFO  Progress (1): 2.4/8.5 MB
2026.09.20 17:19:36 INFO  Progress (1): 2.4/8.5 MB
2026.09.20 17:19:36 INFO  Progress (1): 2.4/8.5 MB
2026.09.20 17:19:36 INFO  Progress (1): 2.4/8.5 MB
2026.09.20 17:19:36 INFO  Progress (1): 2.5/8.5 MB
2026.09.20 17:19:36 INFO  Progress (1): 2.5/8.5 MB
2026.09.20 17:19:36 INFO  Progress (1): 2.5/8.5 MB
2026.09.20 17:19:36 INFO  Progress (1): 2.5/8.5 MB
2026.09.20 17:19:36 INFO  Progress (1): 2.5/8.5 MB
2026.09.20 17:19:36 INFO  Progress (1): 2.5/8.5 MB
2026.09.20 17:19:36 INFO  Progress (1): 2.6/8.5 MB
2026.09.20 17:19:36 INFO  Progress (1): 2.6/8.5 MB
2026.09.20 17:19:36 INFO  Progress (1): 2.6/8.5 MB
2026.09.20 17:19:36 INFO  Progress (1): 2.6/8.5 MB
2026.09.20 17:19:36 INFO  Progress (1): 2.6/8.5 MB
2026.09.20 17:19:36 INFO  Progress (1): 2.6/8.5 MB
2026.09.20 17:19:36 INFO  Progress (1): 2.7/8.5 MB
2026.09.20 17:19:36 INFO  Progress (1): 2.7/8.5 MB
2026.09.20 17:19:36 INFO  Progress (1): 2.7/8.5 MB
2026.09.20 17:19:36 INFO  Progress (1): 2.7/8.5 MB
2026.09.20 17:19:36 INFO  Progress (1): 2.7/8.5 MB
2026.09.20 17:19:36 INFO  Progress (1): 2.7/8.5 MB
2026.09.20 17:19:36 INFO  Progress (1): 2.8/8.5 MB
2026.09.20 17:19:36 INFO  Progress (1): 2.8/8.5 MB
2026.09.20 17:19:36 INFO  Progress (1): 2.8/8.5 MB
2026.09.20 17:19:36 INFO  Progress (1): 2.8/8.5 MB
2026.09.20 17:19:36 INFO  Progress (1): 2.8/8.5 MB
2026.09.20 17:19:36 INFO  Progress (1): 2.8/8.5 MB
2026.09.20 17:19:36 INFO  Progress (1): 2.9/8.5 MB
2026.09.20 17:19:36 INFO  Progress (1): 2.9/8.5 MB
2026.09.20 17:19:36 INFO  Progress (1): 2.9/8.5 MB
2026.09.20 17:19:36 INFO  Progress (1): 2.9/8.5 MB
2026.09.20 17:19:36 INFO  Progress (1): 2.9/8.5 MB
2026.09.20 17:19:36 INFO  Progress (1): 2.9/8.5 MB
2026.09.20 17:19:36 INFO  Progress (1): 3.0/8.5 MB
2026.09.20 17:19:36 INFO  Progress (1): 3.0/8.5 MB
2026.09.20 17:19:36 INFO  Progress (1): 3.0/8.5 MB
2026.09.20 17:19:36 INFO  Progress (1): 3.0/8.5 MB
2026.09.20 17:19:36 INFO  Progress (1): 3.0/8.5 MB
2026.09.20 17:19:36 INFO  Progress (1): 3.0/8.5 MB
2026.09.20 17:19:36 INFO  Progress (1): 3.1/8.5 MB
2026.09.20 17:19:36 INFO  Progress (1): 3.1/8.5 MB
2026.09.20 17:19:36 INFO  Progress (1): 3.1/8.5 MB
2026.09.20 17:19:36 INFO  Progress (1): 3.1/8.5 MB
2026.09.20 17:19:36 INFO  Progress (1): 3.1/8.5 MB
2026.09.20 17:19:36 INFO  Progress (1): 3.1/8.5 MB
2026.09.20 17:19:36 INFO  Progress (1): 3.2/8.5 MB
2026.09.20 17:19:36 INFO  Progress (1): 3.2/8.5 MB
2026.09.20 17:19:36 INFO  Progress (1): 3.2/8.5 MB
2026.09.20 17:19:36 INFO  Progress (1): 3.2/8.5 MB
2026.09.20 17:19:36 INFO  Progress (1): 3.2/8.5 MB
2026.09.20 17:19:36 INFO  Progress (1): 3.2/8.5 MB
2026.09.20 17:19:36 INFO  Progress (1): 3.3/8.5 MB
2026.09.20 17:19:36 INFO  Progress (1): 3.3/8.5 MB
2026.09.20 17:19:36 INFO  Progress (1): 3.3/8.5 MB
2026.09.20 17:19:36 INFO  Progress (1): 3.3/8.5 MB
2026.09.20 17:19:36 INFO  Progress (1): 3.3/8.5 MB
2026.09.20 17:19:36 INFO  Progress (1): 3.3/8.5 MB
2026.09.20 17:19:36 INFO  Progress (1): 3.4/8.5 MB
2026.09.20 17:19:36 INFO  Progress (1): 3.4/8.5 MB
2026.09.20 17:19:36 INFO  Progress (1): 3.4/8.5 MB
2026.09.20 17:19:36 INFO  Progress (1): 3.4/8.5 MB
2026.09.20 17:19:36 INFO  Progress (1): 3.4/8.5 MB
2026.09.20 17:19:36 INFO  Progress (1): 3.4/8.5 MB
2026.09.20 17:19:36 INFO  Progress (1): 3.4/8.5 MB
2026.09.20 17:19:36 INFO  Progress (1): 3.5/8.5 MB
2026.09.20 17:19:36 INFO  Progress (1): 3.5/8.5 MB
2026.09.20 17:19:36 INFO  Progress (1): 3.5/8.5 MB
2026.09.20 17:19:36 INFO  Progress (1): 3.5/8.5 MB
2026.09.20 17:19:36 INFO  Progress (1): 3.5/8.5 MB
2026.09.20 17:19:36 INFO  Progress (1): 3.5/8.5 MB
2026.09.20 17:19:36 INFO  Progress (1): 3.6/8.5 MB
2026.09.20 17:19:36 INFO  Progress (1): 3.6/8.5 MB
2026.09.20 17:19:36 INFO  Progress (1): 3.6/8.5 MB
2026.09.20 17:19:36 INFO  Progress (1): 3.6/8.5 MB
2026.09.20 17:19:36 INFO  Progress (1): 3.6/8.5 MB
2026.09.20 17:19:36 INFO  Progress (1): 3.6/8.5 MB
2026.09.20 17:19:36 INFO  Progress (1): 3.7/8.5 MB
2026.09.20 17:19:36 INFO  Progress (1): 3.7/8.5 MB
2026.09.20 17:19:36 INFO  Progress (1): 3.7/8.5 MB
2026.09.20 17:19:36 INFO  Progress (1): 3.7/8.5 MB
2026.09.20 17:19:36 INFO  Progress (1): 3.7/8.5 MB
2026.09.20 17:19:36 INFO  Progress (1): 3.7/8.5 MB
2026.09.20 17:19:36 INFO  Progress (1): 3.8/8.5 MB
2026.09.20 17:19:36 INFO  Progress (1): 3.8/8.5 MB
2026.09.20 17:19:36 INFO  Progress (1): 3.8/8.5 MB
2026.09.20 17:19:36 INFO  Progress (1): 3.8/8.5 MB
2026.09.20 17:19:36 INFO  Progress (1): 3.8/8.5 MB
2026.09.20 17:19:36 INFO  Progress (1): 3.8/8.5 MB
2026.09.20 17:19:36 INFO  Progress (1): 3.9/8.5 MB
2026.09.20 17:19:36 INFO  Progress (1): 3.9/8.5 MB
2026.09.20 17:19:36 INFO  Progress (1): 3.9/8.5 MB
2026.09.20 17:19:36 INFO  Progress (1): 3.9/8.5 MB
2026.09.20 17:19:36 INFO  Progress (1): 3.9/8.5 MB
2026.09.20 17:19:36 INFO  Progress (1): 3.9/8.5 MB
2026.09.20 17:19:36 INFO  Progress (1): 4.0/8.5 MB
2026.09.20 17:19:36 INFO  Progress (1): 4.0/8.5 MB
2026.09.20 17:19:36 INFO  Progress (1): 4.0/8.5 MB
2026.09.20 17:19:36 INFO  Progress (1): 4.0/8.5 MB
2026.09.20 17:19:36 INFO  Progress (1): 4.0/8.5 MB
2026.09.20 17:19:36 INFO  Progress (1): 4.0/8.5 MB
2026.09.20 17:19:36 INFO  Progress (1): 4.1/8.5 MB
2026.09.20 17:19:36 INFO  Progress (1): 4.1/8.5 MB
2026.09.20 17:19:36 INFO  Progress (1): 4.1/8.5 MB
2026.09.20 17:19:36 INFO  Progress (1): 4.1/8.5 MB
2026.09.20 17:19:36 INFO  Progress (1): 4.1/8.5 MB
2026.09.20 17:19:36 INFO  Progress (1): 4.1/8.5 MB
2026.09.20 17:19:36 INFO  Progress (1): 4.2/8.5 MB
2026.09.20 17:19:36 INFO  Progress (1): 4.2/8.5 MB
2026.09.20 17:19:36 INFO  Progress (1): 4.2/8.5 MB
2026.09.20 17:19:36 INFO  Progress (1): 4.2/8.5 MB
2026.09.20 17:19:36 INFO  Progress (1): 4.2/8.5 MB
2026.09.20 17:19:36 INFO  Progress (1): 4.2/8.5 MB
2026.09.20 17:19:36 INFO  Progress (1): 4.3/8.5 MB
2026.09.20 17:19:36 INFO  Progress (1): 4.3/8.5 MB
2026.09.20 17:19:36 INFO  Progress (1): 4.3/8.5 MB
2026.09.20 17:19:36 INFO  Progress (1): 4.3/8.5 MB
2026.09.20 17:19:36 INFO  Progress (1): 4.3/8.5 MB
2026.09.20 17:19:36 INFO  Progress (1): 4.3/8.5 MB
2026.09.20 17:19:36 INFO  Progress (1): 4.3/8.5 MB
2026.09.20 17:19:36 INFO  Progress (1): 4.4/8.5 MB
2026.09.20 17:19:36 INFO  Progress (1): 4.4/8.5 MB
2026.09.20 17:19:36 INFO  Progress (1): 4.4/8.5 MB
2026.09.20 17:19:36 INFO  Progress (1): 4.4/8.5 MB
2026.09.20 17:19:37 INFO  Progress (1): 4.4/8.5 MB
2026.09.20 17:19:37 INFO  Progress (1): 4.4/8.5 MB
2026.09.20 17:19:37 INFO  Progress (1): 4.5/8.5 MB
2026.09.20 17:19:37 INFO  Progress (1): 4.5/8.5 MB
2026.09.20 17:19:37 INFO  Progress (1): 4.5/8.5 MB
2026.09.20 17:19:37 INFO  Progress (1): 4.5/8.5 MB
2026.09.20 17:19:37 INFO  Progress (1): 4.5/8.5 MB
2026.09.20 17:19:37 INFO  Progress (1): 4.5/8.5 MB
2026.09.20 17:19:37 INFO  Progress (1): 4.6/8.5 MB
2026.09.20 17:19:37 INFO  Progress (1): 4.6/8.5 MB
2026.09.20 17:19:37 INFO  Progress (1): 4.6/8.5 MB
2026.09.20 17:19:37 INFO  Progress (1): 4.6/8.5 MB
2026.09.20 17:19:37 INFO  Progress (1): 4.6/8.5 MB
2026.09.20 17:19:37 INFO  Progress (1): 4.6/8.5 MB
2026.09.20 17:19:37 INFO  Progress (1): 4.7/8.5 MB
2026.09.20 17:19:37 INFO  Progress (1): 4.7/8.5 MB
2026.09.20 17:19:37 INFO  Progress (1): 4.7/8.5 MB
2026.09.20 17:19:37 INFO  Progress (1): 4.7/8.5 MB
2026.09.20 17:19:37 INFO  Progress (1): 4.7/8.5 MB
2026.09.20 17:19:37 INFO  Progress (1): 4.7/8.5 MB
2026.09.20 17:19:37 INFO  Progress (1): 4.8/8.5 MB
2026.09.20 17:19:37 INFO  Progress (1): 4.8/8.5 MB
2026.09.20 17:19:37 INFO  Progress (1): 4.8/8.5 MB
2026.09.20 17:19:37 INFO  Progress (1): 4.8/8.5 MB
2026.09.20 17:19:37 INFO  Progress (1): 4.8/8.5 MB
2026.09.20 17:19:37 INFO  Progress (1): 4.8/8.5 MB
2026.09.20 17:19:37 INFO  Progress (1): 4.9/8.5 MB
2026.09.20 17:19:37 INFO  Progress (1): 4.9/8.5 MB
2026.09.20 17:19:37 INFO  Progress (1): 4.9/8.5 MB
2026.09.20 17:19:37 INFO  Progress (1): 4.9/8.5 MB
2026.09.20 17:19:37 INFO  Progress (1): 4.9/8.5 MB
2026.09.20 17:19:37 INFO  Progress (1): 4.9/8.5 MB
2026.09.20 17:19:37 INFO  Progress (1): 5.0/8.5 MB
2026.09.20 17:19:37 INFO  Progress (1): 5.0/8.5 MB
2026.09.20 17:19:37 INFO  Progress (1): 5.0/8.5 MB
2026.09.20 17:19:37 INFO  Progress (1): 5.0/8.5 MB
2026.09.20 17:19:37 INFO  Progress (1): 5.0/8.5 MB
2026.09.20 17:19:37 INFO  Progress (1): 5.0/8.5 MB
2026.09.20 17:19:37 INFO  Progress (1): 5.1/8.5 MB
2026.09.20 17:19:37 INFO  Progress (1): 5.1/8.5 MB
2026.09.20 17:19:37 INFO  Progress (1): 5.1/8.5 MB
2026.09.20 17:19:37 INFO  Progress (1): 5.1/8.5 MB
2026.09.20 17:19:37 INFO  Progress (1): 5.1/8.5 MB
2026.09.20 17:19:37 INFO  Progress (1): 5.1/8.5 MB
2026.09.20 17:19:37 INFO  Progress (1): 5.2/8.5 MB
2026.09.20 17:19:37 INFO  Progress (1): 5.2/8.5 MB
2026.09.20 17:19:37 INFO  Progress (1): 5.2/8.5 MB
2026.09.20 17:19:37 INFO  Progress (1): 5.2/8.5 MB
2026.09.20 17:19:37 INFO  Progress (1): 5.2/8.5 MB
2026.09.20 17:19:37 INFO  Progress (1): 5.2/8.5 MB
2026.09.20 17:19:37 INFO  Progress (1): 5.3/8.5 MB
2026.09.20 17:19:37 INFO  Progress (1): 5.3/8.5 MB
2026.09.20 17:19:37 INFO  Progress (1): 5.3/8.5 MB
2026.09.20 17:19:37 INFO  Progress (1): 5.3/8.5 MB
2026.09.20 17:19:37 INFO  Progress (1): 5.3/8.5 MB
2026.09.20 17:19:37 INFO  Progress (1): 5.3/8.5 MB
2026.09.20 17:19:37 INFO  Progress (1): 5.3/8.5 MB
2026.09.20 17:19:37 INFO  Progress (1): 5.4/8.5 MB
2026.09.20 17:19:37 INFO  Progress (1): 5.4/8.5 MB
2026.09.20 17:19:37 INFO  Progress (1): 5.4/8.5 MB
2026.09.20 17:19:37 INFO  Progress (1): 5.4/8.5 MB
2026.09.20 17:19:37 INFO  Progress (1): 5.4/8.5 MB
2026.09.20 17:19:37 INFO  Progress (1): 5.4/8.5 MB
2026.09.20 17:19:37 INFO  Progress (1): 5.5/8.5 MB
2026.09.20 17:19:37 INFO  Progress (1): 5.5/8.5 MB
2026.09.20 17:19:37 INFO  Progress (1): 5.5/8.5 MB
2026.09.20 17:19:37 INFO  Progress (1): 5.5/8.5 MB
2026.09.20 17:19:37 INFO  Progress (1): 5.5/8.5 MB
2026.09.20 17:19:37 INFO  Progress (1): 5.5/8.5 MB
2026.09.20 17:19:37 INFO  Progress (1): 5.6/8.5 MB
2026.09.20 17:19:37 INFO  Progress (1): 5.6/8.5 MB
2026.09.20 17:19:37 INFO  Progress (1): 5.6/8.5 MB
2026.09.20 17:19:37 INFO  Progress (1): 5.6/8.5 MB
2026.09.20 17:19:37 INFO  Progress (1): 5.6/8.5 MB
2026.09.20 17:19:37 INFO  Progress (1): 5.6/8.5 MB
2026.09.20 17:19:37 INFO  Progress (1): 5.7/8.5 MB
2026.09.20 17:19:37 INFO  Progress (1): 5.7/8.5 MB
2026.09.20 17:19:37 INFO  Progress (1): 5.7/8.5 MB
2026.09.20 17:19:37 INFO  Progress (1): 5.7/8.5 MB
2026.09.20 17:19:37 INFO  Progress (1): 5.7/8.5 MB
2026.09.20 17:19:37 INFO  Progress (1): 5.7/8.5 MB
2026.09.20 17:19:37 INFO  Progress (1): 5.8/8.5 MB
2026.09.20 17:19:37 INFO  Progress (1): 5.8/8.5 MB
2026.09.20 17:19:37 INFO  Progress (1): 5.8/8.5 MB
2026.09.20 17:19:37 INFO  Progress (1): 5.8/8.5 MB
2026.09.20 17:19:37 INFO  Progress (1): 5.8/8.5 MB
2026.09.20 17:19:37 INFO  Progress (1): 5.8/8.5 MB
2026.09.20 17:19:37 INFO  Progress (1): 5.9/8.5 MB
2026.09.20 17:19:37 INFO  Progress (1): 5.9/8.5 MB
2026.09.20 17:19:37 INFO  Progress (1): 5.9/8.5 MB
2026.09.20 17:19:37 INFO  Progress (1): 5.9/8.5 MB
2026.09.20 17:19:37 INFO  Progress (1): 5.9/8.5 MB
2026.09.20 17:19:37 INFO  Progress (1): 5.9/8.5 MB
2026.09.20 17:19:37 INFO  Progress (1): 6.0/8.5 MB
2026.09.20 17:19:37 INFO  Progress (1): 6.0/8.5 MB
2026.09.20 17:19:37 INFO  Progress (1): 6.0/8.5 MB
2026.09.20 17:19:37 INFO  Progress (1): 6.0/8.5 MB
2026.09.20 17:19:37 INFO  Progress (1): 6.0/8.5 MB
2026.09.20 17:19:37 INFO  Progress (1): 6.0/8.5 MB
2026.09.20 17:19:37 INFO  Progress (1): 6.1/8.5 MB
2026.09.20 17:19:37 INFO  Progress (1): 6.1/8.5 MB
2026.09.20 17:19:37 INFO  Progress (1): 6.1/8.5 MB
2026.09.20 17:19:37 INFO  Progress (1): 6.1/8.5 MB
2026.09.20 17:19:37 INFO  Progress (1): 6.1/8.5 MB
2026.09.20 17:19:37 INFO  Progress (1): 6.1/8.5 MB
2026.09.20 17:19:37 INFO  Progress (1): 6.2/8.5 MB
2026.09.20 17:19:37 INFO  Progress (1): 6.2/8.5 MB
2026.09.20 17:19:37 INFO  Progress (1): 6.2/8.5 MB
2026.09.20 17:19:37 INFO  Progress (1): 6.2/8.5 MB
2026.09.20 17:19:37 INFO  Progress (1): 6.2/8.5 MB
2026.09.20 17:19:37 INFO  Progress (1): 6.2/8.5 MB
2026.09.20 17:19:37 INFO  Progress (1): 6.3/8.5 MB
2026.09.20 17:19:37 INFO  Progress (1): 6.3/8.5 MB
2026.09.20 17:19:37 INFO  Progress (1): 6.3/8.5 MB
2026.09.20 17:19:37 INFO  Progress (1): 6.3/8.5 MB
2026.09.20 17:19:37 INFO  Progress (1): 6.3/8.5 MB
2026.09.20 17:19:37 INFO  Progress (1): 6.3/8.5 MB
2026.09.20 17:19:37 INFO  Progress (1): 6.3/8.5 MB
2026.09.20 17:19:37 INFO  Progress (1): 6.4/8.5 MB
2026.09.20 17:19:37 INFO  Progress (1): 6.4/8.5 MB
2026.09.20 17:19:37 INFO  Progress (1): 6.4/8.5 MB
2026.09.20 17:19:37 INFO  Progress (1): 6.4/8.5 MB
2026.09.20 17:19:37 INFO  Progress (1): 6.4/8.5 MB
2026.09.20 17:19:37 INFO  Progress (1): 6.4/8.5 MB
2026.09.20 17:19:37 INFO  Progress (1): 6.5/8.5 MB
2026.09.20 17:19:37 INFO  Progress (1): 6.5/8.5 MB
2026.09.20 17:19:37 INFO  Progress (1): 6.5/8.5 MB
2026.09.20 17:19:37 INFO  Progress (1): 6.5/8.5 MB
2026.09.20 17:19:37 INFO  Progress (1): 6.5/8.5 MB
2026.09.20 17:19:37 INFO  Progress (1): 6.5/8.5 MB
2026.09.20 17:19:37 INFO  Progress (1): 6.6/8.5 MB
2026.09.20 17:19:37 INFO  Progress (1): 6.6/8.5 MB
2026.09.20 17:19:37 INFO  Progress (1): 6.6/8.5 MB
2026.09.20 17:19:37 INFO  Progress (1): 6.6/8.5 MB
2026.09.20 17:19:37 INFO  Progress (1): 6.6/8.5 MB
2026.09.20 17:19:37 INFO  Progress (1): 6.6/8.5 MB
2026.09.20 17:19:37 INFO  Progress (1): 6.7/8.5 MB
2026.09.20 17:19:37 INFO  Progress (1): 6.7/8.5 MB
2026.09.20 17:19:37 INFO  Progress (1): 6.7/8.5 MB
2026.09.20 17:19:37 INFO  Progress (1): 6.7/8.5 MB
2026.09.20 17:19:37 INFO  Progress (1): 6.7/8.5 MB
2026.09.20 17:19:37 INFO  Progress (1): 6.7/8.5 MB
2026.09.20 17:19:37 INFO  Progress (1): 6.8/8.5 MB
2026.09.20 17:19:37 INFO  Progress (1): 6.8/8.5 MB
2026.09.20 17:19:37 INFO  Progress (1): 6.8/8.5 MB
2026.09.20 17:19:37 INFO  Progress (1): 6.8/8.5 MB
2026.09.20 17:19:37 INFO  Progress (1): 6.8/8.5 MB
2026.09.20 17:19:37 INFO  Progress (1): 6.8/8.5 MB
2026.09.20 17:19:37 INFO  Progress (1): 6.9/8.5 MB
2026.09.20 17:19:37 INFO  Progress (1): 6.9/8.5 MB
2026.09.20 17:19:37 INFO  Progress (1): 6.9/8.5 MB
2026.09.20 17:19:37 INFO  Progress (1): 6.9/8.5 MB
2026.09.20 17:19:37 INFO  Progress (1): 6.9/8.5 MB
2026.09.20 17:19:37 INFO  Progress (1): 6.9/8.5 MB
2026.09.20 17:19:37 INFO  Progress (1): 7.0/8.5 MB
2026.09.20 17:19:37 INFO  Progress (1): 7.0/8.5 MB
2026.09.20 17:19:37 INFO  Progress (1): 7.0/8.5 MB
2026.09.20 17:19:37 INFO  Progress (1): 7.0/8.5 MB
2026.09.20 17:19:37 INFO  Progress (1): 7.0/8.5 MB
2026.09.20 17:19:37 INFO  Progress (1): 7.0/8.5 MB
2026.09.20 17:19:37 INFO  Progress (1): 7.1/8.5 MB
2026.09.20 17:19:37 INFO  Progress (1): 7.1/8.5 MB
2026.09.20 17:19:37 INFO  Progress (1): 7.1/8.5 MB
2026.09.20 17:19:37 INFO  Progress (1): 7.1/8.5 MB
2026.09.20 17:19:37 INFO  Progress (1): 7.1/8.5 MB
2026.09.20 17:19:37 INFO  Progress (1): 7.1/8.5 MB
2026.09.20 17:19:37 INFO  Progress (1): 7.2/8.5 MB
2026.09.20 17:19:37 INFO  Progress (1): 7.2/8.5 MB
2026.09.20 17:19:37 INFO  Progress (1): 7.2/8.5 MB
2026.09.20 17:19:37 INFO  Progress (1): 7.2/8.5 MB
2026.09.20 17:19:37 INFO  Progress (1): 7.2/8.5 MB
2026.09.20 17:19:37 INFO  Progress (1): 7.2/8.5 MB
2026.09.20 17:19:37 INFO  Progress (1): 7.2/8.5 MB
2026.09.20 17:19:37 INFO  Progress (1): 7.3/8.5 MB
2026.09.20 17:19:37 INFO  Progress (1): 7.3/8.5 MB
2026.09.20 17:19:37 INFO  Progress (1): 7.3/8.5 MB
2026.09.20 17:19:37 INFO  Progress (1): 7.3/8.5 MB
2026.09.20 17:19:37 INFO  Progress (1): 7.3/8.5 MB
2026.09.20 17:19:37 INFO  Progress (1): 7.3/8.5 MB
2026.09.20 17:19:37 INFO  Progress (1): 7.4/8.5 MB
2026.09.20 17:19:37 INFO  Progress (1): 7.4/8.5 MB
2026.09.20 17:19:37 INFO  Progress (1): 7.4/8.5 MB
2026.09.20 17:19:37 INFO  Progress (1): 7.4/8.5 MB
2026.09.20 17:19:37 INFO  Progress (1): 7.4/8.5 MB
2026.09.20 17:19:37 INFO  Progress (1): 7.4/8.5 MB
2026.09.20 17:19:37 INFO  Progress (1): 7.4/8.5 MB
2026.09.20 17:19:37 INFO  Progress (1): 7.5/8.5 MB
2026.09.20 17:19:37 INFO  Progress (1): 7.5/8.5 MB
2026.09.20 17:19:37 INFO  Progress (1): 7.5/8.5 MB
2026.09.20 17:19:37 INFO  Progress (1): 7.5/8.5 MB
2026.09.20 17:19:37 INFO  Progress (1): 7.5/8.5 MB
2026.09.20 17:19:37 INFO  Progress (1): 7.5/8.5 MB
2026.09.20 17:19:37 INFO  Progress (1): 7.5/8.5 MB
2026.09.20 17:19:37 INFO  Progress (1): 7.6/8.5 MB
2026.09.20 17:19:37 INFO  Progress (1): 7.6/8.5 MB
2026.09.20 17:19:37 INFO  Progress (1): 7.6/8.5 MB
2026.09.20 17:19:37 INFO  Progress (1): 7.6/8.5 MB
2026.09.20 17:19:37 INFO  Progress (1): 7.6/8.5 MB
2026.09.20 17:19:37 INFO  Progress (1): 7.6/8.5 MB
2026.09.20 17:19:37 INFO  Progress (1): 7.6/8.5 MB
2026.09.20 17:19:37 INFO  Progress (1): 7.7/8.5 MB
2026.09.20 17:19:37 INFO  Progress (1): 7.7/8.5 MB
2026.09.20 17:19:37 INFO  Progress (1): 7.7/8.5 MB
2026.09.20 17:19:37 INFO  Progress (1): 7.7/8.5 MB
2026.09.20 17:19:37 INFO  Progress (1): 7.7/8.5 MB
2026.09.20 17:19:37 INFO  Progress (1): 7.7/8.5 MB
2026.09.20 17:19:37 INFO  Progress (1): 7.7/8.5 MB
2026.09.20 17:19:37 INFO  Progress (1): 7.8/8.5 MB
2026.09.20 17:19:37 INFO  Progress (1): 7.8/8.5 MB
2026.09.20 17:19:37 INFO  Progress (1): 7.8/8.5 MB
2026.09.20 17:19:37 INFO  Progress (1): 7.8/8.5 MB
2026.09.20 17:19:37 INFO  Progress (1): 7.8/8.5 MB
2026.09.20 17:19:37 INFO  Progress (1): 7.8/8.5 MB
2026.09.20 17:19:37 INFO  Progress (1): 7.9/8.5 MB
2026.09.20 17:19:39 INFO  Progress (1): 7.9/8.5 MB
2026.09.20 17:19:39 INFO  Progress (1): 7.9/8.5 MB
2026.09.20 17:19:39 INFO  Progress (1): 7.9/8.5 MB
2026.09.20 17:19:39 INFO  Progress (1): 7.9/8.5 MB
2026.09.20 17:19:39 INFO  Progress (1): 7.9/8.5 MB
2026.09.20 17:19:39 INFO  Progress (1): 7.9/8.5 MB
2026.09.20 17:19:39 INFO  Progress (1): 8.0/8.5 MB
2026.09.20 17:19:39 INFO  Progress (1): 8.0/8.5 MB
2026.09.20 17:19:39 INFO  Progress (1): 8.0/8.5 MB
2026.09.20 17:19:39 INFO  Progress (1): 8.0/8.5 MB
2026.09.20 17:19:39 INFO  Progress (1): 8.0/8.5 MB
2026.09.20 17:19:39 INFO  Progress (1): 8.0/8.5 MB
2026.09.20 17:19:39 INFO  Progress (1): 8.0/8.5 MB
2026.09.20 17:19:39 INFO  Progress (1): 8.1/8.5 MB
2026.09.20 17:19:39 INFO  Progress (1): 8.1/8.5 MB
2026.09.20 17:19:39 INFO  Progress (1): 8.1/8.5 MB
2026.09.20 17:19:39 INFO  Progress (1): 8.1/8.5 MB
2026.09.20 17:19:39 INFO  Progress (1): 8.1/8.5 MB
2026.09.20 17:19:39 INFO  Progress (1): 8.1/8.5 MB
2026.09.20 17:19:39 INFO  Progress (1): 8.1/8.5 MB
2026.09.20 17:19:39 INFO  Progress (1): 8.2/8.5 MB
2026.09.20 17:19:39 INFO  Progress (1): 8.2/8.5 MB
2026.09.20 17:19:39 INFO  Progress (1): 8.2/8.5 MB
2026.09.20 17:19:39 INFO  Progress (1): 8.2/8.5 MB
2026.09.20 17:19:39 INFO  Progress (1): 8.2/8.5 MB
2026.09.20 17:19:39 INFO  Progress (1): 8.2/8.5 MB
2026.09.20 17:19:39 INFO  Progress (1): 8.2/8.5 MB
2026.09.20 17:19:39 INFO  Progress (1): 8.3/8.5 MB
2026.09.20 17:19:39 INFO  Progress (1): 8.3/8.5 MB
2026.09.20 17:19:39 INFO  Progress (1): 8.3/8.5 MB
2026.09.20 17:19:39 INFO  Progress (1): 8.3/8.5 MB
2026.09.20 17:19:39 INFO  Progress (1): 8.3/8.5 MB
2026.09.20 17:19:39 INFO  Progress (1): 8.3/8.5 MB
2026.09.20 17:19:39 INFO  Progress (1): 8.3/8.5 MB
2026.09.20 17:19:39 INFO  Progress (1): 8.4/8.5 MB
2026.09.20 17:19:39 INFO  no build target found for C:\CARMOVO_PROY\CARMOVO\backend\src\main\java\com\carmovo\modulos\usuarios\Usuario.java. Using fallback presentation compiler.
2026.09.20 17:19:39 INFO  Progress (1): 8.4/8.5 MB
2026.09.20 17:19:39 INFO  Progress (1): 8.4/8.5 MB
2026.09.20 17:19:39 INFO  Progress (1): 8.4/8.5 MB
2026.09.20 17:19:39 WARN  no build target for: C:\CARMOVO_PROY\CARMOVO\backend\src\main\java\com\carmovo\modulos\usuarios\Usuario.java
2026.09.20 17:19:39 INFO  Progress (1): 8.4/8.5 MB
2026.09.20 17:19:39 INFO  Progress (1): 8.4/8.5 MB
2026.09.20 17:19:39 INFO  Progress (1): 8.4/8.5 MB
2026.09.20 17:19:39 INFO  Progress (1): 8.5/8.5 MB
2026.09.20 17:19:39 INFO  Progress (1): 8.5/8.5 MB
2026.09.20 17:19:39 INFO  Progress (1): 8.5/8.5 MB
2026.09.20 17:19:39 INFO  Progress (1): 8.5 MB    
2026.09.20 17:19:39 INFO                      
2026.09.20 17:19:39 INFO  Downloaded from central: https://repo.maven.apache.org/maven2/org/hibernate/orm/hibernate-core/7.4.5.Final/hibernate-core-7.4.5.Final-sources.jar (8.5 MB at 2.6 MB/s)
2026.09.20 17:19:39 INFO  [INFO] SUCCESS: org.hibernate.orm:hibernate-core:jar:7.4.5.Final:compile (sources = true)
2026.09.20 17:19:39 INFO  [INFO] Resolving artifact: org.springframework.boot:spring-boot-starter-test:jar:4.1.1:test (sources = false)
2026.09.20 17:19:39 INFO  [INFO] SUCCESS: org.springframework.boot:spring-boot-starter-test:jar:4.1.1:test (sources = false)
2026.09.20 17:19:39 INFO  [INFO] Resolving artifact: org.springframework.boot:spring-boot-starter-test:jar:4.1.1:test (sources = true)
2026.09.20 17:19:39 INFO  [INFO] SUCCESS: org.springframework.boot:spring-boot-starter-test:jar:4.1.1:test (sources = true)
2026.09.20 17:19:39 INFO  [INFO] Resolving artifact: net.minidev:json-smart:jar:2.6.0:test (sources = false)
2026.09.20 17:19:39 INFO  [INFO] SUCCESS: net.minidev:json-smart:jar:2.6.0:test (sources = false)
2026.09.20 17:19:39 INFO  [INFO] Resolving artifact: net.minidev:json-smart:jar:2.6.0:test (sources = true)
2026.09.20 17:19:39 INFO  [INFO] SUCCESS: net.minidev:json-smart:jar:2.6.0:test (sources = true)
2026.09.20 17:19:39 INFO  [INFO] Resolving artifact: org.springframework:spring-web:jar:7.0.9:compile (sources = false)
2026.09.20 17:19:39 INFO  [INFO] SUCCESS: org.springframework:spring-web:jar:7.0.9:compile (sources = false)
2026.09.20 17:19:39 INFO  [INFO] Resolving artifact: org.springframework:spring-web:jar:7.0.9:compile (sources = true)
2026.09.20 17:19:39 INFO  Downloading from central: https://repo.maven.apache.org/maven2/org/springframework/spring-web/7.0.9/spring-web-7.0.9-sources.jar
2026.09.20 17:19:39 INFO  Progress (1): 0/1.5 MB
2026.09.20 17:19:39 INFO  Progress (1): 0/1.5 MB
2026.09.20 17:19:39 INFO  Progress (1): 0/1.5 MB
2026.09.20 17:19:39 INFO  Progress (1): 0/1.5 MB
2026.09.20 17:19:39 INFO  Progress (1): 0.1/1.5 MB
2026.09.20 17:19:39 INFO  Progress (1): 0.1/1.5 MB
2026.09.20 17:19:39 INFO  Progress (1): 0.1/1.5 MB
2026.09.20 17:19:39 INFO  Progress (1): 0.1/1.5 MB
2026.09.20 17:19:39 INFO  Progress (1): 0.1/1.5 MB
2026.09.20 17:19:39 INFO  Progress (1): 0.1/1.5 MB
2026.09.20 17:19:39 INFO  Progress (1): 0.2/1.5 MB
2026.09.20 17:19:39 INFO  Progress (1): 0.2/1.5 MB
2026.09.20 17:19:39 INFO  Progress (1): 0.2/1.5 MB
2026.09.20 17:19:39 INFO  Progress (1): 0.2/1.5 MB
2026.09.20 17:19:39 INFO  Progress (1): 0.2/1.5 MB
2026.09.20 17:19:39 INFO  Progress (1): 0.2/1.5 MB
2026.09.20 17:19:39 INFO  Progress (1): 0.3/1.5 MB
2026.09.20 17:19:39 INFO  Progress (1): 0.3/1.5 MB
2026.09.20 17:19:39 INFO  Progress (1): 0.3/1.5 MB
2026.09.20 17:19:39 INFO  Progress (1): 0.3/1.5 MB
2026.09.20 17:19:39 INFO  Progress (1): 0.3/1.5 MB
2026.09.20 17:19:39 INFO  Progress (1): 0.3/1.5 MB
2026.09.20 17:19:39 INFO  Progress (1): 0.4/1.5 MB
2026.09.20 17:19:39 INFO  Progress (1): 0.4/1.5 MB
2026.09.20 17:19:39 INFO  Progress (1): 0.4/1.5 MB
2026.09.20 17:19:39 INFO  Progress (1): 0.4/1.5 MB
2026.09.20 17:19:39 INFO  Progress (1): 0.4/1.5 MB
2026.09.20 17:19:39 INFO  Progress (1): 0.4/1.5 MB
2026.09.20 17:19:39 INFO  Progress (1): 0.5/1.5 MB
2026.09.20 17:19:39 INFO  Progress (1): 0.5/1.5 MB
2026.09.20 17:19:39 INFO  Progress (1): 0.5/1.5 MB
2026.09.20 17:19:39 INFO  Progress (1): 0.5/1.5 MB
2026.09.20 17:19:39 INFO  Progress (1): 0.5/1.5 MB
2026.09.20 17:19:39 INFO  Progress (1): 0.5/1.5 MB
2026.09.20 17:19:39 INFO  Progress (1): 0.5/1.5 MB
2026.09.20 17:19:39 INFO  Progress (1): 0.6/1.5 MB
2026.09.20 17:19:39 INFO  Progress (1): 0.6/1.5 MB
2026.09.20 17:19:39 INFO  Progress (1): 0.6/1.5 MB
2026.09.20 17:19:39 INFO  Progress (1): 0.6/1.5 MB
2026.09.20 17:19:39 INFO  Progress (1): 0.6/1.5 MB
2026.09.20 17:19:39 INFO  Progress (1): 0.6/1.5 MB
2026.09.20 17:19:39 INFO  Progress (1): 0.7/1.5 MB
2026.09.20 17:19:39 INFO  Progress (1): 0.7/1.5 MB
2026.09.20 17:19:39 INFO  Progress (1): 0.7/1.5 MB
2026.09.20 17:19:39 INFO  Progress (1): 0.7/1.5 MB
2026.09.20 17:19:39 INFO  Progress (1): 0.7/1.5 MB
2026.09.20 17:19:39 INFO  Progress (1): 0.7/1.5 MB
2026.09.20 17:19:39 INFO  Progress (1): 0.8/1.5 MB
2026.09.20 17:19:39 INFO  Progress (1): 0.8/1.5 MB
2026.09.20 17:19:39 INFO  Progress (1): 0.8/1.5 MB
2026.09.20 17:19:39 INFO  Progress (1): 0.8/1.5 MB
2026.09.20 17:19:39 INFO  Progress (1): 0.8/1.5 MB
2026.09.20 17:19:39 INFO  Progress (1): 0.8/1.5 MB
2026.09.20 17:19:39 INFO  Progress (1): 0.9/1.5 MB
2026.09.20 17:19:39 INFO  Progress (1): 0.9/1.5 MB
2026.09.20 17:19:39 INFO  Progress (1): 0.9/1.5 MB
2026.09.20 17:19:39 INFO  Progress (1): 0.9/1.5 MB
2026.09.20 17:19:39 INFO  Progress (1): 0.9/1.5 MB
2026.09.20 17:19:39 INFO  Progress (1): 0.9/1.5 MB
2026.09.20 17:19:39 INFO  Progress (1): 1.0/1.5 MB
2026.09.20 17:19:39 INFO  Progress (1): 1.0/1.5 MB
2026.09.20 17:19:39 INFO  Progress (1): 1.0/1.5 MB
2026.09.20 17:19:39 INFO  Progress (1): 1.0/1.5 MB
2026.09.20 17:19:39 INFO  Progress (1): 1.0/1.5 MB
2026.09.20 17:19:39 INFO  Progress (1): 1.0/1.5 MB
2026.09.20 17:19:39 INFO  Progress (1): 1.1/1.5 MB
2026.09.20 17:19:39 INFO  Progress (1): 1.1/1.5 MB
2026.09.20 17:19:39 INFO  Progress (1): 1.1/1.5 MB
2026.09.20 17:19:39 INFO  Progress (1): 1.1/1.5 MB
2026.09.20 17:19:39 INFO  Progress (1): 1.1/1.5 MB
2026.09.20 17:19:39 INFO  Progress (1): 1.1/1.5 MB
2026.09.20 17:19:39 INFO  Progress (1): 1.2/1.5 MB
2026.09.20 17:19:39 INFO  Progress (1): 1.2/1.5 MB
2026.09.20 17:19:39 INFO  Progress (1): 1.2/1.5 MB
2026.09.20 17:19:39 INFO  Progress (1): 1.2/1.5 MB
2026.09.20 17:19:39 INFO  Progress (1): 1.2/1.5 MB
2026.09.20 17:19:39 INFO  Progress (1): 1.2/1.5 MB
2026.09.20 17:19:39 INFO  Progress (1): 1.3/1.5 MB
2026.09.20 17:19:39 INFO  Progress (1): 1.3/1.5 MB
2026.09.20 17:19:39 INFO  Progress (1): 1.3/1.5 MB
2026.09.20 17:19:39 INFO  Progress (1): 1.3/1.5 MB
2026.09.20 17:19:39 INFO  Progress (1): 1.3/1.5 MB
2026.09.20 17:19:39 INFO  Progress (1): 1.3/1.5 MB
2026.09.20 17:19:39 INFO  Progress (1): 1.4/1.5 MB
2026.09.20 17:19:39 INFO  Progress (1): 1.4/1.5 MB
2026.09.20 17:19:39 INFO  Progress (1): 1.4/1.5 MB
2026.09.20 17:19:39 INFO  Progress (1): 1.4/1.5 MB
2026.09.20 17:19:39 INFO  Progress (1): 1.4/1.5 MB
2026.09.20 17:19:39 INFO  Progress (1): 1.4/1.5 MB
2026.09.20 17:19:39 INFO  Progress (1): 1.4/1.5 MB
2026.09.20 17:19:39 INFO  Progress (1): 1.5/1.5 MB
2026.09.20 17:19:39 INFO  Progress (1): 1.5/1.5 MB
2026.09.20 17:19:39 INFO  Progress (1): 1.5/1.5 MB
2026.09.20 17:19:39 INFO  Progress (1): 1.5 MB    
2026.09.20 17:19:39 INFO                      
2026.09.20 17:19:39 INFO  Downloaded from central: https://repo.maven.apache.org/maven2/org/springframework/spring-web/7.0.9/spring-web-7.0.9-sources.jar (1.5 MB at 2.9 MB/s)
2026.09.20 17:19:39 INFO  [INFO] SUCCESS: org.springframework:spring-web:jar:7.0.9:compile (sources = true)
2026.09.20 17:19:39 INFO  [INFO] Resolving artifact: net.bytebuddy:byte-buddy-agent:jar:1.18.11:test (sources = false)
2026.09.20 17:19:39 INFO  [INFO] SUCCESS: net.bytebuddy:byte-buddy-agent:jar:1.18.11:test (sources = false)
2026.09.20 17:19:39 INFO  [INFO] Resolving artifact: net.bytebuddy:byte-buddy-agent:jar:1.18.11:test (sources = true)
2026.09.20 17:19:39 INFO  [INFO] SUCCESS: net.bytebuddy:byte-buddy-agent:jar:1.18.11:test (sources = true)
2026.09.20 17:19:39 INFO  [INFO] Resolving artifact: org.junit.jupiter:junit-jupiter-engine:jar:6.0.3:test (sources = false)
2026.09.20 17:19:39 INFO  [INFO] SUCCESS: org.junit.jupiter:junit-jupiter-engine:jar:6.0.3:test (sources = false)
2026.09.20 17:19:39 INFO  [INFO] Resolving artifact: org.junit.jupiter:junit-jupiter-engine:jar:6.0.3:test (sources = true)
2026.09.20 17:19:39 INFO  [INFO] SUCCESS: org.junit.jupiter:junit-jupiter-engine:jar:6.0.3:test (sources = true)
2026.09.20 17:19:39 INFO  [INFO] Resolving artifact: org.slf4j:slf4j-api:jar:2.0.18:compile (sources = false)
2026.09.20 17:19:39 INFO  [INFO] SUCCESS: org.slf4j:slf4j-api:jar:2.0.18:compile (sources = false)
2026.09.20 17:19:39 INFO  [INFO] Resolving artifact: org.slf4j:slf4j-api:jar:2.0.18:compile (sources = true)
2026.09.20 17:19:39 INFO  [INFO] SUCCESS: org.slf4j:slf4j-api:jar:2.0.18:compile (sources = true)
2026.09.20 17:19:39 INFO  [INFO] Resolving artifact: org.springframework:spring-webmvc:jar:7.0.9:compile (sources = false)
2026.09.20 17:19:39 INFO  [INFO] SUCCESS: org.springframework:spring-webmvc:jar:7.0.9:compile (sources = false)
2026.09.20 17:19:39 INFO  [INFO] Resolving artifact: org.springframework:spring-webmvc:jar:7.0.9:compile (sources = true)
2026.09.20 17:19:39 INFO  Downloading from central: https://repo.maven.apache.org/maven2/org/springframework/spring-webmvc/7.0.9/spring-webmvc-7.0.9-sources.jar
2026.09.20 17:19:40 INFO  Progress (1): 7.7/858 kB
2026.09.20 17:19:40 INFO  Progress (1): 16/858 kB 
2026.09.20 17:19:40 INFO  Progress (1): 32/858 kB
2026.09.20 17:19:40 INFO  Progress (1): 49/858 kB
2026.09.20 17:19:40 INFO  Progress (1): 65/858 kB
2026.09.20 17:19:40 INFO  Progress (1): 81/858 kB
2026.09.20 17:19:40 INFO  Progress (1): 98/858 kB
2026.09.20 17:19:40 INFO  Progress (1): 114/858 kB
2026.09.20 17:19:40 INFO  Progress (1): 131/858 kB
2026.09.20 17:19:40 INFO  Progress (1): 147/858 kB
2026.09.20 17:19:40 INFO  Progress (1): 163/858 kB
2026.09.20 17:19:40 INFO  Progress (1): 180/858 kB
2026.09.20 17:19:40 INFO  Progress (1): 196/858 kB
2026.09.20 17:19:40 INFO  Progress (1): 212/858 kB
2026.09.20 17:19:40 INFO  Progress (1): 229/858 kB
2026.09.20 17:19:40 INFO  Progress (1): 245/858 kB
2026.09.20 17:19:40 INFO  Progress (1): 262/858 kB
2026.09.20 17:19:40 INFO  Progress (1): 278/858 kB
2026.09.20 17:19:40 INFO  Progress (1): 294/858 kB
2026.09.20 17:19:40 INFO  Progress (1): 311/858 kB
2026.09.20 17:19:40 INFO  Progress (1): 327/858 kB
2026.09.20 17:19:40 INFO  Progress (1): 344/858 kB
2026.09.20 17:19:40 INFO  Progress (1): 360/858 kB
2026.09.20 17:19:40 INFO  Progress (1): 376/858 kB
2026.09.20 17:19:40 INFO  Progress (1): 393/858 kB
2026.09.20 17:19:40 INFO  Progress (1): 409/858 kB
2026.09.20 17:19:40 INFO  Progress (1): 425/858 kB
2026.09.20 17:19:40 INFO  Progress (1): 442/858 kB
2026.09.20 17:19:40 INFO  Progress (1): 458/858 kB
2026.09.20 17:19:40 INFO  Progress (1): 474/858 kB
2026.09.20 17:19:40 INFO  Progress (1): 475/858 kB
2026.09.20 17:19:40 INFO  Progress (1): 491/858 kB
2026.09.20 17:19:40 INFO  Progress (1): 507/858 kB
2026.09.20 17:19:40 INFO  Progress (1): 524/858 kB
2026.09.20 17:19:40 INFO  Progress (1): 540/858 kB
2026.09.20 17:19:40 INFO  Progress (1): 557/858 kB
2026.09.20 17:19:40 INFO  Progress (1): 573/858 kB
2026.09.20 17:19:40 INFO  Progress (1): 589/858 kB
2026.09.20 17:19:40 INFO  Progress (1): 606/858 kB
2026.09.20 17:19:40 INFO  Progress (1): 622/858 kB
2026.09.20 17:19:40 INFO  Progress (1): 638/858 kB
2026.09.20 17:19:40 INFO  Progress (1): 655/858 kB
2026.09.20 17:19:40 INFO  Progress (1): 671/858 kB
2026.09.20 17:19:40 INFO  Progress (1): 687/858 kB
2026.09.20 17:19:40 INFO  Progress (1): 704/858 kB
2026.09.20 17:19:40 INFO  Progress (1): 720/858 kB
2026.09.20 17:19:40 INFO  Progress (1): 737/858 kB
2026.09.20 17:19:40 INFO  Progress (1): 753/858 kB
2026.09.20 17:19:40 INFO  Progress (1): 769/858 kB
2026.09.20 17:19:40 INFO  Progress (1): 786/858 kB
2026.09.20 17:19:40 INFO  Progress (1): 802/858 kB
2026.09.20 17:19:40 INFO  Progress (1): 819/858 kB
2026.09.20 17:19:40 INFO  Progress (1): 835/858 kB
2026.09.20 17:19:40 INFO  Progress (1): 851/858 kB
2026.09.20 17:19:40 INFO  Progress (1): 858 kB    
2026.09.20 17:19:40 INFO                      
2026.09.20 17:19:40 INFO  Downloaded from central: https://repo.maven.apache.org/maven2/org/springframework/spring-webmvc/7.0.9/spring-webmvc-7.0.9-sources.jar (858 kB at 2.5 MB/s)
2026.09.20 17:19:40 INFO  [INFO] SUCCESS: org.springframework:spring-webmvc:jar:7.0.9:compile (sources = true)
2026.09.20 17:19:40 INFO  [INFO] Resolving artifact: net.minidev:accessors-smart:jar:2.6.0:test (sources = false)
2026.09.20 17:19:40 INFO  [INFO] SUCCESS: net.minidev:accessors-smart:jar:2.6.0:test (sources = false)
2026.09.20 17:19:40 INFO  [INFO] Resolving artifact: net.minidev:accessors-smart:jar:2.6.0:test (sources = true)
2026.09.20 17:19:40 INFO  [INFO] SUCCESS: net.minidev:accessors-smart:jar:2.6.0:test (sources = true)
2026.09.20 17:19:40 INFO  [INFO] Resolving artifact: org.springframework.boot:spring-boot-http-converter:jar:4.1.1:compile (sources = false)
2026.09.20 17:19:40 INFO  [INFO] SUCCESS: org.springframework.boot:spring-boot-http-converter:jar:4.1.1:compile (sources = false)
2026.09.20 17:19:40 INFO  [INFO] Resolving artifact: org.springframework.boot:spring-boot-http-converter:jar:4.1.1:compile (sources = true)
2026.09.20 17:19:40 INFO  Downloading from central: https://repo.maven.apache.org/maven2/org/springframework/boot/spring-boot-http-converter/4.1.1/spring-boot-http-converter-4.1.1-sources.jar
2026.09.20 17:19:40 INFO  Progress (1): 7.7/25 kB
2026.09.20 17:19:40 INFO  Progress (1): 7.7/25 kB
2026.09.20 17:19:40 INFO  Progress (1): 24/25 kB 
2026.09.20 17:19:40 INFO  Progress (1): 25 kB   
2026.09.20 17:19:40 INFO                     
2026.09.20 17:19:40 INFO  Downloaded from central: https://repo.maven.apache.org/maven2/org/springframework/boot/spring-boot-http-converter/4.1.1/spring-boot-http-converter-4.1.1-sources.jar (25 kB at 218 kB/s)
2026.09.20 17:19:40 INFO  [INFO] SUCCESS: org.springframework.boot:spring-boot-http-converter:jar:4.1.1:compile (sources = true)
2026.09.20 17:19:40 INFO  [INFO] Resolving artifact: org.springframework.boot:spring-boot-data-commons:jar:4.1.1:compile (sources = false)
2026.09.20 17:19:40 INFO  [INFO] SUCCESS: org.springframework.boot:spring-boot-data-commons:jar:4.1.1:compile (sources = false)
2026.09.20 17:19:40 INFO  [INFO] Resolving artifact: org.springframework.boot:spring-boot-data-commons:jar:4.1.1:compile (sources = true)
2026.09.20 17:19:40 INFO  Downloading from central: https://repo.maven.apache.org/maven2/org/springframework/boot/spring-boot-data-commons/4.1.1/spring-boot-data-commons-4.1.1-sources.jar
2026.09.20 17:19:40 INFO  Progress (1): 7.7/23 kB
2026.09.20 17:19:40 INFO  Progress (1): 16/23 kB 
2026.09.20 17:19:40 INFO  Progress (1): 23 kB   
2026.09.20 17:19:40 INFO                     
2026.09.20 17:19:40 INFO  Downloaded from central: https://repo.maven.apache.org/maven2/org/springframework/boot/spring-boot-data-commons/4.1.1/spring-boot-data-commons-4.1.1-sources.jar (23 kB at 173 kB/s)
2026.09.20 17:19:40 INFO  [INFO] SUCCESS: org.springframework.boot:spring-boot-data-commons:jar:4.1.1:compile (sources = true)
2026.09.20 17:19:40 INFO  [INFO] Resolving artifact: org.xmlunit:xmlunit-core:jar:2.11.0:test (sources = false)
2026.09.20 17:19:40 INFO  [INFO] SUCCESS: org.xmlunit:xmlunit-core:jar:2.11.0:test (sources = false)
2026.09.20 17:19:40 INFO  [INFO] Resolving artifact: org.xmlunit:xmlunit-core:jar:2.11.0:test (sources = true)
2026.09.20 17:19:40 INFO  [INFO] SUCCESS: org.xmlunit:xmlunit-core:jar:2.11.0:test (sources = true)
2026.09.20 17:19:40 INFO  [INFO] Resolving artifact: org.junit.jupiter:junit-jupiter-params:jar:6.0.3:test (sources = false)
2026.09.20 17:19:40 INFO  [INFO] SUCCESS: org.junit.jupiter:junit-jupiter-params:jar:6.0.3:test (sources = false)
2026.09.20 17:19:40 INFO  [INFO] Resolving artifact: org.junit.jupiter:junit-jupiter-params:jar:6.0.3:test (sources = true)
2026.09.20 17:19:40 INFO  [INFO] SUCCESS: org.junit.jupiter:junit-jupiter-params:jar:6.0.3:test (sources = true)
2026.09.20 17:19:40 INFO  [INFO] Resolving artifact: org.springframework.boot:spring-boot-test:jar:4.1.1:test (sources = false)
2026.09.20 17:19:40 INFO  [INFO] SUCCESS: org.springframework.boot:spring-boot-test:jar:4.1.1:test (sources = false)
2026.09.20 17:19:40 INFO  [INFO] Resolving artifact: org.springframework.boot:spring-boot-test:jar:4.1.1:test (sources = true)
2026.09.20 17:19:40 INFO  [INFO] SUCCESS: org.springframework.boot:spring-boot-test:jar:4.1.1:test (sources = true)
2026.09.20 17:19:40 INFO  [INFO] Resolving artifact: org.springframework.boot:spring-boot-transaction:jar:4.1.1:compile (sources = false)
2026.09.20 17:19:40 INFO  [INFO] SUCCESS: org.springframework.boot:spring-boot-transaction:jar:4.1.1:compile (sources = false)
2026.09.20 17:19:40 INFO  [INFO] Resolving artifact: org.springframework.boot:spring-boot-transaction:jar:4.1.1:compile (sources = true)
2026.09.20 17:19:40 INFO  Downloading from central: https://repo.maven.apache.org/maven2/org/springframework/boot/spring-boot-transaction/4.1.1/spring-boot-transaction-4.1.1-sources.jar
2026.09.20 17:19:40 INFO  Progress (1): 7.7/16 kB
2026.09.20 17:19:40 INFO  Progress (1): 16/16 kB 
2026.09.20 17:19:40 INFO  Progress (1): 16 kB   
2026.09.20 17:19:40 INFO                     
2026.09.20 17:19:40 INFO  Downloaded from central: https://repo.maven.apache.org/maven2/org/springframework/boot/spring-boot-transaction/4.1.1/spring-boot-transaction-4.1.1-sources.jar (16 kB at 140 kB/s)
2026.09.20 17:19:40 INFO  [INFO] SUCCESS: org.springframework.boot:spring-boot-transaction:jar:4.1.1:compile (sources = true)
2026.09.20 17:19:40 INFO  [INFO] Resolving artifact: org.hibernate.models:hibernate-models:jar:1.1.1:runtime (sources = false)
2026.09.20 17:19:40 INFO  [INFO] SUCCESS: org.hibernate.models:hibernate-models:jar:1.1.1:runtime (sources = false)
2026.09.20 17:19:40 INFO  [INFO] Resolving artifact: org.hibernate.models:hibernate-models:jar:1.1.1:runtime (sources = true)
2026.09.20 17:19:40 INFO  Downloading from central: https://repo.maven.apache.org/maven2/org/hibernate/models/hibernate-models/1.1.1/hibernate-models-1.1.1-sources.jar
2026.09.20 17:19:40 INFO  Progress (1): 7.7/135 kB
2026.09.20 17:19:40 INFO  Progress (1): 16/135 kB 
2026.09.20 17:19:40 INFO  Progress (1): 25/135 kB
2026.09.20 17:19:40 INFO  Progress (1): 41/135 kB
2026.09.20 17:19:40 INFO  Progress (1): 57/135 kB
2026.09.20 17:19:40 INFO  Progress (1): 74/135 kB
2026.09.20 17:19:40 INFO  Progress (1): 90/135 kB
2026.09.20 17:19:40 INFO  Progress (1): 106/135 kB
2026.09.20 17:19:40 INFO  Progress (1): 123/135 kB
2026.09.20 17:19:40 INFO  Progress (1): 135 kB    
2026.09.20 17:19:40 INFO                      
2026.09.20 17:19:40 INFO  Downloaded from central: https://repo.maven.apache.org/maven2/org/hibernate/models/hibernate-models/1.1.1/hibernate-models-1.1.1-sources.jar (135 kB at 789 kB/s)
2026.09.20 17:19:40 INFO  [INFO] SUCCESS: org.hibernate.models:hibernate-models:jar:1.1.1:runtime (sources = true)
2026.09.20 17:19:40 INFO  [INFO] Resolving artifact: org.apache.tomcat.embed:tomcat-embed-el:jar:11.0.24:compile (sources = false)
2026.09.20 17:19:40 INFO  [INFO] SUCCESS: org.apache.tomcat.embed:tomcat-embed-el:jar:11.0.24:compile (sources = false)
2026.09.20 17:19:40 INFO  [INFO] Resolving artifact: org.apache.tomcat.embed:tomcat-embed-el:jar:11.0.24:compile (sources = true)
2026.09.20 17:19:40 INFO  Downloading from central: https://repo.maven.apache.org/maven2/org/apache/tomcat/embed/tomcat-embed-el/11.0.24/tomcat-embed-el-11.0.24-sources.jar
2026.09.20 17:19:40 INFO  Progress (1): 7.7/253 kB
2026.09.20 17:19:40 INFO  Progress (1): 16/253 kB 
2026.09.20 17:19:40 INFO  Progress (1): 24/253 kB
2026.09.20 17:19:40 INFO  Progress (1): 40/253 kB
2026.09.20 17:19:40 INFO  Progress (1): 57/253 kB
2026.09.20 17:19:40 INFO  Progress (1): 73/253 kB
2026.09.20 17:19:40 INFO  Progress (1): 90/253 kB
2026.09.20 17:19:40 INFO  Progress (1): 106/253 kB
2026.09.20 17:19:40 INFO  Progress (1): 122/253 kB
2026.09.20 17:19:40 INFO  Progress (1): 139/253 kB
2026.09.20 17:19:40 INFO  Progress (1): 155/253 kB
2026.09.20 17:19:40 INFO  Progress (1): 172/253 kB
2026.09.20 17:19:40 INFO  Progress (1): 188/253 kB
2026.09.20 17:19:40 INFO  Progress (1): 204/253 kB
2026.09.20 17:19:40 INFO  Progress (1): 205/253 kB
2026.09.20 17:19:41 INFO  Progress (1): 221/253 kB
2026.09.20 17:19:41 INFO  Progress (1): 238/253 kB
2026.09.20 17:19:41 INFO  Progress (1): 253 kB    
2026.09.20 17:19:41 INFO                      
2026.09.20 17:19:41 INFO  Downloaded from central: https://repo.maven.apache.org/maven2/org/apache/tomcat/embed/tomcat-embed-el/11.0.24/tomcat-embed-el-11.0.24-sources.jar (253 kB at 1.3 MB/s)
2026.09.20 17:19:41 INFO  [INFO] SUCCESS: org.apache.tomcat.embed:tomcat-embed-el:jar:11.0.24:compile (sources = true)
2026.09.20 17:19:41 INFO  [INFO] Resolving artifact: org.objenesis:objenesis:jar:3.3:test (sources = false)
2026.09.20 17:19:41 INFO  [INFO] SUCCESS: org.objenesis:objenesis:jar:3.3:test (sources = false)
2026.09.20 17:19:41 INFO  [INFO] Resolving artifact: org.objenesis:objenesis:jar:3.3:test (sources = true)
2026.09.20 17:19:41 INFO  [INFO] SUCCESS: org.objenesis:objenesis:jar:3.3:test (sources = true)
2026.09.20 17:19:41 INFO  [INFO] Resolving artifact: ch.qos.logback:logback-classic:jar:1.5.38:compile (sources = false)
2026.09.20 17:19:41 INFO  [INFO] SUCCESS: ch.qos.logback:logback-classic:jar:1.5.38:compile (sources = false)
2026.09.20 17:19:41 INFO  [INFO] Resolving artifact: ch.qos.logback:logback-classic:jar:1.5.38:compile (sources = true)
2026.09.20 17:19:41 INFO  [INFO] SUCCESS: ch.qos.logback:logback-classic:jar:1.5.38:compile (sources = true)
2026.09.20 17:19:41 INFO  [INFO] Resolving artifact: io.micrometer:micrometer-commons:jar:1.17.1:compile (sources = false)
2026.09.20 17:19:41 INFO  [INFO] SUCCESS: io.micrometer:micrometer-commons:jar:1.17.1:compile (sources = false)
2026.09.20 17:19:41 INFO  [INFO] Resolving artifact: io.micrometer:micrometer-commons:jar:1.17.1:compile (sources = true)
2026.09.20 17:19:41 INFO  [INFO] SUCCESS: io.micrometer:micrometer-commons:jar:1.17.1:compile (sources = true)
2026.09.20 17:19:41 INFO  [INFO] Resolving artifact: org.ow2.asm:asm:jar:9.7.1:test (sources = false)
2026.09.20 17:19:41 INFO  [INFO] SUCCESS: org.ow2.asm:asm:jar:9.7.1:test (sources = false)
2026.09.20 17:19:41 INFO  [INFO] Resolving artifact: org.ow2.asm:asm:jar:9.7.1:test (sources = true)
2026.09.20 17:19:41 INFO  [INFO] SUCCESS: org.ow2.asm:asm:jar:9.7.1:test (sources = true)
2026.09.20 17:19:41 INFO  [INFO] Resolving artifact: org.springframework.boot:spring-boot-starter-jackson:jar:4.1.1:compile (sources = false)
2026.09.20 17:19:41 INFO  [INFO] SUCCESS: org.springframework.boot:spring-boot-starter-jackson:jar:4.1.1:compile (sources = false)
2026.09.20 17:19:41 INFO  [INFO] Resolving artifact: org.springframework.boot:spring-boot-starter-jackson:jar:4.1.1:compile (sources = true)
2026.09.20 17:19:41 INFO  Downloading from central: https://repo.maven.apache.org/maven2/org/springframework/boot/spring-boot-starter-jackson/4.1.1/spring-boot-starter-jackson-4.1.1-sources.jar
2026.09.20 17:19:41 INFO  Progress (1): 4.7 kB
2026.09.20 17:19:41 INFO                      
2026.09.20 17:19:41 INFO  Downloaded from central: https://repo.maven.apache.org/maven2/org/springframework/boot/spring-boot-starter-jackson/4.1.1/spring-boot-starter-jackson-4.1.1-sources.jar (4.7 kB at 43 kB/s)
2026.09.20 17:19:41 INFO  [INFO] SUCCESS: org.springframework.boot:spring-boot-starter-jackson:jar:4.1.1:compile (sources = true)
2026.09.20 17:19:41 INFO  [INFO] Resolving artifact: commons-logging:commons-logging:jar:1.3.6:compile (sources = false)
2026.09.20 17:19:41 INFO  [INFO] SUCCESS: commons-logging:commons-logging:jar:1.3.6:compile (sources = false)
2026.09.20 17:19:41 INFO  [INFO] Resolving artifact: commons-logging:commons-logging:jar:1.3.6:compile (sources = true)
2026.09.20 17:19:41 INFO  [INFO] SUCCESS: commons-logging:commons-logging:jar:1.3.6:compile (sources = true)
2026.09.20 17:19:41 INFO  [INFO] Resolving artifact: org.springframework:spring-context:jar:7.0.9:compile (sources = false)
2026.09.20 17:19:41 INFO  [INFO] SUCCESS: org.springframework:spring-context:jar:7.0.9:compile (sources = false)
2026.09.20 17:19:41 INFO  [INFO] Resolving artifact: org.springframework:spring-context:jar:7.0.9:compile (sources = true)
2026.09.20 17:19:41 INFO  [INFO] SUCCESS: org.springframework:spring-context:jar:7.0.9:compile (sources = true)
2026.09.20 17:19:41 INFO  [INFO] Resolving artifact: org.junit.jupiter:junit-jupiter-api:jar:6.0.3:test (sources = false)
2026.09.20 17:19:41 INFO  [INFO] SUCCESS: org.junit.jupiter:junit-jupiter-api:jar:6.0.3:test (sources = false)
2026.09.20 17:19:41 INFO  [INFO] Resolving artifact: org.junit.jupiter:junit-jupiter-api:jar:6.0.3:test (sources = true)
2026.09.20 17:19:41 INFO  [INFO] SUCCESS: org.junit.jupiter:junit-jupiter-api:jar:6.0.3:test (sources = true)
2026.09.20 17:19:41 INFO  [INFO] Resolving artifact: ch.qos.logback:logback-core:jar:1.5.38:compile (sources = false)
2026.09.20 17:19:41 INFO  [INFO] SUCCESS: ch.qos.logback:logback-core:jar:1.5.38:compile (sources = false)
2026.09.20 17:19:41 INFO  [INFO] Resolving artifact: ch.qos.logback:logback-core:jar:1.5.38:compile (sources = true)
2026.09.20 17:19:41 INFO  [INFO] SUCCESS: ch.qos.logback:logback-core:jar:1.5.38:compile (sources = true)
2026.09.20 17:19:41 INFO  [INFO] Resolving artifact: org.skyscreamer:jsonassert:jar:1.5.3:test (sources = false)
2026.09.20 17:19:41 INFO  [INFO] SUCCESS: org.skyscreamer:jsonassert:jar:1.5.3:test (sources = false)
2026.09.20 17:19:41 INFO  [INFO] Resolving artifact: org.skyscreamer:jsonassert:jar:1.5.3:test (sources = true)
2026.09.20 17:19:41 INFO  [INFO] SUCCESS: org.skyscreamer:jsonassert:jar:1.5.3:test (sources = true)
2026.09.20 17:19:41 INFO  [INFO] Resolving artifact: org.springframework.data:spring-data-jpa:jar:4.1.1:compile (sources = false)
2026.09.20 17:19:41 INFO  [INFO] SUCCESS: org.springframework.data:spring-data-jpa:jar:4.1.1:compile (sources = false)
2026.09.20 17:19:41 INFO  [INFO] Resolving artifact: org.springframework.data:spring-data-jpa:jar:4.1.1:compile (sources = true)
2026.09.20 17:19:41 INFO  [INFO] SUCCESS: org.springframework.data:spring-data-jpa:jar:4.1.1:compile (sources = true)
2026.09.20 17:19:41 INFO  [INFO] Resolving artifact: jakarta.xml.bind:jakarta.xml.bind-api:jar:4.0.5:runtime (sources = false)
2026.09.20 17:19:41 INFO  [INFO] SUCCESS: jakarta.xml.bind:jakarta.xml.bind-api:jar:4.0.5:runtime (sources = false)
2026.09.20 17:19:41 INFO  [INFO] Resolving artifact: jakarta.xml.bind:jakarta.xml.bind-api:jar:4.0.5:runtime (sources = true)
2026.09.20 17:19:41 INFO  [INFO] SUCCESS: jakarta.xml.bind:jakarta.xml.bind-api:jar:4.0.5:runtime (sources = true)
2026.09.20 17:19:41 INFO  [INFO] Resolving artifact: org.slf4j:jul-to-slf4j:jar:2.0.18:compile (sources = false)
2026.09.20 17:19:41 INFO  [INFO] SUCCESS: org.slf4j:jul-to-slf4j:jar:2.0.18:compile (sources = false)
2026.09.20 17:19:41 INFO  [INFO] Resolving artifact: org.slf4j:jul-to-slf4j:jar:2.0.18:compile (sources = true)
2026.09.20 17:19:41 INFO  [INFO] SUCCESS: org.slf4j:jul-to-slf4j:jar:2.0.18:compile (sources = true)
2026.09.20 17:19:41 INFO  [INFO] Resolving artifact: io.micrometer:micrometer-observation:jar:1.17.1:compile (sources = false)
2026.09.20 17:19:41 INFO  [INFO] SUCCESS: io.micrometer:micrometer-observation:jar:1.17.1:compile (sources = false)
2026.09.20 17:19:41 INFO  [INFO] Resolving artifact: io.micrometer:micrometer-observation:jar:1.17.1:compile (sources = true)
2026.09.20 17:19:41 INFO  [INFO] SUCCESS: io.micrometer:micrometer-observation:jar:1.17.1:compile (sources = true)
2026.09.20 17:19:41 INFO  [INFO] Resolving artifact: org.springframework.boot:spring-boot-starter-logging:jar:4.1.1:compile (sources = false)
2026.09.20 17:19:41 INFO  [INFO] SUCCESS: org.springframework.boot:spring-boot-starter-logging:jar:4.1.1:compile (sources = false)
2026.09.20 17:19:41 INFO  [INFO] Resolving artifact: org.springframework.boot:spring-boot-starter-logging:jar:4.1.1:compile (sources = true)
2026.09.20 17:19:41 INFO  [INFO] SUCCESS: org.springframework.boot:spring-boot-starter-logging:jar:4.1.1:compile (sources = true)
2026.09.20 17:19:41 INFO  [INFO] Resolving artifact: jakarta.annotation:jakarta.annotation-api:jar:3.0.0:compile (sources = false)
2026.09.20 17:19:41 INFO  [INFO] SUCCESS: jakarta.annotation:jakarta.annotation-api:jar:3.0.0:compile (sources = false)
2026.09.20 17:19:41 INFO  [INFO] Resolving artifact: jakarta.annotation:jakarta.annotation-api:jar:3.0.0:compile (sources = true)
2026.09.20 17:19:41 INFO  [INFO] SUCCESS: jakarta.annotation:jakarta.annotation-api:jar:3.0.0:compile (sources = true)
2026.09.20 17:19:41 INFO  [INFO] Resolving artifact: org.springframework.boot:spring-boot-starter-jdbc:jar:4.1.1:compile (sources = false)
2026.09.20 17:19:41 INFO  [INFO] SUCCESS: org.springframework.boot:spring-boot-starter-jdbc:jar:4.1.1:compile (sources = false)
2026.09.20 17:19:41 INFO  [INFO] Resolving artifact: org.springframework.boot:spring-boot-starter-jdbc:jar:4.1.1:compile (sources = true)
2026.09.20 17:19:41 INFO  Downloading from central: https://repo.maven.apache.org/maven2/org/springframework/boot/spring-boot-starter-jdbc/4.1.1/spring-boot-starter-jdbc-4.1.1-sources.jar
2026.09.20 17:19:41 INFO  Progress (1): 4.8 kB
2026.09.20 17:19:41 INFO                      
2026.09.20 17:19:41 INFO  Downloaded from central: https://repo.maven.apache.org/maven2/org/springframework/boot/spring-boot-starter-jdbc/4.1.1/spring-boot-starter-jdbc-4.1.1-sources.jar (4.8 kB at 36 kB/s)
2026.09.20 17:19:41 INFO  [INFO] SUCCESS: org.springframework.boot:spring-boot-starter-jdbc:jar:4.1.1:compile (sources = true)
2026.09.20 17:19:41 INFO  [INFO] Resolving artifact: org.springframework.boot:spring-boot-servlet:jar:4.1.1:compile (sources = false)
2026.09.20 17:19:41 INFO  [INFO] SUCCESS: org.springframework.boot:spring-boot-servlet:jar:4.1.1:compile (sources = false)
2026.09.20 17:19:41 INFO  [INFO] Resolving artifact: org.springframework.boot:spring-boot-servlet:jar:4.1.1:compile (sources = true)
2026.09.20 17:19:41 INFO  Downloading from central: https://repo.maven.apache.org/maven2/org/springframework/boot/spring-boot-servlet/4.1.1/spring-boot-servlet-4.1.1-sources.jar
2026.09.20 17:19:41 INFO  Progress (1): 7.7/44 kB
2026.09.20 17:19:41 INFO  Progress (1): 16/44 kB 
2026.09.20 17:19:41 INFO  Progress (1): 24/44 kB
2026.09.20 17:19:41 INFO  Progress (1): 40/44 kB
2026.09.20 17:19:41 INFO  Progress (1): 44 kB   
2026.09.20 17:19:41 INFO                     
2026.09.20 17:19:41 INFO  Downloaded from central: https://repo.maven.apache.org/maven2/org/springframework/boot/spring-boot-servlet/4.1.1/spring-boot-servlet-4.1.1-sources.jar (44 kB at 322 kB/s)
2026.09.20 17:19:41 INFO  [INFO] SUCCESS: org.springframework.boot:spring-boot-servlet:jar:4.1.1:compile (sources = true)
2026.09.20 17:19:41 INFO  [INFO] Resolving artifact: org.junit.platform:junit-platform-commons:jar:6.0.3:test (sources = false)
2026.09.20 17:19:41 INFO  [INFO] SUCCESS: org.junit.platform:junit-platform-commons:jar:6.0.3:test (sources = false)
2026.09.20 17:19:41 INFO  [INFO] Resolving artifact: org.junit.platform:junit-platform-commons:jar:6.0.3:test (sources = true)
2026.09.20 17:19:41 INFO  [INFO] SUCCESS: org.junit.platform:junit-platform-commons:jar:6.0.3:test (sources = true)
2026.09.20 17:19:41 INFO  [INFO] Resolving artifact: org.yaml:snakeyaml:jar:2.6:compile (sources = false)
2026.09.20 17:19:41 INFO  [INFO] SUCCESS: org.yaml:snakeyaml:jar:2.6:compile (sources = false)
2026.09.20 17:19:41 INFO  [INFO] Resolving artifact: org.yaml:snakeyaml:jar:2.6:compile (sources = true)
2026.09.20 17:19:41 INFO  [INFO] SUCCESS: org.yaml:snakeyaml:jar:2.6:compile (sources = true)
2026.09.20 17:19:41 INFO  [INFO] Resolving artifact: org.springframework.boot:spring-boot-test-autoconfigure:jar:4.1.1:test (sources = false)
2026.09.20 17:19:41 INFO  [INFO] SUCCESS: org.springframework.boot:spring-boot-test-autoconfigure:jar:4.1.1:test (sources = false)
2026.09.20 17:19:41 INFO  [INFO] Resolving artifact: org.springframework.boot:spring-boot-test-autoconfigure:jar:4.1.1:test (sources = true)
2026.09.20 17:19:41 INFO  [INFO] SUCCESS: org.springframework.boot:spring-boot-test-autoconfigure:jar:4.1.1:test (sources = true)
2026.09.20 17:19:41 INFO  [INFO] Resolving artifact: org.springframework:spring-core:jar:7.0.9:compile (sources = false)
2026.09.20 17:19:41 INFO  [INFO] SUCCESS: org.springframework:spring-core:jar:7.0.9:compile (sources = false)
2026.09.20 17:19:41 INFO  [INFO] Resolving artifact: org.springframework:spring-core:jar:7.0.9:compile (sources = true)
2026.09.20 17:19:41 INFO  [INFO] SUCCESS: org.springframework:spring-core:jar:7.0.9:compile (sources = true)
2026.09.20 17:19:41 INFO  [INFO] Resolving artifact: jakarta.inject:jakarta.inject-api:jar:2.0.1:runtime (sources = false)
2026.09.20 17:19:41 INFO  [INFO] SUCCESS: jakarta.inject:jakarta.inject-api:jar:2.0.1:runtime (sources = false)
2026.09.20 17:19:41 INFO  [INFO] Resolving artifact: jakarta.inject:jakarta.inject-api:jar:2.0.1:runtime (sources = true)
2026.09.20 17:19:41 INFO  Downloading from central: https://repo.maven.apache.org/maven2/jakarta/inject/jakarta.inject-api/2.0.1/jakarta.inject-api-2.0.1-sources.jar
2026.09.20 17:19:41 INFO  Progress (1): 7.7/18 kB
2026.09.20 17:19:41 INFO  Progress (1): 16/18 kB 
2026.09.20 17:19:41 INFO  Progress (1): 18 kB   
2026.09.20 17:19:41 INFO                     
2026.09.20 17:19:41 INFO  Downloaded from central: https://repo.maven.apache.org/maven2/jakarta/inject/jakarta.inject-api/2.0.1/jakarta.inject-api-2.0.1-sources.jar (18 kB at 145 kB/s)
2026.09.20 17:19:41 INFO  [INFO] SUCCESS: jakarta.inject:jakarta.inject-api:jar:2.0.1:runtime (sources = true)
2026.09.20 17:19:41 INFO  [INFO] Resolving artifact: org.glassfish.jaxb:jaxb-runtime:jar:4.0.9:runtime (sources = false)
2026.09.20 17:19:41 INFO  [INFO] SUCCESS: org.glassfish.jaxb:jaxb-runtime:jar:4.0.9:runtime (sources = false)
2026.09.20 17:19:41 INFO  [INFO] Resolving artifact: org.glassfish.jaxb:jaxb-runtime:jar:4.0.9:runtime (sources = true)
2026.09.20 17:19:41 INFO  Downloading from central: https://repo.maven.apache.org/maven2/org/glassfish/jaxb/jaxb-runtime/4.0.9/jaxb-runtime-4.0.9-sources.jar
2026.09.20 17:19:41 INFO  Progress (1): 7.7/654 kB
2026.09.20 17:19:41 INFO  Progress (1): 8.2/654 kB
2026.09.20 17:19:41 INFO  Progress (1): 25/654 kB 
2026.09.20 17:19:41 INFO  Progress (1): 41/654 kB
2026.09.20 17:19:41 INFO  Progress (1): 57/654 kB
2026.09.20 17:19:41 INFO  Progress (1): 74/654 kB
2026.09.20 17:19:41 INFO  Progress (1): 90/654 kB
2026.09.20 17:19:41 INFO  Progress (1): 106/654 kB
2026.09.20 17:19:41 INFO  Progress (1): 123/654 kB
2026.09.20 17:19:41 INFO  Progress (1): 131/654 kB
2026.09.20 17:19:41 INFO  Progress (1): 147/654 kB
2026.09.20 17:19:41 INFO  Progress (1): 164/654 kB
2026.09.20 17:19:41 INFO  Progress (1): 180/654 kB
2026.09.20 17:19:41 INFO  Progress (1): 197/654 kB
2026.09.20 17:19:41 INFO  Progress (1): 213/654 kB
2026.09.20 17:19:41 INFO  Progress (1): 229/654 kB
2026.09.20 17:19:41 INFO  Progress (1): 246/654 kB
2026.09.20 17:19:41 INFO  Progress (1): 262/654 kB
2026.09.20 17:19:41 INFO  Progress (1): 279/654 kB
2026.09.20 17:19:41 INFO  Progress (1): 295/654 kB
2026.09.20 17:19:41 INFO  Progress (1): 311/654 kB
2026.09.20 17:19:41 INFO  Progress (1): 328/654 kB
2026.09.20 17:19:41 INFO  Progress (1): 344/654 kB
2026.09.20 17:19:41 INFO  Progress (1): 360/654 kB
2026.09.20 17:19:41 INFO  Progress (1): 377/654 kB
2026.09.20 17:19:41 INFO  Progress (1): 393/654 kB
2026.09.20 17:19:41 INFO  Progress (1): 410/654 kB
2026.09.20 17:19:41 INFO  Progress (1): 426/654 kB
2026.09.20 17:19:41 INFO  Progress (1): 442/654 kB
2026.09.20 17:19:41 INFO  Progress (1): 459/654 kB
2026.09.20 17:19:41 INFO  Progress (1): 475/654 kB
2026.09.20 17:19:41 INFO  Progress (1): 492/654 kB
2026.09.20 17:19:41 INFO  Progress (1): 508/654 kB
2026.09.20 17:19:41 INFO  Progress (1): 524/654 kB
2026.09.20 17:19:41 INFO  Progress (1): 541/654 kB
2026.09.20 17:19:41 INFO  Progress (1): 557/654 kB
2026.09.20 17:19:41 INFO  Progress (1): 573/654 kB
2026.09.20 17:19:41 INFO  Progress (1): 590/654 kB
2026.09.20 17:19:41 INFO  Progress (1): 606/654 kB
2026.09.20 17:19:41 INFO  Progress (1): 623/654 kB
2026.09.20 17:19:41 INFO  Progress (1): 639/654 kB
2026.09.20 17:19:41 INFO  Progress (1): 654 kB    
2026.09.20 17:19:41 INFO                      
2026.09.20 17:19:41 INFO  Downloaded from central: https://repo.maven.apache.org/maven2/org/glassfish/jaxb/jaxb-runtime/4.0.9/jaxb-runtime-4.0.9-sources.jar (654 kB at 1.9 MB/s)
2026.09.20 17:19:42 INFO  [INFO] SUCCESS: org.glassfish.jaxb:jaxb-runtime:jar:4.0.9:runtime (sources = true)
2026.09.20 17:19:42 INFO  [INFO] Resolving artifact: org.springframework.boot:spring-boot-hibernate:jar:4.1.1:compile (sources = false)
2026.09.20 17:19:42 INFO  [INFO] SUCCESS: org.springframework.boot:spring-boot-hibernate:jar:4.1.1:compile (sources = false)
2026.09.20 17:19:42 INFO  [INFO] Resolving artifact: org.springframework.boot:spring-boot-hibernate:jar:4.1.1:compile (sources = true)
2026.09.20 17:19:42 INFO  Downloading from central: https://repo.maven.apache.org/maven2/org/springframework/boot/spring-boot-hibernate/4.1.1/spring-boot-hibernate-4.1.1-sources.jar
2026.09.20 17:19:42 INFO  Progress (1): 7.7/21 kB
2026.09.20 17:19:42 INFO  Progress (1): 7.7/21 kB
2026.09.20 17:19:42 INFO  Progress (1): 21 kB    
2026.09.20 17:19:42 INFO                     
2026.09.20 17:19:42 INFO  Downloaded from central: https://repo.maven.apache.org/maven2/org/springframework/boot/spring-boot-hibernate/4.1.1/spring-boot-hibernate-4.1.1-sources.jar (21 kB at 29 kB/s)
2026.09.20 17:19:42 INFO  [INFO] SUCCESS: org.springframework.boot:spring-boot-hibernate:jar:4.1.1:compile (sources = true)
2026.09.20 17:19:42 INFO  [INFO] Resolving artifact: org.apache.tomcat.embed:tomcat-embed-core:jar:11.0.24:compile (sources = false)
2026.09.20 17:19:42 INFO  [INFO] SUCCESS: org.apache.tomcat.embed:tomcat-embed-core:jar:11.0.24:compile (sources = false)
2026.09.20 17:19:42 INFO  [INFO] Resolving artifact: org.apache.tomcat.embed:tomcat-embed-core:jar:11.0.24:compile (sources = true)
2026.09.20 17:19:42 INFO  Downloading from central: https://repo.maven.apache.org/maven2/org/apache/tomcat/embed/tomcat-embed-core/11.0.24/tomcat-embed-core-11.0.24-sources.jar
2026.09.20 17:19:42 INFO  Progress (1): 0/3.9 MB
2026.09.20 17:19:42 INFO  Progress (1): 0/3.9 MB
2026.09.20 17:19:42 INFO  Progress (1): 0/3.9 MB
2026.09.20 17:19:42 INFO  Progress (1): 0/3.9 MB
2026.09.20 17:19:42 INFO  Progress (1): 0/3.9 MB
2026.09.20 17:19:42 INFO  Progress (1): 0.1/3.9 MB
2026.09.20 17:19:42 INFO  Progress (1): 0.1/3.9 MB
2026.09.20 17:19:42 INFO  Progress (1): 0.1/3.9 MB
2026.09.20 17:19:42 INFO  Progress (1): 0.1/3.9 MB
2026.09.20 17:19:42 INFO  Progress (1): 0.1/3.9 MB
2026.09.20 17:19:42 INFO  Progress (1): 0.1/3.9 MB
2026.09.20 17:19:42 INFO  Progress (1): 0.2/3.9 MB
2026.09.20 17:19:42 INFO  Progress (1): 0.2/3.9 MB
2026.09.20 17:19:42 INFO  Progress (1): 0.2/3.9 MB
2026.09.20 17:19:42 INFO  Progress (1): 0.2/3.9 MB
2026.09.20 17:19:42 INFO  Progress (1): 0.2/3.9 MB
2026.09.20 17:19:42 INFO  Progress (1): 0.2/3.9 MB
2026.09.20 17:19:42 INFO  Progress (1): 0.3/3.9 MB
2026.09.20 17:19:42 INFO  Progress (1): 0.3/3.9 MB
2026.09.20 17:19:42 INFO  Progress (1): 0.3/3.9 MB
2026.09.20 17:19:42 INFO  Progress (1): 0.3/3.9 MB
2026.09.20 17:19:42 INFO  Progress (1): 0.3/3.9 MB
2026.09.20 17:19:42 INFO  Progress (1): 0.3/3.9 MB
2026.09.20 17:19:42 INFO  Progress (1): 0.3/3.9 MB
2026.09.20 17:19:42 INFO  Progress (1): 0.4/3.9 MB
2026.09.20 17:19:42 INFO  Progress (1): 0.4/3.9 MB
2026.09.20 17:19:43 INFO  Progress (1): 0.4/3.9 MB
2026.09.20 17:19:43 INFO  Progress (1): 0.4/3.9 MB
2026.09.20 17:19:43 INFO  Progress (1): 0.4/3.9 MB
2026.09.20 17:19:43 INFO  Progress (1): 0.4/3.9 MB
2026.09.20 17:19:43 INFO  Progress (1): 0.5/3.9 MB
2026.09.20 17:19:43 INFO  Progress (1): 0.5/3.9 MB
2026.09.20 17:19:43 INFO  Progress (1): 0.5/3.9 MB
2026.09.20 17:19:43 INFO  Progress (1): 0.5/3.9 MB
2026.09.20 17:19:43 INFO  Progress (1): 0.5/3.9 MB
2026.09.20 17:19:43 INFO  Progress (1): 0.5/3.9 MB
2026.09.20 17:19:43 INFO  Progress (1): 0.5/3.9 MB
2026.09.20 17:19:43 INFO  Progress (1): 0.6/3.9 MB
2026.09.20 17:19:43 INFO  Progress (1): 0.6/3.9 MB
2026.09.20 17:19:43 INFO  Progress (1): 0.6/3.9 MB
2026.09.20 17:19:43 INFO  Progress (1): 0.6/3.9 MB
2026.09.20 17:19:43 INFO  Progress (1): 0.6/3.9 MB
2026.09.20 17:19:43 INFO  Progress (1): 0.6/3.9 MB
2026.09.20 17:19:43 INFO  Progress (1): 0.6/3.9 MB
2026.09.20 17:19:43 INFO  Progress (1): 0.7/3.9 MB
2026.09.20 17:19:43 INFO  Progress (1): 0.7/3.9 MB
2026.09.20 17:19:43 INFO  Progress (1): 0.7/3.9 MB
2026.09.20 17:19:43 INFO  Progress (1): 0.7/3.9 MB
2026.09.20 17:19:43 INFO  Progress (1): 0.7/3.9 MB
2026.09.20 17:19:43 INFO  Progress (1): 0.7/3.9 MB
2026.09.20 17:19:43 INFO  Progress (1): 0.7/3.9 MB
2026.09.20 17:19:43 INFO  Progress (1): 0.7/3.9 MB
2026.09.20 17:19:43 INFO  Progress (1): 0.8/3.9 MB
2026.09.20 17:19:43 INFO  Progress (1): 0.8/3.9 MB
2026.09.20 17:19:43 INFO  Progress (1): 0.8/3.9 MB
2026.09.20 17:19:43 INFO  Progress (1): 0.8/3.9 MB
2026.09.20 17:19:43 INFO  Progress (1): 0.8/3.9 MB
2026.09.20 17:19:43 INFO  Progress (1): 0.8/3.9 MB
2026.09.20 17:19:43 INFO  Progress (1): 0.9/3.9 MB
2026.09.20 17:19:43 INFO  Progress (1): 0.9/3.9 MB
2026.09.20 17:19:43 INFO  Progress (1): 0.9/3.9 MB
2026.09.20 17:19:43 INFO  Progress (1): 0.9/3.9 MB
2026.09.20 17:19:43 INFO  Progress (1): 0.9/3.9 MB
2026.09.20 17:19:43 INFO  Progress (1): 0.9/3.9 MB
2026.09.20 17:19:43 INFO  Progress (1): 0.9/3.9 MB
2026.09.20 17:19:43 INFO  Progress (1): 1.0/3.9 MB
2026.09.20 17:19:43 INFO  Progress (1): 1.0/3.9 MB
2026.09.20 17:19:43 INFO  Progress (1): 1.0/3.9 MB
2026.09.20 17:19:43 INFO  Progress (1): 1.0/3.9 MB
2026.09.20 17:19:43 INFO  Progress (1): 1.0/3.9 MB
2026.09.20 17:19:43 INFO  Progress (1): 1.0/3.9 MB
2026.09.20 17:19:43 INFO  Progress (1): 1.0/3.9 MB
2026.09.20 17:19:43 INFO  Progress (1): 1.1/3.9 MB
2026.09.20 17:19:43 INFO  Progress (1): 1.1/3.9 MB
2026.09.20 17:19:43 INFO  Progress (1): 1.1/3.9 MB
2026.09.20 17:19:43 INFO  Progress (1): 1.1/3.9 MB
2026.09.20 17:19:43 INFO  Progress (1): 1.1/3.9 MB
2026.09.20 17:19:43 INFO  Progress (1): 1.1/3.9 MB
2026.09.20 17:19:43 INFO  Progress (1): 1.1/3.9 MB
2026.09.20 17:19:43 INFO  Progress (1): 1.2/3.9 MB
2026.09.20 17:19:43 INFO  Progress (1): 1.2/3.9 MB
2026.09.20 17:19:43 INFO  Progress (1): 1.2/3.9 MB
2026.09.20 17:19:43 INFO  Progress (1): 1.2/3.9 MB
2026.09.20 17:19:43 INFO  Progress (1): 1.2/3.9 MB
2026.09.20 17:19:43 INFO  Progress (1): 1.2/3.9 MB
2026.09.20 17:19:43 INFO  Progress (1): 1.3/3.9 MB
2026.09.20 17:19:43 INFO  Progress (1): 1.3/3.9 MB
2026.09.20 17:19:43 INFO  Progress (1): 1.3/3.9 MB
2026.09.20 17:19:43 INFO  Progress (1): 1.3/3.9 MB
2026.09.20 17:19:43 INFO  Progress (1): 1.3/3.9 MB
2026.09.20 17:19:43 INFO  Progress (1): 1.3/3.9 MB
2026.09.20 17:19:43 INFO  Progress (1): 1.3/3.9 MB
2026.09.20 17:19:43 INFO  Progress (1): 1.4/3.9 MB
2026.09.20 17:19:43 INFO  Progress (1): 1.4/3.9 MB
2026.09.20 17:19:43 INFO  Progress (1): 1.4/3.9 MB
2026.09.20 17:19:43 INFO  Progress (1): 1.4/3.9 MB
2026.09.20 17:19:43 INFO  Progress (1): 1.4/3.9 MB
2026.09.20 17:19:43 INFO  Progress (1): 1.4/3.9 MB
2026.09.20 17:19:43 INFO  Progress (1): 1.4/3.9 MB
2026.09.20 17:19:43 INFO  Progress (1): 1.5/3.9 MB
2026.09.20 17:19:43 INFO  Progress (1): 1.5/3.9 MB
2026.09.20 17:19:43 INFO  Progress (1): 1.5/3.9 MB
2026.09.20 17:19:43 INFO  Progress (1): 1.5/3.9 MB
2026.09.20 17:19:43 INFO  Progress (1): 1.5/3.9 MB
2026.09.20 17:19:43 INFO  Progress (1): 1.5/3.9 MB
2026.09.20 17:19:43 INFO  Progress (1): 1.5/3.9 MB
2026.09.20 17:19:43 INFO  Progress (1): 1.6/3.9 MB
2026.09.20 17:19:43 INFO  Progress (1): 1.6/3.9 MB
2026.09.20 17:19:43 INFO  Progress (1): 1.6/3.9 MB
2026.09.20 17:19:43 INFO  Progress (1): 1.6/3.9 MB
2026.09.20 17:19:43 INFO  Progress (1): 1.6/3.9 MB
2026.09.20 17:19:43 INFO  Progress (1): 1.6/3.9 MB
2026.09.20 17:19:43 INFO  Progress (1): 1.6/3.9 MB
2026.09.20 17:19:43 INFO  Progress (1): 1.6/3.9 MB
2026.09.20 17:19:43 INFO  Progress (1): 1.7/3.9 MB
2026.09.20 17:19:43 INFO  Progress (1): 1.7/3.9 MB
2026.09.20 17:19:43 INFO  Progress (1): 1.7/3.9 MB
2026.09.20 17:19:43 INFO  Progress (1): 1.7/3.9 MB
2026.09.20 17:19:43 INFO  Progress (1): 1.7/3.9 MB
2026.09.20 17:19:43 INFO  Progress (1): 1.7/3.9 MB
2026.09.20 17:19:43 INFO  Progress (1): 1.8/3.9 MB
2026.09.20 17:19:43 INFO  Progress (1): 1.8/3.9 MB
2026.09.20 17:19:43 INFO  Progress (1): 1.8/3.9 MB
2026.09.20 17:19:43 INFO  Progress (1): 1.8/3.9 MB
2026.09.20 17:19:43 INFO  Progress (1): 1.8/3.9 MB
2026.09.20 17:19:43 INFO  Progress (1): 1.8/3.9 MB
2026.09.20 17:19:43 INFO  Progress (1): 1.8/3.9 MB
2026.09.20 17:19:43 INFO  Progress (1): 1.9/3.9 MB
2026.09.20 17:19:43 INFO  Progress (1): 1.9/3.9 MB
2026.09.20 17:19:43 INFO  Progress (1): 1.9/3.9 MB
2026.09.20 17:19:43 INFO  Progress (1): 1.9/3.9 MB
2026.09.20 17:19:43 INFO  Progress (1): 1.9/3.9 MB
2026.09.20 17:19:43 INFO  Progress (1): 1.9/3.9 MB
2026.09.20 17:19:43 INFO  Progress (1): 1.9/3.9 MB
2026.09.20 17:19:43 INFO  Progress (1): 2.0/3.9 MB
2026.09.20 17:19:43 INFO  Progress (1): 2.0/3.9 MB
2026.09.20 17:19:43 INFO  Progress (1): 2.0/3.9 MB
2026.09.20 17:19:43 INFO  Progress (1): 2.0/3.9 MB
2026.09.20 17:19:43 INFO  Progress (1): 2.0/3.9 MB
2026.09.20 17:19:43 INFO  Progress (1): 2.0/3.9 MB
2026.09.20 17:19:43 INFO  Progress (1): 2.0/3.9 MB
2026.09.20 17:19:43 INFO  Progress (1): 2.1/3.9 MB
2026.09.20 17:19:43 INFO  Progress (1): 2.1/3.9 MB
2026.09.20 17:19:43 INFO  Progress (1): 2.1/3.9 MB
2026.09.20 17:19:43 INFO  Progress (1): 2.1/3.9 MB
2026.09.20 17:19:43 INFO  Progress (1): 2.1/3.9 MB
2026.09.20 17:19:43 INFO  Progress (1): 2.1/3.9 MB
2026.09.20 17:19:43 INFO  Progress (1): 2.2/3.9 MB
2026.09.20 17:19:43 INFO  Progress (1): 2.2/3.9 MB
2026.09.20 17:19:43 INFO  Progress (1): 2.2/3.9 MB
2026.09.20 17:19:43 INFO  Progress (1): 2.2/3.9 MB
2026.09.20 17:19:43 INFO  Progress (1): 2.2/3.9 MB
2026.09.20 17:19:43 INFO  Progress (1): 2.2/3.9 MB
2026.09.20 17:19:43 INFO  Progress (1): 2.2/3.9 MB
2026.09.20 17:19:43 INFO  Progress (1): 2.3/3.9 MB
2026.09.20 17:19:43 INFO  Progress (1): 2.3/3.9 MB
2026.09.20 17:19:43 INFO  Progress (1): 2.3/3.9 MB
2026.09.20 17:19:43 INFO  Progress (1): 2.3/3.9 MB
2026.09.20 17:19:43 INFO  Progress (1): 2.3/3.9 MB
2026.09.20 17:19:43 INFO  Progress (1): 2.3/3.9 MB
2026.09.20 17:19:43 INFO  Progress (1): 2.3/3.9 MB
2026.09.20 17:19:43 INFO  Progress (1): 2.4/3.9 MB
2026.09.20 17:19:43 INFO  Progress (1): 2.4/3.9 MB
2026.09.20 17:19:43 INFO  Progress (1): 2.4/3.9 MB
2026.09.20 17:19:43 INFO  Progress (1): 2.4/3.9 MB
2026.09.20 17:19:43 INFO  Progress (1): 2.4/3.9 MB
2026.09.20 17:19:43 INFO  Progress (1): 2.4/3.9 MB
2026.09.20 17:19:43 INFO  Progress (1): 2.4/3.9 MB
2026.09.20 17:19:43 INFO  Progress (1): 2.5/3.9 MB
2026.09.20 17:19:43 INFO  Progress (1): 2.5/3.9 MB
2026.09.20 17:19:43 INFO  Progress (1): 2.5/3.9 MB
2026.09.20 17:19:43 INFO  Progress (1): 2.5/3.9 MB
2026.09.20 17:19:43 INFO  Progress (1): 2.5/3.9 MB
2026.09.20 17:19:43 INFO  Progress (1): 2.5/3.9 MB
2026.09.20 17:19:43 INFO  Progress (1): 2.6/3.9 MB
2026.09.20 17:19:43 INFO  Progress (1): 2.6/3.9 MB
2026.09.20 17:19:43 INFO  Progress (1): 2.6/3.9 MB
2026.09.20 17:19:43 INFO  Progress (1): 2.6/3.9 MB
2026.09.20 17:19:43 INFO  Progress (1): 2.6/3.9 MB
2026.09.20 17:19:43 INFO  Progress (1): 2.6/3.9 MB
2026.09.20 17:19:43 INFO  Progress (1): 2.7/3.9 MB
2026.09.20 17:19:43 INFO  Progress (1): 2.7/3.9 MB
2026.09.20 17:19:43 INFO  Progress (1): 2.7/3.9 MB
2026.09.20 17:19:43 INFO  Progress (1): 2.7/3.9 MB
2026.09.20 17:19:43 INFO  Progress (1): 2.7/3.9 MB
2026.09.20 17:19:43 INFO  Progress (1): 2.7/3.9 MB
2026.09.20 17:19:43 INFO  Progress (1): 2.8/3.9 MB
2026.09.20 17:19:43 INFO  Progress (1): 2.8/3.9 MB
2026.09.20 17:19:43 INFO  Progress (1): 2.8/3.9 MB
2026.09.20 17:19:43 INFO  Progress (1): 2.8/3.9 MB
2026.09.20 17:19:43 INFO  Progress (1): 2.8/3.9 MB
2026.09.20 17:19:43 INFO  Progress (1): 2.8/3.9 MB
2026.09.20 17:19:43 INFO  Progress (1): 2.9/3.9 MB
2026.09.20 17:19:43 INFO  Progress (1): 2.9/3.9 MB
2026.09.20 17:19:43 INFO  Progress (1): 2.9/3.9 MB
2026.09.20 17:19:43 INFO  Progress (1): 2.9/3.9 MB
2026.09.20 17:19:43 INFO  Progress (1): 2.9/3.9 MB
2026.09.20 17:19:43 INFO  Progress (1): 2.9/3.9 MB
2026.09.20 17:19:43 INFO  Progress (1): 3.0/3.9 MB
2026.09.20 17:19:43 INFO  Progress (1): 3.0/3.9 MB
2026.09.20 17:19:43 INFO  Progress (1): 3.0/3.9 MB
2026.09.20 17:19:43 INFO  Progress (1): 3.0/3.9 MB
2026.09.20 17:19:43 INFO  Progress (1): 3.0/3.9 MB
2026.09.20 17:19:43 INFO  Progress (1): 3.0/3.9 MB
2026.09.20 17:19:43 INFO  Progress (1): 3.1/3.9 MB
2026.09.20 17:19:43 INFO  Progress (1): 3.1/3.9 MB
2026.09.20 17:19:43 INFO  Progress (1): 3.1/3.9 MB
2026.09.20 17:19:43 INFO  Progress (1): 3.1/3.9 MB
2026.09.20 17:19:43 INFO  Progress (1): 3.1/3.9 MB
2026.09.20 17:19:43 INFO  Progress (1): 3.1/3.9 MB
2026.09.20 17:19:43 INFO  Progress (1): 3.1/3.9 MB
2026.09.20 17:19:43 INFO  Progress (1): 3.2/3.9 MB
2026.09.20 17:19:43 INFO  Progress (1): 3.2/3.9 MB
2026.09.20 17:19:43 INFO  Progress (1): 3.2/3.9 MB
2026.09.20 17:19:43 INFO  Progress (1): 3.2/3.9 MB
2026.09.20 17:19:43 INFO  Progress (1): 3.2/3.9 MB
2026.09.20 17:19:43 INFO  Progress (1): 3.2/3.9 MB
2026.09.20 17:19:43 INFO  Progress (1): 3.3/3.9 MB
2026.09.20 17:19:43 INFO  Progress (1): 3.3/3.9 MB
2026.09.20 17:19:43 INFO  Progress (1): 3.3/3.9 MB
2026.09.20 17:19:43 INFO  Progress (1): 3.3/3.9 MB
2026.09.20 17:19:43 INFO  Progress (1): 3.3/3.9 MB
2026.09.20 17:19:43 INFO  Progress (1): 3.3/3.9 MB
2026.09.20 17:19:43 INFO  Progress (1): 3.4/3.9 MB
2026.09.20 17:19:43 INFO  Progress (1): 3.4/3.9 MB
2026.09.20 17:19:43 INFO  Progress (1): 3.4/3.9 MB
2026.09.20 17:19:43 INFO  Progress (1): 3.4/3.9 MB
2026.09.20 17:19:43 INFO  Progress (1): 3.4/3.9 MB
2026.09.20 17:19:43 INFO  Progress (1): 3.4/3.9 MB
2026.09.20 17:19:43 INFO  Progress (1): 3.5/3.9 MB
2026.09.20 17:19:44 INFO  Progress (1): 3.5/3.9 MB
2026.09.20 17:19:44 INFO  Progress (1): 3.5/3.9 MB
2026.09.20 17:19:44 INFO  Progress (1): 3.5/3.9 MB
2026.09.20 17:19:44 INFO  Progress (1): 3.5/3.9 MB
2026.09.20 17:19:44 INFO  Progress (1): 3.5/3.9 MB
2026.09.20 17:19:44 INFO  Progress (1): 3.6/3.9 MB
2026.09.20 17:19:44 INFO  Progress (1): 3.6/3.9 MB
2026.09.20 17:19:44 INFO  Progress (1): 3.6/3.9 MB
2026.09.20 17:19:44 INFO  Progress (1): 3.6/3.9 MB
2026.09.20 17:19:44 INFO  Progress (1): 3.6/3.9 MB
2026.09.20 17:19:44 INFO  Progress (1): 3.6/3.9 MB
2026.09.20 17:19:44 INFO  Progress (1): 3.7/3.9 MB
2026.09.20 17:19:44 INFO  Progress (1): 3.7/3.9 MB
2026.09.20 17:19:44 INFO  Progress (1): 3.7/3.9 MB
2026.09.20 17:19:44 INFO  Progress (1): 3.7/3.9 MB
2026.09.20 17:19:44 INFO  Progress (1): 3.7/3.9 MB
2026.09.20 17:19:44 INFO  Progress (1): 3.7/3.9 MB
2026.09.20 17:19:44 INFO  Progress (1): 3.8/3.9 MB
2026.09.20 17:19:44 INFO  Progress (1): 3.8/3.9 MB
2026.09.20 17:19:44 INFO  Progress (1): 3.8/3.9 MB
2026.09.20 17:19:44 INFO  Progress (1): 3.8/3.9 MB
2026.09.20 17:19:44 INFO  Progress (1): 3.8/3.9 MB
2026.09.20 17:19:44 INFO  Progress (1): 3.8/3.9 MB
2026.09.20 17:19:44 INFO  Progress (1): 3.9/3.9 MB
2026.09.20 17:19:44 INFO  Progress (1): 3.9/3.9 MB
2026.09.20 17:19:44 INFO  Progress (1): 3.9 MB    
2026.09.20 17:19:44 INFO                      
2026.09.20 17:19:44 INFO  Downloaded from central: https://repo.maven.apache.org/maven2/org/apache/tomcat/embed/tomcat-embed-core/11.0.24/tomcat-embed-core-11.0.24-sources.jar (3.9 MB at 2.5 MB/s)
2026.09.20 17:19:44 INFO  [INFO] SUCCESS: org.apache.tomcat.embed:tomcat-embed-core:jar:11.0.24:compile (sources = true)
2026.09.20 17:19:44 INFO  [INFO] Resolving artifact: org.springframework.boot:spring-boot-starter:jar:4.1.1:compile (sources = false)
2026.09.20 17:19:44 INFO  [INFO] SUCCESS: org.springframework.boot:spring-boot-starter:jar:4.1.1:compile (sources = false)
2026.09.20 17:19:44 INFO  [INFO] Resolving artifact: org.springframework.boot:spring-boot-starter:jar:4.1.1:compile (sources = true)
2026.09.20 17:19:44 INFO  [INFO] SUCCESS: org.springframework.boot:spring-boot-starter:jar:4.1.1:compile (sources = true)
2026.09.20 17:19:44 INFO  [INFO] Resolving artifact: org.springframework.boot:spring-boot-jpa:jar:4.1.1:compile (sources = false)
2026.09.20 17:19:44 INFO  [INFO] SUCCESS: org.springframework.boot:spring-boot-jpa:jar:4.1.1:compile (sources = false)
2026.09.20 17:19:44 INFO  [INFO] Resolving artifact: org.springframework.boot:spring-boot-jpa:jar:4.1.1:compile (sources = true)
2026.09.20 17:19:44 INFO  Downloading from central: https://repo.maven.apache.org/maven2/org/springframework/boot/spring-boot-jpa/4.1.1/spring-boot-jpa-4.1.1-sources.jar
2026.09.20 17:19:44 INFO  Progress (1): 7.7/22 kB
2026.09.20 17:19:44 INFO  Progress (1): 7.7/22 kB
2026.09.20 17:19:44 INFO  Progress (1): 22 kB    
2026.09.20 17:19:44 INFO                     
2026.09.20 17:19:44 INFO  Downloaded from central: https://repo.maven.apache.org/maven2/org/springframework/boot/spring-boot-jpa/4.1.1/spring-boot-jpa-4.1.1-sources.jar (22 kB at 174 kB/s)
2026.09.20 17:19:44 INFO  [INFO] SUCCESS: org.springframework.boot:spring-boot-jpa:jar:4.1.1:compile (sources = true)
2026.09.20 17:19:44 INFO  [INFO] Resolving artifact: org.springframework.boot:spring-boot-persistence:jar:4.1.1:compile (sources = false)
2026.09.20 17:19:44 INFO  [INFO] SUCCESS: org.springframework.boot:spring-boot-persistence:jar:4.1.1:compile (sources = false)
2026.09.20 17:19:44 INFO  [INFO] Resolving artifact: org.springframework.boot:spring-boot-persistence:jar:4.1.1:compile (sources = true)
2026.09.20 17:19:44 INFO  Downloading from central: https://repo.maven.apache.org/maven2/org/springframework/boot/spring-boot-persistence/4.1.1/spring-boot-persistence-4.1.1-sources.jar
2026.09.20 17:19:44 INFO  Progress (1): 7.7/13 kB
2026.09.20 17:19:44 INFO  Progress (1): 7.7/13 kB
2026.09.20 17:19:44 INFO  Progress (1): 13 kB    
2026.09.20 17:19:44 INFO                     
2026.09.20 17:19:44 INFO  Downloaded from central: https://repo.maven.apache.org/maven2/org/springframework/boot/spring-boot-persistence/4.1.1/spring-boot-persistence-4.1.1-sources.jar (13 kB at 106 kB/s)
2026.09.20 17:19:44 INFO  [INFO] SUCCESS: org.springframework.boot:spring-boot-persistence:jar:4.1.1:compile (sources = true)
2026.09.20 17:19:44 INFO  [INFO] Resolving artifact: org.springframework.boot:spring-boot-sql:jar:4.1.1:compile (sources = false)
2026.09.20 17:19:44 INFO  [INFO] SUCCESS: org.springframework.boot:spring-boot-sql:jar:4.1.1:compile (sources = false)
2026.09.20 17:19:44 INFO  [INFO] Resolving artifact: org.springframework.boot:spring-boot-sql:jar:4.1.1:compile (sources = true)
2026.09.20 17:19:44 INFO  Downloading from central: https://repo.maven.apache.org/maven2/org/springframework/boot/spring-boot-sql/4.1.1/spring-boot-sql-4.1.1-sources.jar
2026.09.20 17:19:44 INFO  Progress (1): 7.7/31 kB
2026.09.20 17:19:44 INFO  Progress (1): 7.7/31 kB
2026.09.20 17:19:44 INFO  Progress (1): 24/31 kB 
2026.09.20 17:19:44 INFO  Progress (1): 31 kB   
2026.09.20 17:19:44 INFO                     
2026.09.20 17:19:44 INFO  Downloaded from central: https://repo.maven.apache.org/maven2/org/springframework/boot/spring-boot-sql/4.1.1/spring-boot-sql-4.1.1-sources.jar (31 kB at 222 kB/s)
2026.09.20 17:19:44 INFO  [INFO] SUCCESS: org.springframework.boot:spring-boot-sql:jar:4.1.1:compile (sources = true)
2026.09.20 17:19:44 INFO  [INFO] Resolving artifact: org.springframework.boot:spring-boot-starter-tomcat:jar:4.1.1:compile (sources = false)
2026.09.20 17:19:44 INFO  [INFO] SUCCESS: org.springframework.boot:spring-boot-starter-tomcat:jar:4.1.1:compile (sources = false)
2026.09.20 17:19:44 INFO  [INFO] Resolving artifact: org.springframework.boot:spring-boot-starter-tomcat:jar:4.1.1:compile (sources = true)
2026.09.20 17:19:44 INFO  Downloading from central: https://repo.maven.apache.org/maven2/org/springframework/boot/spring-boot-starter-tomcat/4.1.1/spring-boot-starter-tomcat-4.1.1-sources.jar
2026.09.20 17:19:44 INFO  Progress (1): 4.8 kB
2026.09.20 17:19:44 INFO                      
2026.09.20 17:19:44 INFO  Downloaded from central: https://repo.maven.apache.org/maven2/org/springframework/boot/spring-boot-starter-tomcat/4.1.1/spring-boot-starter-tomcat-4.1.1-sources.jar (4.8 kB at 44 kB/s)
2026.09.20 17:19:44 INFO  [INFO] SUCCESS: org.springframework.boot:spring-boot-starter-tomcat:jar:4.1.1:compile (sources = true)
2026.09.20 17:19:44 INFO  [INFO] Resolving artifact: tools.jackson.core:jackson-databind:jar:3.1.5:compile (sources = false)
2026.09.20 17:19:44 INFO  [INFO] SUCCESS: tools.jackson.core:jackson-databind:jar:3.1.5:compile (sources = false)
2026.09.20 17:19:44 INFO  [INFO] Resolving artifact: tools.jackson.core:jackson-databind:jar:3.1.5:compile (sources = true)
2026.09.20 17:19:44 INFO  Downloading from central: https://repo.maven.apache.org/maven2/tools/jackson/core/jackson-databind/3.1.5/jackson-databind-3.1.5-sources.jar
2026.09.20 17:19:44 INFO  Progress (1): 0/1.3 MB
2026.09.20 17:19:45 INFO  Progress (1): 0/1.3 MB
2026.09.20 17:19:45 INFO  Progress (1): 0/1.3 MB
2026.09.20 17:19:45 INFO  Progress (1): 0/1.3 MB
2026.09.20 17:19:45 INFO  Progress (1): 0.1/1.3 MB
2026.09.20 17:19:45 INFO  Progress (1): 0.1/1.3 MB
2026.09.20 17:19:45 INFO  Progress (1): 0.1/1.3 MB
2026.09.20 17:19:45 INFO  Progress (1): 0.1/1.3 MB
2026.09.20 17:19:45 INFO  Progress (1): 0.1/1.3 MB
2026.09.20 17:19:45 INFO  Progress (1): 0.1/1.3 MB
2026.09.20 17:19:45 INFO  Progress (1): 0.2/1.3 MB
2026.09.20 17:19:45 INFO  Progress (1): 0.2/1.3 MB
2026.09.20 17:19:45 INFO  Progress (1): 0.2/1.3 MB
2026.09.20 17:19:45 INFO  Progress (1): 0.2/1.3 MB
2026.09.20 17:19:45 INFO  Progress (1): 0.2/1.3 MB
2026.09.20 17:19:45 INFO  Progress (1): 0.2/1.3 MB
2026.09.20 17:19:45 INFO  Progress (1): 0.3/1.3 MB
2026.09.20 17:19:45 INFO  Progress (1): 0.3/1.3 MB
2026.09.20 17:19:45 INFO  Progress (1): 0.3/1.3 MB
2026.09.20 17:19:45 INFO  Progress (1): 0.3/1.3 MB
2026.09.20 17:19:45 INFO  Progress (1): 0.3/1.3 MB
2026.09.20 17:19:45 INFO  Progress (1): 0.3/1.3 MB
2026.09.20 17:19:45 INFO  Progress (1): 0.4/1.3 MB
2026.09.20 17:19:45 INFO  Progress (1): 0.4/1.3 MB
2026.09.20 17:19:45 INFO  Progress (1): 0.4/1.3 MB
2026.09.20 17:19:45 INFO  Progress (1): 0.4/1.3 MB
2026.09.20 17:19:45 INFO  Progress (1): 0.4/1.3 MB
2026.09.20 17:19:45 INFO  Progress (1): 0.4/1.3 MB
2026.09.20 17:19:45 INFO  Progress (1): 0.4/1.3 MB
2026.09.20 17:19:45 INFO  Progress (1): 0.5/1.3 MB
2026.09.20 17:19:45 INFO  Progress (1): 0.5/1.3 MB
2026.09.20 17:19:45 INFO  Progress (1): 0.5/1.3 MB
2026.09.20 17:19:45 INFO  Progress (1): 0.5/1.3 MB
2026.09.20 17:19:45 INFO  Progress (1): 0.5/1.3 MB
2026.09.20 17:19:45 INFO  Progress (1): 0.5/1.3 MB
2026.09.20 17:19:45 INFO  Progress (1): 0.5/1.3 MB
2026.09.20 17:19:45 INFO  Progress (1): 0.6/1.3 MB
2026.09.20 17:19:45 INFO  Progress (1): 0.6/1.3 MB
2026.09.20 17:19:45 INFO  Progress (1): 0.6/1.3 MB
2026.09.20 17:19:45 INFO  Progress (1): 0.6/1.3 MB
2026.09.20 17:19:45 INFO  Progress (1): 0.6/1.3 MB
2026.09.20 17:19:45 INFO  Progress (1): 0.6/1.3 MB
2026.09.20 17:19:45 INFO  Progress (1): 0.7/1.3 MB
2026.09.20 17:19:45 INFO  Progress (1): 0.7/1.3 MB
2026.09.20 17:19:45 INFO  Progress (1): 0.7/1.3 MB
2026.09.20 17:19:45 INFO  Progress (1): 0.7/1.3 MB
2026.09.20 17:19:45 INFO  Progress (1): 0.7/1.3 MB
2026.09.20 17:19:45 INFO  Progress (1): 0.7/1.3 MB
2026.09.20 17:19:45 INFO  Progress (1): 0.8/1.3 MB
2026.09.20 17:19:45 INFO  Progress (1): 0.8/1.3 MB
2026.09.20 17:19:45 INFO  Progress (1): 0.8/1.3 MB
2026.09.20 17:19:45 INFO  Progress (1): 0.8/1.3 MB
2026.09.20 17:19:45 INFO  Progress (1): 0.8/1.3 MB
2026.09.20 17:19:45 INFO  Progress (1): 0.8/1.3 MB
2026.09.20 17:19:45 INFO  Progress (1): 0.9/1.3 MB
2026.09.20 17:19:45 INFO  Progress (1): 0.9/1.3 MB
2026.09.20 17:19:45 INFO  Progress (1): 0.9/1.3 MB
2026.09.20 17:19:45 INFO  Progress (1): 0.9/1.3 MB
2026.09.20 17:19:45 INFO  Progress (1): 0.9/1.3 MB
2026.09.20 17:19:45 INFO  Progress (1): 0.9/1.3 MB
2026.09.20 17:19:45 INFO  Progress (1): 1.0/1.3 MB
2026.09.20 17:19:45 INFO  Progress (1): 1.0/1.3 MB
2026.09.20 17:19:45 INFO  Progress (1): 1.0/1.3 MB
2026.09.20 17:19:45 INFO  Progress (1): 1.0/1.3 MB
2026.09.20 17:19:45 INFO  Progress (1): 1.0/1.3 MB
2026.09.20 17:19:45 INFO  Progress (1): 1.0/1.3 MB
2026.09.20 17:19:45 INFO  Progress (1): 1.0/1.3 MB
2026.09.20 17:19:45 INFO  Progress (1): 1.1/1.3 MB
2026.09.20 17:19:45 INFO  Progress (1): 1.1/1.3 MB
2026.09.20 17:19:45 INFO  Progress (1): 1.1/1.3 MB
2026.09.20 17:19:45 INFO  Progress (1): 1.1/1.3 MB
2026.09.20 17:19:45 INFO  Progress (1): 1.1/1.3 MB
2026.09.20 17:19:45 INFO  Progress (1): 1.1/1.3 MB
2026.09.20 17:19:45 INFO  Progress (1): 1.2/1.3 MB
2026.09.20 17:19:45 INFO  Progress (1): 1.2/1.3 MB
2026.09.20 17:19:45 INFO  Progress (1): 1.2/1.3 MB
2026.09.20 17:19:45 INFO  Progress (1): 1.2/1.3 MB
2026.09.20 17:19:45 INFO  Progress (1): 1.2/1.3 MB
2026.09.20 17:19:45 INFO  Progress (1): 1.2/1.3 MB
2026.09.20 17:19:45 INFO  Progress (1): 1.3/1.3 MB
2026.09.20 17:19:45 INFO  Progress (1): 1.3/1.3 MB
2026.09.20 17:19:45 INFO  Progress (1): 1.3/1.3 MB
2026.09.20 17:19:45 INFO  Progress (1): 1.3/1.3 MB
2026.09.20 17:19:45 INFO  Progress (1): 1.3/1.3 MB
2026.09.20 17:19:45 INFO  Progress (1): 1.3/1.3 MB
2026.09.20 17:19:45 INFO  Progress (1): 1.3 MB    
2026.09.20 17:19:45 INFO                      
2026.09.20 17:19:45 INFO  Downloaded from central: https://repo.maven.apache.org/maven2/tools/jackson/core/jackson-databind/3.1.5/jackson-databind-3.1.5-sources.jar (1.3 MB at 2.7 MB/s)
2026.09.20 17:19:45 INFO  [INFO] SUCCESS: tools.jackson.core:jackson-databind:jar:3.1.5:compile (sources = true)
2026.09.20 17:19:45 INFO  [INFO] Resolving artifact: org.springframework:spring-orm:jar:7.0.9:compile (sources = false)
2026.09.20 17:19:45 INFO  [INFO] SUCCESS: org.springframework:spring-orm:jar:7.0.9:compile (sources = false)
2026.09.20 17:19:45 INFO  [INFO] Resolving artifact: org.springframework:spring-orm:jar:7.0.9:compile (sources = true)
2026.09.20 17:19:45 INFO  Downloading from central: https://repo.maven.apache.org/maven2/org/springframework/spring-orm/7.0.9/spring-orm-7.0.9-sources.jar
2026.09.20 17:19:45 INFO  Progress (1): 7.7/171 kB
2026.09.20 17:19:45 INFO  Progress (1): 16/171 kB 
2026.09.20 17:19:45 INFO  Progress (1): 24/171 kB
2026.09.20 17:19:45 INFO  Progress (1): 40/171 kB
2026.09.20 17:19:45 INFO  Progress (1): 57/171 kB
2026.09.20 17:19:45 INFO  Progress (1): 66/171 kB
2026.09.20 17:19:45 INFO  Progress (1): 82/171 kB
2026.09.20 17:19:45 INFO  Progress (1): 98/171 kB
2026.09.20 17:19:45 INFO  Progress (1): 115/171 kB
2026.09.20 17:19:45 INFO  Progress (1): 131/171 kB
2026.09.20 17:19:45 INFO  Progress (1): 147/171 kB
2026.09.20 17:19:45 INFO  Progress (1): 164/171 kB
2026.09.20 17:19:45 INFO  Progress (1): 171 kB    
2026.09.20 17:19:45 INFO                      
2026.09.20 17:19:45 INFO  Downloaded from central: https://repo.maven.apache.org/maven2/org/springframework/spring-orm/7.0.9/spring-orm-7.0.9-sources.jar (171 kB at 700 kB/s)
2026.09.20 17:19:45 INFO  [INFO] SUCCESS: org.springframework:spring-orm:jar:7.0.9:compile (sources = true)
2026.09.20 17:19:45 INFO  [INFO] Resolving artifact: jakarta.activation:jakarta.activation-api:jar:2.1.4:runtime (sources = false)
2026.09.20 17:19:45 INFO  [INFO] SUCCESS: jakarta.activation:jakarta.activation-api:jar:2.1.4:runtime (sources = false)
2026.09.20 17:19:45 INFO  [INFO] Resolving artifact: jakarta.activation:jakarta.activation-api:jar:2.1.4:runtime (sources = true)
2026.09.20 17:19:45 INFO  [INFO] SUCCESS: jakarta.activation:jakarta.activation-api:jar:2.1.4:runtime (sources = true)
2026.09.20 17:19:45 INFO  [INFO] Resolving artifact: org.springframework:spring-test:jar:7.0.9:test (sources = false)
2026.09.20 17:19:45 INFO  [INFO] SUCCESS: org.springframework:spring-test:jar:7.0.9:test (sources = false)
2026.09.20 17:19:45 INFO  [INFO] Resolving artifact: org.springframework:spring-test:jar:7.0.9:test (sources = true)
2026.09.20 17:19:45 INFO  [INFO] SUCCESS: org.springframework:spring-test:jar:7.0.9:test (sources = true)
2026.09.20 17:19:45 INFO  [INFO] Resolving artifact: org.apiguardian:apiguardian-api:jar:1.1.2:test (sources = false)
2026.09.20 17:19:45 INFO  [INFO] SUCCESS: org.apiguardian:apiguardian-api:jar:1.1.2:test (sources = false)
2026.09.20 17:19:45 INFO  [INFO] Resolving artifact: org.apiguardian:apiguardian-api:jar:1.1.2:test (sources = true)
2026.09.20 17:19:45 INFO  [INFO] SUCCESS: org.apiguardian:apiguardian-api:jar:1.1.2:test (sources = true)
2026.09.20 17:19:45 INFO  [INFO] Resolving artifact: org.junit.platform:junit-platform-engine:jar:6.0.3:test (sources = false)
2026.09.20 17:19:45 INFO  [INFO] SUCCESS: org.junit.platform:junit-platform-engine:jar:6.0.3:test (sources = false)
2026.09.20 17:19:45 INFO  [INFO] Resolving artifact: org.junit.platform:junit-platform-engine:jar:6.0.3:test (sources = true)
2026.09.20 17:19:45 INFO  [INFO] SUCCESS: org.junit.platform:junit-platform-engine:jar:6.0.3:test (sources = true)
2026.09.20 17:19:45 INFO  [INFO] Resolving artifact: org.eclipse.angus:angus-activation:jar:2.0.3:runtime (sources = false)
2026.09.20 17:19:45 INFO  [INFO] SUCCESS: org.eclipse.angus:angus-activation:jar:2.0.3:runtime (sources = false)
2026.09.20 17:19:45 INFO  [INFO] Resolving artifact: org.eclipse.angus:angus-activation:jar:2.0.3:runtime (sources = true)
2026.09.20 17:19:45 INFO  Downloading from central: https://repo.maven.apache.org/maven2/org/eclipse/angus/angus-activation/2.0.3/angus-activation-2.0.3-sources.jar
2026.09.20 17:19:45 INFO  Progress (1): 16/22 kB
2026.09.20 17:19:45 INFO  Progress (1): 22 kB   
2026.09.20 17:19:45 INFO                     
2026.09.20 17:19:45 INFO  Downloaded from central: https://repo.maven.apache.org/maven2/org/eclipse/angus/angus-activation/2.0.3/angus-activation-2.0.3-sources.jar (22 kB at 160 kB/s)
2026.09.20 17:19:45 INFO  [INFO] SUCCESS: org.eclipse.angus:angus-activation:jar:2.0.3:runtime (sources = true)
2026.09.20 17:19:45 INFO  [INFO] Resolving artifact: com.vaadin.external.google:android-json:jar:0.0.20131108.vaadin1:test (sources = false)
2026.09.20 17:19:45 INFO  [INFO] SUCCESS: com.vaadin.external.google:android-json:jar:0.0.20131108.vaadin1:test (sources = false)
2026.09.20 17:19:45 INFO  [INFO] Resolving artifact: com.vaadin.external.google:android-json:jar:0.0.20131108.vaadin1:test (sources = true)
2026.09.20 17:19:45 INFO  [INFO] SUCCESS: com.vaadin.external.google:android-json:jar:0.0.20131108.vaadin1:test (sources = true)
2026.09.20 17:19:45 INFO  [INFO] Resolving artifact: org.springframework.boot:spring-boot-starter-data-jpa:jar:4.1.1:compile (sources = false)
2026.09.20 17:19:45 INFO  [INFO] SUCCESS: org.springframework.boot:spring-boot-starter-data-jpa:jar:4.1.1:compile (sources = false)
2026.09.20 17:19:45 INFO  [INFO] Resolving artifact: org.springframework.boot:spring-boot-starter-data-jpa:jar:4.1.1:compile (sources = true)
2026.09.20 17:19:45 INFO  Downloading from central: https://repo.maven.apache.org/maven2/org/springframework/boot/spring-boot-starter-data-jpa/4.1.1/spring-boot-starter-data-jpa-4.1.1-sources.jar
2026.09.20 17:19:45 INFO  Progress (1): 4.8 kB
2026.09.20 17:19:45 INFO                      
2026.09.20 17:19:45 INFO  Downloaded from central: https://repo.maven.apache.org/maven2/org/springframework/boot/spring-boot-starter-data-jpa/4.1.1/spring-boot-starter-data-jpa-4.1.1-sources.jar (4.8 kB at 34 kB/s)
2026.09.20 17:19:45 INFO  [INFO] SUCCESS: org.springframework.boot:spring-boot-starter-data-jpa:jar:4.1.1:compile (sources = true)
2026.09.20 17:19:45 INFO  [INFO] Resolving artifact: org.apache.logging.log4j:log4j-to-slf4j:jar:2.25.5:compile (sources = false)
2026.09.20 17:19:45 INFO  [INFO] SUCCESS: org.apache.logging.log4j:log4j-to-slf4j:jar:2.25.5:compile (sources = false)
2026.09.20 17:19:45 INFO  [INFO] Resolving artifact: org.apache.logging.log4j:log4j-to-slf4j:jar:2.25.5:compile (sources = true)
2026.09.20 17:19:45 INFO  [INFO] SUCCESS: org.apache.logging.log4j:log4j-to-slf4j:jar:2.25.5:compile (sources = true)
2026.09.20 17:19:46 INFO  [INFO] Generated .bloop\backend.json
2026.09.20 17:19:46 INFO  [INFO] Starting to write configuration for project: backend with configuration: compile
2026.09.20 17:19:46 INFO  [INFO] Resolving artifact: org.springframework:spring-expression:jar:7.0.9:compile (sources = false)
2026.09.20 17:19:46 INFO  [INFO] SUCCESS: org.springframework:spring-expression:jar:7.0.9:compile (sources = false)
2026.09.20 17:19:46 INFO  [INFO] Resolving artifact: org.springframework:spring-expression:jar:7.0.9:compile (sources = true)
2026.09.20 17:19:46 INFO  [INFO] SUCCESS: org.springframework:spring-expression:jar:7.0.9:compile (sources = true)
2026.09.20 17:19:46 INFO  [INFO] Resolving artifact: com.jayway.jsonpath:json-path:jar:2.10.0:test (sources = false)
2026.09.20 17:19:46 INFO  [INFO] SUCCESS: com.jayway.jsonpath:json-path:jar:2.10.0:test (sources = false)
2026.09.20 17:19:46 INFO  [INFO] Resolving artifact: com.jayway.jsonpath:json-path:jar:2.10.0:test (sources = true)
2026.09.20 17:19:46 INFO  [INFO] SUCCESS: com.jayway.jsonpath:json-path:jar:2.10.0:test (sources = true)
2026.09.20 17:19:46 INFO  [INFO] Resolving artifact: org.hamcrest:hamcrest:jar:3.0:test (sources = false)
2026.09.20 17:19:46 INFO  [INFO] SUCCESS: org.hamcrest:hamcrest:jar:3.0:test (sources = false)
2026.09.20 17:19:46 INFO  [INFO] Resolving artifact: org.hamcrest:hamcrest:jar:3.0:test (sources = true)
2026.09.20 17:19:46 INFO  [INFO] SUCCESS: org.hamcrest:hamcrest:jar:3.0:test (sources = true)
2026.09.20 17:19:46 INFO  [INFO] Resolving artifact: com.sun.istack:istack-commons-runtime:jar:4.1.2:runtime (sources = false)
2026.09.20 17:19:46 INFO  [INFO] SUCCESS: com.sun.istack:istack-commons-runtime:jar:4.1.2:runtime (sources = false)
2026.09.20 17:19:46 INFO  [INFO] Resolving artifact: com.sun.istack:istack-commons-runtime:jar:4.1.2:runtime (sources = true)
2026.09.20 17:19:46 INFO  [INFO] SUCCESS: com.sun.istack:istack-commons-runtime:jar:4.1.2:runtime (sources = true)
2026.09.20 17:19:46 INFO  [INFO] Resolving artifact: org.springframework.boot:spring-boot-starter-tomcat-runtime:jar:4.1.1:compile (sources = false)
2026.09.20 17:19:46 INFO  [INFO] SUCCESS: org.springframework.boot:spring-boot-starter-tomcat-runtime:jar:4.1.1:compile (sources = false)
2026.09.20 17:19:46 INFO  [INFO] Resolving artifact: org.springframework.boot:spring-boot-starter-tomcat-runtime:jar:4.1.1:compile (sources = true)
2026.09.20 17:19:46 INFO  [INFO] SUCCESS: org.springframework.boot:spring-boot-starter-tomcat-runtime:jar:4.1.1:compile (sources = true)
2026.09.20 17:19:46 INFO  [INFO] Resolving artifact: org.springframework:spring-beans:jar:7.0.9:compile (sources = false)
2026.09.20 17:19:46 INFO  [INFO] SUCCESS: org.springframework:spring-beans:jar:7.0.9:compile (sources = false)
2026.09.20 17:19:46 INFO  [INFO] Resolving artifact: org.springframework:spring-beans:jar:7.0.9:compile (sources = true)
2026.09.20 17:19:46 INFO  [INFO] SUCCESS: org.springframework:spring-beans:jar:7.0.9:compile (sources = true)
2026.09.20 17:19:46 INFO  [INFO] Resolving artifact: org.springframework.boot:spring-boot-web-server:jar:4.1.1:compile (sources = false)
2026.09.20 17:19:46 INFO  [INFO] SUCCESS: org.springframework.boot:spring-boot-web-server:jar:4.1.1:compile (sources = false)
2026.09.20 17:19:46 INFO  [INFO] Resolving artifact: org.springframework.boot:spring-boot-web-server:jar:4.1.1:compile (sources = true)
2026.09.20 17:19:46 INFO  [INFO] SUCCESS: org.springframework.boot:spring-boot-web-server:jar:4.1.1:compile (sources = true)
2026.09.20 17:19:46 INFO  [INFO] Resolving artifact: net.bytebuddy:byte-buddy:jar:1.18.11:runtime (sources = false)
2026.09.20 17:19:46 INFO  [INFO] SUCCESS: net.bytebuddy:byte-buddy:jar:1.18.11:runtime (sources = false)
2026.09.20 17:19:46 INFO  [INFO] Resolving artifact: net.bytebuddy:byte-buddy:jar:1.18.11:runtime (sources = true)
2026.09.20 17:19:46 INFO  [INFO] SUCCESS: net.bytebuddy:byte-buddy:jar:1.18.11:runtime (sources = true)
2026.09.20 17:19:46 INFO  [INFO] Resolving artifact: org.springframework.boot:spring-boot:jar:4.1.1:compile (sources = false)
2026.09.20 17:19:46 INFO  [INFO] SUCCESS: org.springframework.boot:spring-boot:jar:4.1.1:compile (sources = false)
2026.09.20 17:19:46 INFO  [INFO] Resolving artifact: org.springframework.boot:spring-boot:jar:4.1.1:compile (sources = true)
2026.09.20 17:19:46 INFO  [INFO] SUCCESS: org.springframework.boot:spring-boot:jar:4.1.1:compile (sources = true)
2026.09.20 17:19:46 INFO  [INFO] Resolving artifact: com.fasterxml.jackson.core:jackson-annotations:jar:2.21:compile (sources = false)
2026.09.20 17:19:46 INFO  [INFO] SUCCESS: com.fasterxml.jackson.core:jackson-annotations:jar:2.21:compile (sources = false)
2026.09.20 17:19:46 INFO  [INFO] Resolving artifact: com.fasterxml.jackson.core:jackson-annotations:jar:2.21:compile (sources = true)
2026.09.20 17:19:46 INFO  [INFO] SUCCESS: com.fasterxml.jackson.core:jackson-annotations:jar:2.21:compile (sources = true)
2026.09.20 17:19:46 INFO  [INFO] Resolving artifact: org.springframework:spring-aop:jar:7.0.9:compile (sources = false)
2026.09.20 17:19:46 INFO  [INFO] SUCCESS: org.springframework:spring-aop:jar:7.0.9:compile (sources = false)
2026.09.20 17:19:46 INFO  [INFO] Resolving artifact: org.springframework:spring-aop:jar:7.0.9:compile (sources = true)
2026.09.20 17:19:46 INFO  [INFO] SUCCESS: org.springframework:spring-aop:jar:7.0.9:compile (sources = true)
2026.09.20 17:19:46 INFO  [INFO] Resolving artifact: org.jboss.logging:jboss-logging:jar:3.6.3.Final:runtime (sources = false)
2026.09.20 17:19:46 INFO  [INFO] SUCCESS: org.jboss.logging:jboss-logging:jar:3.6.3.Final:runtime (sources = false)
2026.09.20 17:19:46 INFO  [INFO] Resolving artifact: org.jboss.logging:jboss-logging:jar:3.6.3.Final:runtime (sources = true)
2026.09.20 17:19:46 INFO  [INFO] SUCCESS: org.jboss.logging:jboss-logging:jar:3.6.3.Final:runtime (sources = true)
2026.09.20 17:19:46 INFO  [INFO] Resolving artifact: tools.jackson.core:jackson-core:jar:3.1.5:compile (sources = false)
2026.09.20 17:19:46 INFO  [INFO] SUCCESS: tools.jackson.core:jackson-core:jar:3.1.5:compile (sources = false)
2026.09.20 17:19:46 INFO  [INFO] Resolving artifact: tools.jackson.core:jackson-core:jar:3.1.5:compile (sources = true)
2026.09.20 17:19:46 INFO  [INFO] SUCCESS: tools.jackson.core:jackson-core:jar:3.1.5:compile (sources = true)
2026.09.20 17:19:46 INFO  [INFO] Resolving artifact: org.apache.tomcat.embed:tomcat-embed-websocket:jar:11.0.24:compile (sources = false)
2026.09.20 17:19:46 INFO  [INFO] SUCCESS: org.apache.tomcat.embed:tomcat-embed-websocket:jar:11.0.24:compile (sources = false)
2026.09.20 17:19:46 INFO  [INFO] Resolving artifact: org.apache.tomcat.embed:tomcat-embed-websocket:jar:11.0.24:compile (sources = true)
2026.09.20 17:19:46 INFO  [INFO] SUCCESS: org.apache.tomcat.embed:tomcat-embed-websocket:jar:11.0.24:compile (sources = true)
2026.09.20 17:19:46 INFO  [INFO] Resolving artifact: org.assertj:assertj-core:jar:3.27.7:test (sources = false)
2026.09.20 17:19:46 INFO  [INFO] SUCCESS: org.assertj:assertj-core:jar:3.27.7:test (sources = false)
2026.09.20 17:19:46 INFO  [INFO] Resolving artifact: org.assertj:assertj-core:jar:3.27.7:test (sources = true)
2026.09.20 17:19:46 INFO  [INFO] SUCCESS: org.assertj:assertj-core:jar:3.27.7:test (sources = true)
2026.09.20 17:19:46 INFO  [INFO] Resolving artifact: com.zaxxer:HikariCP:jar:7.0.2:compile (sources = false)
2026.09.20 17:19:46 INFO  [INFO] SUCCESS: com.zaxxer:HikariCP:jar:7.0.2:compile (sources = false)
2026.09.20 17:19:46 INFO  [INFO] Resolving artifact: com.zaxxer:HikariCP:jar:7.0.2:compile (sources = true)
2026.09.20 17:19:46 INFO  [INFO] SUCCESS: com.zaxxer:HikariCP:jar:7.0.2:compile (sources = true)
2026.09.20 17:19:46 INFO  [INFO] Resolving artifact: org.springframework.boot:spring-boot-autoconfigure:jar:4.1.1:compile (sources = false)
2026.09.20 17:19:46 INFO  [INFO] SUCCESS: org.springframework.boot:spring-boot-autoconfigure:jar:4.1.1:compile (sources = false)
2026.09.20 17:19:46 INFO  [INFO] Resolving artifact: org.springframework.boot:spring-boot-autoconfigure:jar:4.1.1:compile (sources = true)
2026.09.20 17:19:46 INFO  [INFO] SUCCESS: org.springframework.boot:spring-boot-autoconfigure:jar:4.1.1:compile (sources = true)
2026.09.20 17:19:46 INFO  [INFO] Resolving artifact: org.glassfish.jaxb:jaxb-core:jar:4.0.9:runtime (sources = false)
2026.09.20 17:19:46 INFO  [INFO] SUCCESS: org.glassfish.jaxb:jaxb-core:jar:4.0.9:runtime (sources = false)
2026.09.20 17:19:46 INFO  [INFO] Resolving artifact: org.glassfish.jaxb:jaxb-core:jar:4.0.9:runtime (sources = true)
2026.09.20 17:19:46 INFO  [INFO] SUCCESS: org.glassfish.jaxb:jaxb-core:jar:4.0.9:runtime (sources = true)
2026.09.20 17:19:46 INFO  [INFO] Resolving artifact: org.antlr:antlr4-runtime:jar:4.13.2:compile (sources = false)
2026.09.20 17:19:46 INFO  [INFO] SUCCESS: org.antlr:antlr4-runtime:jar:4.13.2:compile (sources = false)
2026.09.20 17:19:46 INFO  [INFO] Resolving artifact: org.antlr:antlr4-runtime:jar:4.13.2:compile (sources = true)
2026.09.20 17:19:46 INFO  [INFO] SUCCESS: org.antlr:antlr4-runtime:jar:4.13.2:compile (sources = true)
2026.09.20 17:19:46 INFO  [INFO] Resolving artifact: org.opentest4j:opentest4j:jar:1.3.0:test (sources = false)
2026.09.20 17:19:46 INFO  [INFO] SUCCESS: org.opentest4j:opentest4j:jar:1.3.0:test (sources = false)
2026.09.20 17:19:46 INFO  [INFO] Resolving artifact: org.opentest4j:opentest4j:jar:1.3.0:test (sources = true)
2026.09.20 17:19:46 INFO  [INFO] SUCCESS: org.opentest4j:opentest4j:jar:1.3.0:test (sources = true)
2026.09.20 17:19:46 INFO  [INFO] Resolving artifact: org.springframework:spring-aspects:jar:7.0.9:compile (sources = false)
2026.09.20 17:19:46 INFO  [INFO] SUCCESS: org.springframework:spring-aspects:jar:7.0.9:compile (sources = false)
2026.09.20 17:19:46 INFO  [INFO] Resolving artifact: org.springframework:spring-aspects:jar:7.0.9:compile (sources = true)
2026.09.20 17:19:46 INFO  [INFO] SUCCESS: org.springframework:spring-aspects:jar:7.0.9:compile (sources = true)
2026.09.20 17:19:46 INFO  [INFO] Resolving artifact: org.springframework:spring-jdbc:jar:7.0.9:compile (sources = false)
2026.09.20 17:19:46 INFO  [INFO] SUCCESS: org.springframework:spring-jdbc:jar:7.0.9:compile (sources = false)
2026.09.20 17:19:46 INFO  [INFO] Resolving artifact: org.springframework:spring-jdbc:jar:7.0.9:compile (sources = true)
2026.09.20 17:19:46 INFO  [INFO] SUCCESS: org.springframework:spring-jdbc:jar:7.0.9:compile (sources = true)
2026.09.20 17:19:46 INFO  [INFO] Resolving artifact: org.springframework.boot:spring-boot-tomcat:jar:4.1.1:compile (sources = false)
2026.09.20 17:19:46 INFO  [INFO] SUCCESS: org.springframework.boot:spring-boot-tomcat:jar:4.1.1:compile (sources = false)
2026.09.20 17:19:46 INFO  [INFO] Resolving artifact: org.springframework.boot:spring-boot-tomcat:jar:4.1.1:compile (sources = true)
2026.09.20 17:19:46 INFO  [INFO] SUCCESS: org.springframework.boot:spring-boot-tomcat:jar:4.1.1:compile (sources = true)
2026.09.20 17:19:46 INFO  [INFO] Resolving artifact: org.junit.jupiter:junit-jupiter:jar:6.0.3:test (sources = false)
2026.09.20 17:19:46 INFO  [INFO] SUCCESS: org.junit.jupiter:junit-jupiter:jar:6.0.3:test (sources = false)
2026.09.20 17:19:46 INFO  [INFO] Resolving artifact: org.junit.jupiter:junit-jupiter:jar:6.0.3:test (sources = true)
2026.09.20 17:19:46 INFO  [INFO] SUCCESS: org.junit.jupiter:junit-jupiter:jar:6.0.3:test (sources = true)
2026.09.20 17:19:46 INFO  [INFO] Resolving artifact: jakarta.transaction:jakarta.transaction-api:jar:2.0.1:compile (sources = false)
2026.09.20 17:19:46 INFO  [INFO] SUCCESS: jakarta.transaction:jakarta.transaction-api:jar:2.0.1:compile (sources = false)
2026.09.20 17:19:46 INFO  [INFO] Resolving artifact: jakarta.transaction:jakarta.transaction-api:jar:2.0.1:compile (sources = true)
2026.09.20 17:19:46 INFO  [INFO] SUCCESS: jakarta.transaction:jakarta.transaction-api:jar:2.0.1:compile (sources = true)
2026.09.20 17:19:46 INFO  [INFO] Resolving artifact: org.springframework.data:spring-data-commons:jar:4.1.1:compile (sources = false)
2026.09.20 17:19:46 INFO  [INFO] SUCCESS: org.springframework.data:spring-data-commons:jar:4.1.1:compile (sources = false)
2026.09.20 17:19:46 INFO  [INFO] Resolving artifact: org.springframework.data:spring-data-commons:jar:4.1.1:compile (sources = true)
2026.09.20 17:19:46 INFO  [INFO] SUCCESS: org.springframework.data:spring-data-commons:jar:4.1.1:compile (sources = true)
2026.09.20 17:19:46 INFO  [INFO] Resolving artifact: org.springframework.boot:spring-boot-jdbc:jar:4.1.1:compile (sources = false)
2026.09.20 17:19:46 INFO  [INFO] SUCCESS: org.springframework.boot:spring-boot-jdbc:jar:4.1.1:compile (sources = false)
2026.09.20 17:19:46 INFO  [INFO] Resolving artifact: org.springframework.boot:spring-boot-jdbc:jar:4.1.1:compile (sources = true)
2026.09.20 17:19:46 INFO  [INFO] SUCCESS: org.springframework.boot:spring-boot-jdbc:jar:4.1.1:compile (sources = true)
2026.09.20 17:19:46 INFO  [INFO] Resolving artifact: org.springframework.boot:spring-boot-data-jpa:jar:4.1.1:compile (sources = false)
2026.09.20 17:19:46 INFO  [INFO] SUCCESS: org.springframework.boot:spring-boot-data-jpa:jar:4.1.1:compile (sources = false)
2026.09.20 17:19:46 INFO  [INFO] Resolving artifact: org.springframework.boot:spring-boot-data-jpa:jar:4.1.1:compile (sources = true)
2026.09.20 17:19:46 INFO  [INFO] SUCCESS: org.springframework.boot:spring-boot-data-jpa:jar:4.1.1:compile (sources = true)
2026.09.20 17:19:46 INFO  [INFO] Resolving artifact: jakarta.persistence:jakarta.persistence-api:jar:3.2.0:compile (sources = false)
2026.09.20 17:19:46 INFO  [INFO] SUCCESS: jakarta.persistence:jakarta.persistence-api:jar:3.2.0:compile (sources = false)
2026.09.20 17:19:46 INFO  [INFO] Resolving artifact: jakarta.persistence:jakarta.persistence-api:jar:3.2.0:compile (sources = true)
2026.09.20 17:19:46 INFO  [INFO] SUCCESS: jakarta.persistence:jakarta.persistence-api:jar:3.2.0:compile (sources = true)
2026.09.20 17:19:46 INFO  [INFO] Resolving artifact: org.springframework:spring-tx:jar:7.0.9:compile (sources = false)
2026.09.20 17:19:46 INFO  [INFO] SUCCESS: org.springframework:spring-tx:jar:7.0.9:compile (sources = false)
2026.09.20 17:19:46 INFO  [INFO] Resolving artifact: org.springframework:spring-tx:jar:7.0.9:compile (sources = true)
2026.09.20 17:19:46 INFO  [INFO] SUCCESS: org.springframework:spring-tx:jar:7.0.9:compile (sources = true)
2026.09.20 17:19:46 INFO  [INFO] Resolving artifact: org.apache.logging.log4j:log4j-api:jar:2.25.5:compile (sources = false)
2026.09.20 17:19:46 INFO  [INFO] SUCCESS: org.apache.logging.log4j:log4j-api:jar:2.25.5:compile (sources = false)
2026.09.20 17:19:46 INFO  [INFO] Resolving artifact: org.apache.logging.log4j:log4j-api:jar:2.25.5:compile (sources = true)
2026.09.20 17:19:46 INFO  [INFO] SUCCESS: org.apache.logging.log4j:log4j-api:jar:2.25.5:compile (sources = true)
2026.09.20 17:19:46 INFO  [INFO] Resolving artifact: org.awaitility:awaitility:jar:4.3.0:test (sources = false)
2026.09.20 17:19:46 INFO  [INFO] SUCCESS: org.awaitility:awaitility:jar:4.3.0:test (sources = false)
2026.09.20 17:19:46 INFO  [INFO] Resolving artifact: org.awaitility:awaitility:jar:4.3.0:test (sources = true)
2026.09.20 17:19:46 INFO  [INFO] SUCCESS: org.awaitility:awaitility:jar:4.3.0:test (sources = true)
2026.09.20 17:19:46 INFO  [INFO] Resolving artifact: org.jspecify:jspecify:jar:1.0.1:compile (sources = false)
2026.09.20 17:19:46 INFO  [INFO] SUCCESS: org.jspecify:jspecify:jar:1.0.1:compile (sources = false)
2026.09.20 17:19:46 INFO  [INFO] Resolving artifact: org.jspecify:jspecify:jar:1.0.1:compile (sources = true)
2026.09.20 17:19:46 INFO  [INFO] SUCCESS: org.jspecify:jspecify:jar:1.0.1:compile (sources = true)
2026.09.20 17:19:46 INFO  [INFO] Resolving artifact: org.mockito:mockito-junit-jupiter:jar:5.23.0:test (sources = false)
2026.09.20 17:19:46 INFO  [INFO] SUCCESS: org.mockito:mockito-junit-jupiter:jar:5.23.0:test (sources = false)
2026.09.20 17:19:46 INFO  [INFO] Resolving artifact: org.mockito:mockito-junit-jupiter:jar:5.23.0:test (sources = true)
2026.09.20 17:19:46 INFO  [INFO] SUCCESS: org.mockito:mockito-junit-jupiter:jar:5.23.0:test (sources = true)
2026.09.20 17:19:46 INFO  [INFO] Resolving artifact: org.springframework.boot:spring-boot-webmvc:jar:4.1.1:compile (sources = false)
2026.09.20 17:19:46 INFO  [INFO] SUCCESS: org.springframework.boot:spring-boot-webmvc:jar:4.1.1:compile (sources = false)
2026.09.20 17:19:46 INFO  [INFO] Resolving artifact: org.springframework.boot:spring-boot-webmvc:jar:4.1.1:compile (sources = true)
2026.09.20 17:19:46 INFO  [INFO] SUCCESS: org.springframework.boot:spring-boot-webmvc:jar:4.1.1:compile (sources = true)
2026.09.20 17:19:46 INFO  [INFO] Resolving artifact: org.springframework.boot:spring-boot-jackson:jar:4.1.1:compile (sources = false)
2026.09.20 17:19:46 INFO  [INFO] SUCCESS: org.springframework.boot:spring-boot-jackson:jar:4.1.1:compile (sources = false)
2026.09.20 17:19:46 INFO  [INFO] Resolving artifact: org.springframework.boot:spring-boot-jackson:jar:4.1.1:compile (sources = true)
2026.09.20 17:19:46 INFO  [INFO] SUCCESS: org.springframework.boot:spring-boot-jackson:jar:4.1.1:compile (sources = true)
2026.09.20 17:19:46 INFO  [INFO] Resolving artifact: org.springframework.boot:spring-boot-starter-web:jar:4.1.1:compile (sources = false)
2026.09.20 17:19:46 INFO  [INFO] SUCCESS: org.springframework.boot:spring-boot-starter-web:jar:4.1.1:compile (sources = false)
2026.09.20 17:19:46 INFO  [INFO] Resolving artifact: org.springframework.boot:spring-boot-starter-web:jar:4.1.1:compile (sources = true)
2026.09.20 17:19:46 INFO  [INFO] SUCCESS: org.springframework.boot:spring-boot-starter-web:jar:4.1.1:compile (sources = true)
2026.09.20 17:19:46 INFO  [INFO] Resolving artifact: org.glassfish.jaxb:txw2:jar:4.0.9:runtime (sources = false)
2026.09.20 17:19:46 INFO  [INFO] SUCCESS: org.glassfish.jaxb:txw2:jar:4.0.9:runtime (sources = false)
2026.09.20 17:19:46 INFO  [INFO] Resolving artifact: org.glassfish.jaxb:txw2:jar:4.0.9:runtime (sources = true)
2026.09.20 17:19:46 INFO  [INFO] SUCCESS: org.glassfish.jaxb:txw2:jar:4.0.9:runtime (sources = true)
2026.09.20 17:19:46 INFO  [INFO] Resolving artifact: org.aspectj:aspectjweaver:jar:1.9.25.1:compile (sources = false)
2026.09.20 17:19:46 INFO  [INFO] SUCCESS: org.aspectj:aspectjweaver:jar:1.9.25.1:compile (sources = false)
2026.09.20 17:19:46 INFO  [INFO] Resolving artifact: org.aspectj:aspectjweaver:jar:1.9.25.1:compile (sources = true)
2026.09.20 17:19:46 INFO  [INFO] SUCCESS: org.aspectj:aspectjweaver:jar:1.9.25.1:compile (sources = true)
2026.09.20 17:19:46 INFO  [INFO] Resolving artifact: org.mockito:mockito-core:jar:5.23.0:test (sources = false)
2026.09.20 17:19:46 INFO  [INFO] SUCCESS: org.mockito:mockito-core:jar:5.23.0:test (sources = false)
2026.09.20 17:19:46 INFO  [INFO] Resolving artifact: org.mockito:mockito-core:jar:5.23.0:test (sources = true)
2026.09.20 17:19:46 INFO  [INFO] SUCCESS: org.mockito:mockito-core:jar:5.23.0:test (sources = true)
2026.09.20 17:19:46 INFO  [INFO] Resolving artifact: org.hibernate.orm:hibernate-core:jar:7.4.5.Final:compile (sources = false)
2026.09.20 17:19:46 INFO  [INFO] SUCCESS: org.hibernate.orm:hibernate-core:jar:7.4.5.Final:compile (sources = false)
2026.09.20 17:19:46 INFO  [INFO] Resolving artifact: org.hibernate.orm:hibernate-core:jar:7.4.5.Final:compile (sources = true)
2026.09.20 17:19:46 INFO  [INFO] SUCCESS: org.hibernate.orm:hibernate-core:jar:7.4.5.Final:compile (sources = true)
2026.09.20 17:19:46 INFO  [INFO] Resolving artifact: org.springframework.boot:spring-boot-starter-test:jar:4.1.1:test (sources = false)
2026.09.20 17:19:46 INFO  [INFO] SUCCESS: org.springframework.boot:spring-boot-starter-test:jar:4.1.1:test (sources = false)
2026.09.20 17:19:46 INFO  [INFO] Resolving artifact: org.springframework.boot:spring-boot-starter-test:jar:4.1.1:test (sources = true)
2026.09.20 17:19:46 INFO  [INFO] SUCCESS: org.springframework.boot:spring-boot-starter-test:jar:4.1.1:test (sources = true)
2026.09.20 17:19:46 INFO  [INFO] Resolving artifact: net.minidev:json-smart:jar:2.6.0:test (sources = false)
2026.09.20 17:19:46 INFO  [INFO] SUCCESS: net.minidev:json-smart:jar:2.6.0:test (sources = false)
2026.09.20 17:19:46 INFO  [INFO] Resolving artifact: net.minidev:json-smart:jar:2.6.0:test (sources = true)
2026.09.20 17:19:46 INFO  [INFO] SUCCESS: net.minidev:json-smart:jar:2.6.0:test (sources = true)
2026.09.20 17:19:46 INFO  [INFO] Resolving artifact: org.springframework:spring-web:jar:7.0.9:compile (sources = false)
2026.09.20 17:19:46 INFO  [INFO] SUCCESS: org.springframework:spring-web:jar:7.0.9:compile (sources = false)
2026.09.20 17:19:46 INFO  [INFO] Resolving artifact: org.springframework:spring-web:jar:7.0.9:compile (sources = true)
2026.09.20 17:19:46 INFO  [INFO] SUCCESS: org.springframework:spring-web:jar:7.0.9:compile (sources = true)
2026.09.20 17:19:46 INFO  [INFO] Resolving artifact: net.bytebuddy:byte-buddy-agent:jar:1.18.11:test (sources = false)
2026.09.20 17:19:46 INFO  [INFO] SUCCESS: net.bytebuddy:byte-buddy-agent:jar:1.18.11:test (sources = false)
2026.09.20 17:19:46 INFO  [INFO] Resolving artifact: net.bytebuddy:byte-buddy-agent:jar:1.18.11:test (sources = true)
2026.09.20 17:19:46 INFO  [INFO] SUCCESS: net.bytebuddy:byte-buddy-agent:jar:1.18.11:test (sources = true)
2026.09.20 17:19:46 INFO  [INFO] Resolving artifact: org.junit.jupiter:junit-jupiter-engine:jar:6.0.3:test (sources = false)
2026.09.20 17:19:46 INFO  [INFO] SUCCESS: org.junit.jupiter:junit-jupiter-engine:jar:6.0.3:test (sources = false)
2026.09.20 17:19:46 INFO  [INFO] Resolving artifact: org.junit.jupiter:junit-jupiter-engine:jar:6.0.3:test (sources = true)
2026.09.20 17:19:46 INFO  [INFO] SUCCESS: org.junit.jupiter:junit-jupiter-engine:jar:6.0.3:test (sources = true)
2026.09.20 17:19:46 INFO  [INFO] Resolving artifact: org.slf4j:slf4j-api:jar:2.0.18:compile (sources = false)
2026.09.20 17:19:46 INFO  [INFO] SUCCESS: org.slf4j:slf4j-api:jar:2.0.18:compile (sources = false)
2026.09.20 17:19:46 INFO  [INFO] Resolving artifact: org.slf4j:slf4j-api:jar:2.0.18:compile (sources = true)
2026.09.20 17:19:46 INFO  [INFO] SUCCESS: org.slf4j:slf4j-api:jar:2.0.18:compile (sources = true)
2026.09.20 17:19:46 INFO  [INFO] Resolving artifact: org.springframework:spring-webmvc:jar:7.0.9:compile (sources = false)
2026.09.20 17:19:46 INFO  [INFO] SUCCESS: org.springframework:spring-webmvc:jar:7.0.9:compile (sources = false)
2026.09.20 17:19:46 INFO  [INFO] Resolving artifact: org.springframework:spring-webmvc:jar:7.0.9:compile (sources = true)
2026.09.20 17:19:46 INFO  [INFO] SUCCESS: org.springframework:spring-webmvc:jar:7.0.9:compile (sources = true)
2026.09.20 17:19:46 INFO  [INFO] Resolving artifact: net.minidev:accessors-smart:jar:2.6.0:test (sources = false)
2026.09.20 17:19:46 INFO  [INFO] SUCCESS: net.minidev:accessors-smart:jar:2.6.0:test (sources = false)
2026.09.20 17:19:46 INFO  [INFO] Resolving artifact: net.minidev:accessors-smart:jar:2.6.0:test (sources = true)
2026.09.20 17:19:46 INFO  [INFO] SUCCESS: net.minidev:accessors-smart:jar:2.6.0:test (sources = true)
2026.09.20 17:19:46 INFO  [INFO] Resolving artifact: org.springframework.boot:spring-boot-http-converter:jar:4.1.1:compile (sources = false)
2026.09.20 17:19:46 INFO  [INFO] SUCCESS: org.springframework.boot:spring-boot-http-converter:jar:4.1.1:compile (sources = false)
2026.09.20 17:19:46 INFO  [INFO] Resolving artifact: org.springframework.boot:spring-boot-http-converter:jar:4.1.1:compile (sources = true)
2026.09.20 17:19:46 INFO  [INFO] SUCCESS: org.springframework.boot:spring-boot-http-converter:jar:4.1.1:compile (sources = true)
2026.09.20 17:19:46 INFO  [INFO] Resolving artifact: org.springframework.boot:spring-boot-data-commons:jar:4.1.1:compile (sources = false)
2026.09.20 17:19:46 INFO  [INFO] SUCCESS: org.springframework.boot:spring-boot-data-commons:jar:4.1.1:compile (sources = false)
2026.09.20 17:19:46 INFO  [INFO] Resolving artifact: org.springframework.boot:spring-boot-data-commons:jar:4.1.1:compile (sources = true)
2026.09.20 17:19:46 INFO  [INFO] SUCCESS: org.springframework.boot:spring-boot-data-commons:jar:4.1.1:compile (sources = true)
2026.09.20 17:19:46 INFO  [INFO] Resolving artifact: org.xmlunit:xmlunit-core:jar:2.11.0:test (sources = false)
2026.09.20 17:19:46 INFO  [INFO] SUCCESS: org.xmlunit:xmlunit-core:jar:2.11.0:test (sources = false)
2026.09.20 17:19:46 INFO  [INFO] Resolving artifact: org.xmlunit:xmlunit-core:jar:2.11.0:test (sources = true)
2026.09.20 17:19:46 INFO  [INFO] SUCCESS: org.xmlunit:xmlunit-core:jar:2.11.0:test (sources = true)
2026.09.20 17:19:46 INFO  [INFO] Resolving artifact: org.junit.jupiter:junit-jupiter-params:jar:6.0.3:test (sources = false)
2026.09.20 17:19:46 INFO  [INFO] SUCCESS: org.junit.jupiter:junit-jupiter-params:jar:6.0.3:test (sources = false)
2026.09.20 17:19:46 INFO  [INFO] Resolving artifact: org.junit.jupiter:junit-jupiter-params:jar:6.0.3:test (sources = true)
2026.09.20 17:19:46 INFO  [INFO] SUCCESS: org.junit.jupiter:junit-jupiter-params:jar:6.0.3:test (sources = true)
2026.09.20 17:19:46 INFO  [INFO] Resolving artifact: org.springframework.boot:spring-boot-test:jar:4.1.1:test (sources = false)
2026.09.20 17:19:46 INFO  [INFO] SUCCESS: org.springframework.boot:spring-boot-test:jar:4.1.1:test (sources = false)
2026.09.20 17:19:46 INFO  [INFO] Resolving artifact: org.springframework.boot:spring-boot-test:jar:4.1.1:test (sources = true)
2026.09.20 17:19:46 INFO  [INFO] SUCCESS: org.springframework.boot:spring-boot-test:jar:4.1.1:test (sources = true)
2026.09.20 17:19:46 INFO  [INFO] Resolving artifact: org.springframework.boot:spring-boot-transaction:jar:4.1.1:compile (sources = false)
2026.09.20 17:19:46 INFO  [INFO] SUCCESS: org.springframework.boot:spring-boot-transaction:jar:4.1.1:compile (sources = false)
2026.09.20 17:19:46 INFO  [INFO] Resolving artifact: org.springframework.boot:spring-boot-transaction:jar:4.1.1:compile (sources = true)
2026.09.20 17:19:46 INFO  [INFO] SUCCESS: org.springframework.boot:spring-boot-transaction:jar:4.1.1:compile (sources = true)
2026.09.20 17:19:46 INFO  [INFO] Resolving artifact: org.hibernate.models:hibernate-models:jar:1.1.1:runtime (sources = false)
2026.09.20 17:19:46 INFO  [INFO] SUCCESS: org.hibernate.models:hibernate-models:jar:1.1.1:runtime (sources = false)
2026.09.20 17:19:46 INFO  [INFO] Resolving artifact: org.hibernate.models:hibernate-models:jar:1.1.1:runtime (sources = true)
2026.09.20 17:19:46 INFO  [INFO] SUCCESS: org.hibernate.models:hibernate-models:jar:1.1.1:runtime (sources = true)
2026.09.20 17:19:46 INFO  [INFO] Resolving artifact: org.apache.tomcat.embed:tomcat-embed-el:jar:11.0.24:compile (sources = false)
2026.09.20 17:19:46 INFO  [INFO] SUCCESS: org.apache.tomcat.embed:tomcat-embed-el:jar:11.0.24:compile (sources = false)
2026.09.20 17:19:46 INFO  [INFO] Resolving artifact: org.apache.tomcat.embed:tomcat-embed-el:jar:11.0.24:compile (sources = true)
2026.09.20 17:19:46 INFO  [INFO] SUCCESS: org.apache.tomcat.embed:tomcat-embed-el:jar:11.0.24:compile (sources = true)
2026.09.20 17:19:46 INFO  [INFO] Resolving artifact: org.objenesis:objenesis:jar:3.3:test (sources = false)
2026.09.20 17:19:46 INFO  [INFO] SUCCESS: org.objenesis:objenesis:jar:3.3:test (sources = false)
2026.09.20 17:19:46 INFO  [INFO] Resolving artifact: org.objenesis:objenesis:jar:3.3:test (sources = true)
2026.09.20 17:19:46 INFO  [INFO] SUCCESS: org.objenesis:objenesis:jar:3.3:test (sources = true)
2026.09.20 17:19:46 INFO  [INFO] Resolving artifact: ch.qos.logback:logback-classic:jar:1.5.38:compile (sources = false)
2026.09.20 17:19:46 INFO  [INFO] SUCCESS: ch.qos.logback:logback-classic:jar:1.5.38:compile (sources = false)
2026.09.20 17:19:46 INFO  [INFO] Resolving artifact: ch.qos.logback:logback-classic:jar:1.5.38:compile (sources = true)
2026.09.20 17:19:46 INFO  [INFO] SUCCESS: ch.qos.logback:logback-classic:jar:1.5.38:compile (sources = true)
2026.09.20 17:19:46 INFO  [INFO] Resolving artifact: io.micrometer:micrometer-commons:jar:1.17.1:compile (sources = false)
2026.09.20 17:19:46 INFO  [INFO] SUCCESS: io.micrometer:micrometer-commons:jar:1.17.1:compile (sources = false)
2026.09.20 17:19:46 INFO  [INFO] Resolving artifact: io.micrometer:micrometer-commons:jar:1.17.1:compile (sources = true)
2026.09.20 17:19:46 INFO  [INFO] SUCCESS: io.micrometer:micrometer-commons:jar:1.17.1:compile (sources = true)
2026.09.20 17:19:46 INFO  [INFO] Resolving artifact: org.ow2.asm:asm:jar:9.7.1:test (sources = false)
2026.09.20 17:19:46 INFO  [INFO] SUCCESS: org.ow2.asm:asm:jar:9.7.1:test (sources = false)
2026.09.20 17:19:46 INFO  [INFO] Resolving artifact: org.ow2.asm:asm:jar:9.7.1:test (sources = true)
2026.09.20 17:19:46 INFO  [INFO] SUCCESS: org.ow2.asm:asm:jar:9.7.1:test (sources = true)
2026.09.20 17:19:46 INFO  [INFO] Resolving artifact: org.springframework.boot:spring-boot-starter-jackson:jar:4.1.1:compile (sources = false)
2026.09.20 17:19:46 INFO  [INFO] SUCCESS: org.springframework.boot:spring-boot-starter-jackson:jar:4.1.1:compile (sources = false)
2026.09.20 17:19:46 INFO  [INFO] Resolving artifact: org.springframework.boot:spring-boot-starter-jackson:jar:4.1.1:compile (sources = true)
2026.09.20 17:19:46 INFO  [INFO] SUCCESS: org.springframework.boot:spring-boot-starter-jackson:jar:4.1.1:compile (sources = true)
2026.09.20 17:19:46 INFO  [INFO] Resolving artifact: commons-logging:commons-logging:jar:1.3.6:compile (sources = false)
2026.09.20 17:19:46 INFO  [INFO] SUCCESS: commons-logging:commons-logging:jar:1.3.6:compile (sources = false)
2026.09.20 17:19:46 INFO  [INFO] Resolving artifact: commons-logging:commons-logging:jar:1.3.6:compile (sources = true)
2026.09.20 17:19:46 INFO  [INFO] SUCCESS: commons-logging:commons-logging:jar:1.3.6:compile (sources = true)
2026.09.20 17:19:46 INFO  [INFO] Resolving artifact: org.springframework:spring-context:jar:7.0.9:compile (sources = false)
2026.09.20 17:19:46 INFO  [INFO] SUCCESS: org.springframework:spring-context:jar:7.0.9:compile (sources = false)
2026.09.20 17:19:46 INFO  [INFO] Resolving artifact: org.springframework:spring-context:jar:7.0.9:compile (sources = true)
2026.09.20 17:19:46 INFO  [INFO] SUCCESS: org.springframework:spring-context:jar:7.0.9:compile (sources = true)
2026.09.20 17:19:46 INFO  [INFO] Resolving artifact: org.junit.jupiter:junit-jupiter-api:jar:6.0.3:test (sources = false)
2026.09.20 17:19:46 INFO  [INFO] SUCCESS: org.junit.jupiter:junit-jupiter-api:jar:6.0.3:test (sources = false)
2026.09.20 17:19:46 INFO  [INFO] Resolving artifact: org.junit.jupiter:junit-jupiter-api:jar:6.0.3:test (sources = true)
2026.09.20 17:19:46 INFO  [INFO] SUCCESS: org.junit.jupiter:junit-jupiter-api:jar:6.0.3:test (sources = true)
2026.09.20 17:19:46 INFO  [INFO] Resolving artifact: ch.qos.logback:logback-core:jar:1.5.38:compile (sources = false)
2026.09.20 17:19:46 INFO  [INFO] SUCCESS: ch.qos.logback:logback-core:jar:1.5.38:compile (sources = false)
2026.09.20 17:19:46 INFO  [INFO] Resolving artifact: ch.qos.logback:logback-core:jar:1.5.38:compile (sources = true)
2026.09.20 17:19:46 INFO  [INFO] SUCCESS: ch.qos.logback:logback-core:jar:1.5.38:compile (sources = true)
2026.09.20 17:19:46 INFO  [INFO] Resolving artifact: org.skyscreamer:jsonassert:jar:1.5.3:test (sources = false)
2026.09.20 17:19:46 INFO  [INFO] SUCCESS: org.skyscreamer:jsonassert:jar:1.5.3:test (sources = false)
2026.09.20 17:19:46 INFO  [INFO] Resolving artifact: org.skyscreamer:jsonassert:jar:1.5.3:test (sources = true)
2026.09.20 17:19:46 INFO  [INFO] SUCCESS: org.skyscreamer:jsonassert:jar:1.5.3:test (sources = true)
2026.09.20 17:19:46 INFO  [INFO] Resolving artifact: org.springframework.data:spring-data-jpa:jar:4.1.1:compile (sources = false)
2026.09.20 17:19:46 INFO  [INFO] SUCCESS: org.springframework.data:spring-data-jpa:jar:4.1.1:compile (sources = false)
2026.09.20 17:19:46 INFO  [INFO] Resolving artifact: org.springframework.data:spring-data-jpa:jar:4.1.1:compile (sources = true)
2026.09.20 17:19:46 INFO  [INFO] SUCCESS: org.springframework.data:spring-data-jpa:jar:4.1.1:compile (sources = true)
2026.09.20 17:19:46 INFO  [INFO] Resolving artifact: jakarta.xml.bind:jakarta.xml.bind-api:jar:4.0.5:runtime (sources = false)
2026.09.20 17:19:46 INFO  [INFO] SUCCESS: jakarta.xml.bind:jakarta.xml.bind-api:jar:4.0.5:runtime (sources = false)
2026.09.20 17:19:46 INFO  [INFO] Resolving artifact: jakarta.xml.bind:jakarta.xml.bind-api:jar:4.0.5:runtime (sources = true)
2026.09.20 17:19:46 INFO  [INFO] SUCCESS: jakarta.xml.bind:jakarta.xml.bind-api:jar:4.0.5:runtime (sources = true)
2026.09.20 17:19:46 INFO  [INFO] Resolving artifact: org.slf4j:jul-to-slf4j:jar:2.0.18:compile (sources = false)
2026.09.20 17:19:46 INFO  [INFO] SUCCESS: org.slf4j:jul-to-slf4j:jar:2.0.18:compile (sources = false)
2026.09.20 17:19:46 INFO  [INFO] Resolving artifact: org.slf4j:jul-to-slf4j:jar:2.0.18:compile (sources = true)
2026.09.20 17:19:46 INFO  [INFO] SUCCESS: org.slf4j:jul-to-slf4j:jar:2.0.18:compile (sources = true)
2026.09.20 17:19:46 INFO  [INFO] Resolving artifact: io.micrometer:micrometer-observation:jar:1.17.1:compile (sources = false)
2026.09.20 17:19:46 INFO  [INFO] SUCCESS: io.micrometer:micrometer-observation:jar:1.17.1:compile (sources = false)
2026.09.20 17:19:46 INFO  [INFO] Resolving artifact: io.micrometer:micrometer-observation:jar:1.17.1:compile (sources = true)
2026.09.20 17:19:46 INFO  [INFO] SUCCESS: io.micrometer:micrometer-observation:jar:1.17.1:compile (sources = true)
2026.09.20 17:19:46 INFO  [INFO] Resolving artifact: org.springframework.boot:spring-boot-starter-logging:jar:4.1.1:compile (sources = false)
2026.09.20 17:19:46 INFO  [INFO] SUCCESS: org.springframework.boot:spring-boot-starter-logging:jar:4.1.1:compile (sources = false)
2026.09.20 17:19:46 INFO  [INFO] Resolving artifact: org.springframework.boot:spring-boot-starter-logging:jar:4.1.1:compile (sources = true)
2026.09.20 17:19:46 INFO  [INFO] SUCCESS: org.springframework.boot:spring-boot-starter-logging:jar:4.1.1:compile (sources = true)
2026.09.20 17:19:46 INFO  [INFO] Resolving artifact: jakarta.annotation:jakarta.annotation-api:jar:3.0.0:compile (sources = false)
2026.09.20 17:19:46 INFO  [INFO] SUCCESS: jakarta.annotation:jakarta.annotation-api:jar:3.0.0:compile (sources = false)
2026.09.20 17:19:46 INFO  [INFO] Resolving artifact: jakarta.annotation:jakarta.annotation-api:jar:3.0.0:compile (sources = true)
2026.09.20 17:19:46 INFO  [INFO] SUCCESS: jakarta.annotation:jakarta.annotation-api:jar:3.0.0:compile (sources = true)
2026.09.20 17:19:46 INFO  [INFO] Resolving artifact: org.springframework.boot:spring-boot-starter-jdbc:jar:4.1.1:compile (sources = false)
2026.09.20 17:19:46 INFO  [INFO] SUCCESS: org.springframework.boot:spring-boot-starter-jdbc:jar:4.1.1:compile (sources = false)
2026.09.20 17:19:46 INFO  [INFO] Resolving artifact: org.springframework.boot:spring-boot-starter-jdbc:jar:4.1.1:compile (sources = true)
2026.09.20 17:19:46 INFO  [INFO] SUCCESS: org.springframework.boot:spring-boot-starter-jdbc:jar:4.1.1:compile (sources = true)
2026.09.20 17:19:46 INFO  [INFO] Resolving artifact: org.springframework.boot:spring-boot-servlet:jar:4.1.1:compile (sources = false)
2026.09.20 17:19:46 INFO  [INFO] SUCCESS: org.springframework.boot:spring-boot-servlet:jar:4.1.1:compile (sources = false)
2026.09.20 17:19:46 INFO  [INFO] Resolving artifact: org.springframework.boot:spring-boot-servlet:jar:4.1.1:compile (sources = true)
2026.09.20 17:19:46 INFO  [INFO] SUCCESS: org.springframework.boot:spring-boot-servlet:jar:4.1.1:compile (sources = true)
2026.09.20 17:19:46 INFO  [INFO] Resolving artifact: org.junit.platform:junit-platform-commons:jar:6.0.3:test (sources = false)
2026.09.20 17:19:46 INFO  [INFO] SUCCESS: org.junit.platform:junit-platform-commons:jar:6.0.3:test (sources = false)
2026.09.20 17:19:46 INFO  [INFO] Resolving artifact: org.junit.platform:junit-platform-commons:jar:6.0.3:test (sources = true)
2026.09.20 17:19:46 INFO  [INFO] SUCCESS: org.junit.platform:junit-platform-commons:jar:6.0.3:test (sources = true)
2026.09.20 17:19:46 INFO  [INFO] Resolving artifact: org.yaml:snakeyaml:jar:2.6:compile (sources = false)
2026.09.20 17:19:46 INFO  [INFO] SUCCESS: org.yaml:snakeyaml:jar:2.6:compile (sources = false)
2026.09.20 17:19:46 INFO  [INFO] Resolving artifact: org.yaml:snakeyaml:jar:2.6:compile (sources = true)
2026.09.20 17:19:46 INFO  [INFO] SUCCESS: org.yaml:snakeyaml:jar:2.6:compile (sources = true)
2026.09.20 17:19:46 INFO  [INFO] Resolving artifact: org.springframework.boot:spring-boot-test-autoconfigure:jar:4.1.1:test (sources = false)
2026.09.20 17:19:46 INFO  [INFO] SUCCESS: org.springframework.boot:spring-boot-test-autoconfigure:jar:4.1.1:test (sources = false)
2026.09.20 17:19:46 INFO  [INFO] Resolving artifact: org.springframework.boot:spring-boot-test-autoconfigure:jar:4.1.1:test (sources = true)
2026.09.20 17:19:46 INFO  [INFO] SUCCESS: org.springframework.boot:spring-boot-test-autoconfigure:jar:4.1.1:test (sources = true)
2026.09.20 17:19:46 INFO  [INFO] Resolving artifact: org.springframework:spring-core:jar:7.0.9:compile (sources = false)
2026.09.20 17:19:46 INFO  [INFO] SUCCESS: org.springframework:spring-core:jar:7.0.9:compile (sources = false)
2026.09.20 17:19:46 INFO  [INFO] Resolving artifact: org.springframework:spring-core:jar:7.0.9:compile (sources = true)
2026.09.20 17:19:46 INFO  [INFO] SUCCESS: org.springframework:spring-core:jar:7.0.9:compile (sources = true)
2026.09.20 17:19:46 INFO  [INFO] Resolving artifact: jakarta.inject:jakarta.inject-api:jar:2.0.1:runtime (sources = false)
2026.09.20 17:19:46 INFO  [INFO] SUCCESS: jakarta.inject:jakarta.inject-api:jar:2.0.1:runtime (sources = false)
2026.09.20 17:19:46 INFO  [INFO] Resolving artifact: jakarta.inject:jakarta.inject-api:jar:2.0.1:runtime (sources = true)
2026.09.20 17:19:46 INFO  [INFO] SUCCESS: jakarta.inject:jakarta.inject-api:jar:2.0.1:runtime (sources = true)
2026.09.20 17:19:46 INFO  [INFO] Resolving artifact: org.glassfish.jaxb:jaxb-runtime:jar:4.0.9:runtime (sources = false)
2026.09.20 17:19:46 INFO  [INFO] SUCCESS: org.glassfish.jaxb:jaxb-runtime:jar:4.0.9:runtime (sources = false)
2026.09.20 17:19:46 INFO  [INFO] Resolving artifact: org.glassfish.jaxb:jaxb-runtime:jar:4.0.9:runtime (sources = true)
2026.09.20 17:19:46 INFO  [INFO] SUCCESS: org.glassfish.jaxb:jaxb-runtime:jar:4.0.9:runtime (sources = true)
2026.09.20 17:19:46 INFO  [INFO] Resolving artifact: org.springframework.boot:spring-boot-hibernate:jar:4.1.1:compile (sources = false)
2026.09.20 17:19:46 INFO  [INFO] SUCCESS: org.springframework.boot:spring-boot-hibernate:jar:4.1.1:compile (sources = false)
2026.09.20 17:19:46 INFO  [INFO] Resolving artifact: org.springframework.boot:spring-boot-hibernate:jar:4.1.1:compile (sources = true)
2026.09.20 17:19:46 INFO  [INFO] SUCCESS: org.springframework.boot:spring-boot-hibernate:jar:4.1.1:compile (sources = true)
2026.09.20 17:19:46 INFO  [INFO] Resolving artifact: org.apache.tomcat.embed:tomcat-embed-core:jar:11.0.24:compile (sources = false)
2026.09.20 17:19:46 INFO  [INFO] SUCCESS: org.apache.tomcat.embed:tomcat-embed-core:jar:11.0.24:compile (sources = false)
2026.09.20 17:19:46 INFO  [INFO] Resolving artifact: org.apache.tomcat.embed:tomcat-embed-core:jar:11.0.24:compile (sources = true)
2026.09.20 17:19:46 INFO  [INFO] SUCCESS: org.apache.tomcat.embed:tomcat-embed-core:jar:11.0.24:compile (sources = true)
2026.09.20 17:19:46 INFO  [INFO] Resolving artifact: org.springframework.boot:spring-boot-starter:jar:4.1.1:compile (sources = false)
2026.09.20 17:19:46 INFO  [INFO] SUCCESS: org.springframework.boot:spring-boot-starter:jar:4.1.1:compile (sources = false)
2026.09.20 17:19:46 INFO  [INFO] Resolving artifact: org.springframework.boot:spring-boot-starter:jar:4.1.1:compile (sources = true)
2026.09.20 17:19:46 INFO  [INFO] SUCCESS: org.springframework.boot:spring-boot-starter:jar:4.1.1:compile (sources = true)
2026.09.20 17:19:46 INFO  [INFO] Resolving artifact: org.springframework.boot:spring-boot-jpa:jar:4.1.1:compile (sources = false)
2026.09.20 17:19:46 INFO  [INFO] SUCCESS: org.springframework.boot:spring-boot-jpa:jar:4.1.1:compile (sources = false)
2026.09.20 17:19:46 INFO  [INFO] Resolving artifact: org.springframework.boot:spring-boot-jpa:jar:4.1.1:compile (sources = true)
2026.09.20 17:19:46 INFO  [INFO] SUCCESS: org.springframework.boot:spring-boot-jpa:jar:4.1.1:compile (sources = true)
2026.09.20 17:19:46 INFO  [INFO] Resolving artifact: org.springframework.boot:spring-boot-persistence:jar:4.1.1:compile (sources = false)
2026.09.20 17:19:46 INFO  [INFO] SUCCESS: org.springframework.boot:spring-boot-persistence:jar:4.1.1:compile (sources = false)
2026.09.20 17:19:46 INFO  [INFO] Resolving artifact: org.springframework.boot:spring-boot-persistence:jar:4.1.1:compile (sources = true)
2026.09.20 17:19:46 INFO  [INFO] SUCCESS: org.springframework.boot:spring-boot-persistence:jar:4.1.1:compile (sources = true)
2026.09.20 17:19:46 INFO  [INFO] Resolving artifact: org.springframework.boot:spring-boot-sql:jar:4.1.1:compile (sources = false)
2026.09.20 17:19:46 INFO  [INFO] SUCCESS: org.springframework.boot:spring-boot-sql:jar:4.1.1:compile (sources = false)
2026.09.20 17:19:46 INFO  [INFO] Resolving artifact: org.springframework.boot:spring-boot-sql:jar:4.1.1:compile (sources = true)
2026.09.20 17:19:46 INFO  [INFO] SUCCESS: org.springframework.boot:spring-boot-sql:jar:4.1.1:compile (sources = true)
2026.09.20 17:19:46 INFO  [INFO] Resolving artifact: org.springframework.boot:spring-boot-starter-tomcat:jar:4.1.1:compile (sources = false)
2026.09.20 17:19:46 INFO  [INFO] SUCCESS: org.springframework.boot:spring-boot-starter-tomcat:jar:4.1.1:compile (sources = false)
2026.09.20 17:19:46 INFO  [INFO] Resolving artifact: org.springframework.boot:spring-boot-starter-tomcat:jar:4.1.1:compile (sources = true)
2026.09.20 17:19:46 INFO  [INFO] SUCCESS: org.springframework.boot:spring-boot-starter-tomcat:jar:4.1.1:compile (sources = true)
2026.09.20 17:19:46 INFO  [INFO] Resolving artifact: tools.jackson.core:jackson-databind:jar:3.1.5:compile (sources = false)
2026.09.20 17:19:46 INFO  [INFO] SUCCESS: tools.jackson.core:jackson-databind:jar:3.1.5:compile (sources = false)
2026.09.20 17:19:46 INFO  [INFO] Resolving artifact: tools.jackson.core:jackson-databind:jar:3.1.5:compile (sources = true)
2026.09.20 17:19:46 INFO  [INFO] SUCCESS: tools.jackson.core:jackson-databind:jar:3.1.5:compile (sources = true)
2026.09.20 17:19:46 INFO  [INFO] Resolving artifact: org.springframework:spring-orm:jar:7.0.9:compile (sources = false)
2026.09.20 17:19:46 INFO  [INFO] SUCCESS: org.springframework:spring-orm:jar:7.0.9:compile (sources = false)
2026.09.20 17:19:46 INFO  [INFO] Resolving artifact: org.springframework:spring-orm:jar:7.0.9:compile (sources = true)
2026.09.20 17:19:46 INFO  [INFO] SUCCESS: org.springframework:spring-orm:jar:7.0.9:compile (sources = true)
2026.09.20 17:19:46 INFO  [INFO] Resolving artifact: jakarta.activation:jakarta.activation-api:jar:2.1.4:runtime (sources = false)
2026.09.20 17:19:46 INFO  [INFO] SUCCESS: jakarta.activation:jakarta.activation-api:jar:2.1.4:runtime (sources = false)
2026.09.20 17:19:46 INFO  [INFO] Resolving artifact: jakarta.activation:jakarta.activation-api:jar:2.1.4:runtime (sources = true)
2026.09.20 17:19:46 INFO  [INFO] SUCCESS: jakarta.activation:jakarta.activation-api:jar:2.1.4:runtime (sources = true)
2026.09.20 17:19:46 INFO  [INFO] Resolving artifact: org.springframework:spring-test:jar:7.0.9:test (sources = false)
2026.09.20 17:19:46 INFO  [INFO] SUCCESS: org.springframework:spring-test:jar:7.0.9:test (sources = false)
2026.09.20 17:19:46 INFO  [INFO] Resolving artifact: org.springframework:spring-test:jar:7.0.9:test (sources = true)
2026.09.20 17:19:46 INFO  [INFO] SUCCESS: org.springframework:spring-test:jar:7.0.9:test (sources = true)
2026.09.20 17:19:46 INFO  [INFO] Resolving artifact: org.apiguardian:apiguardian-api:jar:1.1.2:test (sources = false)
2026.09.20 17:19:46 INFO  [INFO] SUCCESS: org.apiguardian:apiguardian-api:jar:1.1.2:test (sources = false)
2026.09.20 17:19:46 INFO  [INFO] Resolving artifact: org.apiguardian:apiguardian-api:jar:1.1.2:test (sources = true)
2026.09.20 17:19:46 INFO  [INFO] SUCCESS: org.apiguardian:apiguardian-api:jar:1.1.2:test (sources = true)
2026.09.20 17:19:46 INFO  [INFO] Resolving artifact: org.junit.platform:junit-platform-engine:jar:6.0.3:test (sources = false)
2026.09.20 17:19:46 INFO  [INFO] SUCCESS: org.junit.platform:junit-platform-engine:jar:6.0.3:test (sources = false)
2026.09.20 17:19:46 INFO  [INFO] Resolving artifact: org.junit.platform:junit-platform-engine:jar:6.0.3:test (sources = true)
2026.09.20 17:19:46 INFO  [INFO] SUCCESS: org.junit.platform:junit-platform-engine:jar:6.0.3:test (sources = true)
2026.09.20 17:19:46 INFO  [INFO] Resolving artifact: org.eclipse.angus:angus-activation:jar:2.0.3:runtime (sources = false)
2026.09.20 17:19:46 INFO  [INFO] SUCCESS: org.eclipse.angus:angus-activation:jar:2.0.3:runtime (sources = false)
2026.09.20 17:19:46 INFO  [INFO] Resolving artifact: org.eclipse.angus:angus-activation:jar:2.0.3:runtime (sources = true)
2026.09.20 17:19:46 INFO  [INFO] SUCCESS: org.eclipse.angus:angus-activation:jar:2.0.3:runtime (sources = true)
2026.09.20 17:19:46 INFO  [INFO] Resolving artifact: com.vaadin.external.google:android-json:jar:0.0.20131108.vaadin1:test (sources = false)
2026.09.20 17:19:46 INFO  [INFO] SUCCESS: com.vaadin.external.google:android-json:jar:0.0.20131108.vaadin1:test (sources = false)
2026.09.20 17:19:46 INFO  [INFO] Resolving artifact: com.vaadin.external.google:android-json:jar:0.0.20131108.vaadin1:test (sources = true)
2026.09.20 17:19:46 INFO  [INFO] SUCCESS: com.vaadin.external.google:android-json:jar:0.0.20131108.vaadin1:test (sources = true)
2026.09.20 17:19:46 INFO  [INFO] Resolving artifact: org.springframework.boot:spring-boot-starter-data-jpa:jar:4.1.1:compile (sources = false)
2026.09.20 17:19:46 INFO  [INFO] SUCCESS: org.springframework.boot:spring-boot-starter-data-jpa:jar:4.1.1:compile (sources = false)
2026.09.20 17:19:46 INFO  [INFO] Resolving artifact: org.springframework.boot:spring-boot-starter-data-jpa:jar:4.1.1:compile (sources = true)
2026.09.20 17:19:46 INFO  [INFO] SUCCESS: org.springframework.boot:spring-boot-starter-data-jpa:jar:4.1.1:compile (sources = true)
2026.09.20 17:19:46 INFO  [INFO] Resolving artifact: org.apache.logging.log4j:log4j-to-slf4j:jar:2.25.5:compile (sources = false)
2026.09.20 17:19:46 INFO  [INFO] SUCCESS: org.apache.logging.log4j:log4j-to-slf4j:jar:2.25.5:compile (sources = false)
2026.09.20 17:19:46 INFO  [INFO] Resolving artifact: org.apache.logging.log4j:log4j-to-slf4j:jar:2.25.5:compile (sources = true)
2026.09.20 17:19:46 INFO  [INFO] SUCCESS: org.apache.logging.log4j:log4j-to-slf4j:jar:2.25.5:compile (sources = true)
2026.09.20 17:19:46 INFO  [INFO] Generated .bloop\backend-test.json
2026.09.20 17:19:46 INFO  [INFO] Starting to write configuration for project: backend with configuration: test
2026.09.20 17:19:46 INFO  [INFO] ------------------------------------------------------------------------
2026.09.20 17:19:46 INFO  [INFO] BUILD SUCCESS
2026.09.20 17:19:46 INFO  [INFO] ------------------------------------------------------------------------
2026.09.20 17:19:46 INFO  [INFO] Total time:  22.365 s
2026.09.20 17:19:46 INFO  [INFO] Finished at: 2026-09-20T17:19:46-05:00
2026.09.20 17:19:46 INFO  [INFO] ------------------------------------------------------------------------
2026.09.20 17:19:46 INFO  time: ran 'mvn bloopInstall' in 24s
2026.09.20 17:19:46 INFO  Disconnecting from Bloop session...
2026.09.20 17:19:46 INFO  Shut down connection with build server.
2026.09.20 17:19:46 INFO  Attempting to connect to the build server...
2026.09.20 17:19:46 INFO  Found a Bloop server running
2026.09.20 17:19:46 INFO  Tracing is disabled for protocol BSP. To enable tracing of incoming and outgoing JSON messages, create an empty file at C:\CARMOVO_PROY\CARMOVO\backend\.metals\bsp.trace.json or C:\Users\hp\AppData\Local\scalameta\metals\cache\bsp.trace.json
2026.09.20 17:19:46 INFO  time: Connected to build server in 0.26s
2026.09.20 17:19:46 INFO  Connected to Build server: Bloop v2.1.2
2026.09.20 17:19:47 INFO  time: Imported build in 0.12s
2026.09.20 17:20:03 INFO  time: indexed workspace in 16s
2026.09.20 17:20:03 INFO  compiling backend (9 java sources)
2026.09.20 17:20:05 WARN  Unexpected javac output: WARNING: A terminally deprecated method in sun.misc.Unsafe has been called
WARNING: sun.misc.Unsafe::arrayBaseOffset has been called by com.sourcegraph.shaded.com.google.protobuf.UnsafeUtil$MemoryAccessor (file:/C:/Users/hp/AppData/Local/bloop/cache/semanticdb/com.sourcegraph.semanticdb-javac.0.12.3/semanticdb-javac-0.12.3.jar)
WARNING: Please consider reporting this to the maintainers of class com.sourcegraph.shaded.com.google.protobuf.UnsafeUtil$MemoryAccessor
WARNING: sun.misc.Unsafe::arrayBaseOffset will be removed in a future release.
2026.09.20 17:20:05 INFO  time: compiled backend in 2.53s
set. 20, 2026 5:21:20 P. M. org.eclipse.lsp4j.jsonrpc.RemoteEndpoint handleCancellation
WARNING: Unmatched cancel notification for request id 66
2026.09.20 17:21:21 INFO  compiling backend (9 java sources)
set. 20, 2026 5:21:21 P. M. org.eclipse.lsp4j.jsonrpc.RemoteEndpoint handleCancellation
WARNING: Unmatched cancel notification for request id 76
2026.09.20 17:21:25 WARN  javac exited with exit code 1
2026.09.20 17:21:25 INFO  time: compiled backend in 3.42s
2026.09.20 17:21:25 INFO  compiling backend (9 java sources)
set. 20, 2026 5:21:26 P. M. org.eclipse.lsp4j.jsonrpc.RemoteEndpoint handleCancellation
WARNING: Unmatched cancel notification for request id 88
2026.09.20 17:21:28 WARN  javac exited with exit code 1
2026.09.20 17:21:28 INFO  time: compiled backend in 2.83s
2026.09.20 17:21:49 INFO  compiling backend (10 java sources)
set. 20, 2026 5:21:57 P. M. org.eclipse.lsp4j.jsonrpc.RemoteEndpoint handleCancellation
WARNING: Unmatched cancel notification for request id 105
2026.09.20 17:21:57 WARN  javac exited with exit code 1
2026.09.20 17:21:57 INFO  time: compiled backend in 7.91s
2026.09.20 17:21:58 INFO  compiling backend (10 java sources)
2026.09.20 17:22:05 WARN  javac exited with exit code 1
2026.09.20 17:22:05 INFO  time: compiled backend in 6.33s
set. 20, 2026 5:22:22 P. M. scala.meta.internal.mtags.SymbolIndexBucket addMtagsSourceFile
WARNING: Error indexing C:\CARMOVO_PROY\CARMOVO\backend\src\main\java\com\carmovo\modulos\vehiculos\VehiculoControlador.java
java.nio.file.NoSuchFileException: C:\CARMOVO_PROY\CARMOVO\backend\src\main\java\com\carmovo\modulos\vehiculos\VehiculoControlador.java
	at java.base/sun.nio.fs.WindowsException.translateToIOException(WindowsException.java:85)
	at java.base/sun.nio.fs.WindowsException.rethrowAsIOException(WindowsException.java:103)
	at java.base/sun.nio.fs.WindowsException.rethrowAsIOException(WindowsException.java:108)
	at java.base/sun.nio.fs.WindowsFileSystemProvider.newByteChannel(WindowsFileSystemProvider.java:231)
	at java.base/java.nio.file.Files.newByteChannel(Files.java:357)
	at java.base/java.nio.file.Files.newByteChannel(Files.java:399)
	at java.base/java.nio.file.Files.readAllBytes(Files.java:2973)
	at scala.meta.internal.io.PlatformFileIO$.slurp(PlatformFileIO.scala:38)
	at scala.meta.internal.io.FileIO$.slurp(FileIO.scala:18)
	at scala.meta.internal.mtags.ScalametaCommonEnrichments$XtensionAbsolutePath.toInput(ScalametaCommonEnrichments.scala:512)
	at scala.meta.internal.mtags.Mtags.index(Mtags.scala:101)
	at scala.meta.internal.mtags.Mtags.allSymbols(Mtags.scala:21)
	at scala.meta.internal.mtags.SymbolIndexBucket.allSymbols(SymbolIndexBucket.scala:293)
	at scala.meta.internal.mtags.SymbolIndexBucket.addMtagsSourceFile(SymbolIndexBucket.scala:304)
	at scala.meta.internal.mtags.SymbolIndexBucket.$anonfun$query0$1(SymbolIndexBucket.scala:220)
	at scala.meta.internal.mtags.SymbolIndexBucket.$anonfun$query0$1$adapted(SymbolIndexBucket.scala:220)
	at scala.collection.immutable.Set$Set2.foreach(Set.scala:210)
	at scala.meta.internal.mtags.SymbolIndexBucket.query0(SymbolIndexBucket.scala:220)
	at scala.meta.internal.mtags.SymbolIndexBucket.query(SymbolIndexBucket.scala:193)
	at scala.meta.internal.mtags.OnDemandSymbolIndex.$anonfun$findSymbolDefinition$1(OnDemandSymbolIndex.scala:143)
	at scala.collection.immutable.List.flatMap(List.scala:283)
	at scala.meta.internal.mtags.OnDemandSymbolIndex.findSymbolDefinition(OnDemandSymbolIndex.scala:143)
	at scala.meta.internal.mtags.OnDemandSymbolIndex.definition(OnDemandSymbolIndex.scala:48)
	at scala.meta.internal.metals.Docstrings.indexSymbol(Docstrings.scala:138)
	at scala.meta.internal.metals.Docstrings.documentation(Docstrings.scala:49)
	at scala.meta.internal.metals.MetalsSymbolSearch.documentation(MetalsSymbolSearch.scala:47)
	at scala.meta.internal.pc.JavaMetalsGlobal.documentation(JavaMetalsGlobal.scala:187)
	at scala.meta.internal.pc.JavaHoverProvider.$anonfun$hoverOffset$1(JavaHoverProvider.scala:67)
	at scala.Option.map(Option.scala:242)
	at scala.meta.internal.pc.JavaHoverProvider.hoverOffset(JavaHoverProvider.scala:57)
	at scala.meta.internal.pc.JavaHoverProvider.hover(JavaHoverProvider.scala:37)
	at scala.meta.internal.pc.JavaPresentationCompiler.hover(JavaPresentationCompiler.scala:80)
	at scala.meta.internal.metals.Compilers.$anonfun$hover$1(Compilers.scala:1134)
	at scala.meta.internal.metals.Compilers.$anonfun$withPCAndAdjustLsp$12(Compilers.scala:1628)
	at scala.Option.map(Option.scala:242)
	at scala.meta.internal.metals.Compilers.$anonfun$withPCAndAdjustLsp$10(Compilers.scala:1628)
	at scala.Option.flatMap(Option.scala:283)
	at scala.meta.internal.metals.Compilers.withPCAndAdjustLsp(Compilers.scala:1610)
	at scala.meta.internal.metals.Compilers.hover(Compilers.scala:1129)
	at scala.meta.internal.metals.MetalsLspService.$anonfun$hover$1(MetalsLspService.scala:996)
	at scala.meta.internal.metals.CancelTokens$.future(CancelTokens.scala:38)
	at scala.meta.internal.metals.MetalsLspService.hover(MetalsLspService.scala:994)
	at scala.meta.internal.metals.WorkspaceLspService.hover(WorkspaceLspService.scala:526)
	at scala.meta.metals.lsp.DelegatingScalaService.hover(DelegatingScalaService.scala:78)
	at java.base/jdk.internal.reflect.DirectMethodHandleAccessor.invoke(DirectMethodHandleAccessor.java:104)
	at java.base/java.lang.reflect.Method.invoke(Method.java:565)
	at org.eclipse.lsp4j.jsonrpc.services.GenericEndpoint.lambda$recursiveFindRpcMethods$0(GenericEndpoint.java:65)
	at org.eclipse.lsp4j.jsonrpc.services.GenericEndpoint.request(GenericEndpoint.java:128)
	at org.eclipse.lsp4j.jsonrpc.RemoteEndpoint.handleRequest(RemoteEndpoint.java:265)
	at org.eclipse.lsp4j.jsonrpc.RemoteEndpoint.consume(RemoteEndpoint.java:195)
	at org.eclipse.lsp4j.jsonrpc.json.StreamMessageProducer.handleMessage(StreamMessageProducer.java:189)
	at org.eclipse.lsp4j.jsonrpc.json.StreamMessageProducer.listen(StreamMessageProducer.java:97)
	at org.eclipse.lsp4j.jsonrpc.json.ConcurrentMessageProcessor.run(ConcurrentMessageProcessor.java:97)
	at java.base/java.util.concurrent.Executors$RunnableAdapter.call(Executors.java:545)
	at java.base/java.util.concurrent.FutureTask.run(FutureTask.java:328)
	at java.base/java.util.concurrent.ThreadPoolExecutor.runWorker(ThreadPoolExecutor.java:1090)
	at java.base/java.util.concurrent.ThreadPoolExecutor$Worker.run(ThreadPoolExecutor.java:614)
	at java.base/java.lang.Thread.run(Thread.java:1474)

set. 20, 2026 5:22:22 P. M. scala.meta.internal.mtags.SymbolIndexBucket addMtagsSourceFile
WARNING: Error indexing C:\CARMOVO_PROY\CARMOVO\backend\src\main\java\com\carmovo\modulos\vehiculos\VehiculoControlador.java
java.nio.file.NoSuchFileException: C:\CARMOVO_PROY\CARMOVO\backend\src\main\java\com\carmovo\modulos\vehiculos\VehiculoControlador.java
	at java.base/sun.nio.fs.WindowsException.translateToIOException(WindowsException.java:85)
	at java.base/sun.nio.fs.WindowsException.rethrowAsIOException(WindowsException.java:103)
	at java.base/sun.nio.fs.WindowsException.rethrowAsIOException(WindowsException.java:108)
	at java.base/sun.nio.fs.WindowsFileSystemProvider.newByteChannel(WindowsFileSystemProvider.java:231)
	at java.base/java.nio.file.Files.newByteChannel(Files.java:357)
	at java.base/java.nio.file.Files.newByteChannel(Files.java:399)
	at java.base/java.nio.file.Files.readAllBytes(Files.java:2973)
	at scala.meta.internal.io.PlatformFileIO$.slurp(PlatformFileIO.scala:38)
	at scala.meta.internal.io.FileIO$.slurp(FileIO.scala:18)
	at scala.meta.internal.mtags.ScalametaCommonEnrichments$XtensionAbsolutePath.toInput(ScalametaCommonEnrichments.scala:512)
	at scala.meta.internal.mtags.Mtags.index(Mtags.scala:101)
	at scala.meta.internal.mtags.Mtags.allSymbols(Mtags.scala:21)
	at scala.meta.internal.mtags.SymbolIndexBucket.allSymbols(SymbolIndexBucket.scala:293)
	at scala.meta.internal.mtags.SymbolIndexBucket.addMtagsSourceFile(SymbolIndexBucket.scala:304)
	at scala.meta.internal.mtags.SymbolIndexBucket.addMtagsSourceFile(SymbolIndexBucket.scala:315)
	at scala.meta.internal.mtags.SymbolIndexBucket.$anonfun$query0$1(SymbolIndexBucket.scala:220)
	at scala.meta.internal.mtags.SymbolIndexBucket.$anonfun$query0$1$adapted(SymbolIndexBucket.scala:220)
	at scala.collection.immutable.Set$Set2.foreach(Set.scala:210)
	at scala.meta.internal.mtags.SymbolIndexBucket.query0(SymbolIndexBucket.scala:220)
	at scala.meta.internal.mtags.SymbolIndexBucket.query(SymbolIndexBucket.scala:193)
	at scala.meta.internal.mtags.OnDemandSymbolIndex.$anonfun$findSymbolDefinition$1(OnDemandSymbolIndex.scala:143)
	at scala.collection.immutable.List.flatMap(List.scala:283)
	at scala.meta.internal.mtags.OnDemandSymbolIndex.findSymbolDefinition(OnDemandSymbolIndex.scala:143)
	at scala.meta.internal.mtags.OnDemandSymbolIndex.definition(OnDemandSymbolIndex.scala:48)
	at scala.meta.internal.metals.Docstrings.indexSymbol(Docstrings.scala:138)
	at scala.meta.internal.metals.Docstrings.documentation(Docstrings.scala:49)
	at scala.meta.internal.metals.MetalsSymbolSearch.documentation(MetalsSymbolSearch.scala:47)
	at scala.meta.internal.pc.JavaMetalsGlobal.documentation(JavaMetalsGlobal.scala:187)
	at scala.meta.internal.pc.JavaHoverProvider.$anonfun$hoverOffset$1(JavaHoverProvider.scala:67)
	at scala.Option.map(Option.scala:242)
	at scala.meta.internal.pc.JavaHoverProvider.hoverOffset(JavaHoverProvider.scala:57)
	at scala.meta.internal.pc.JavaHoverProvider.hover(JavaHoverProvider.scala:37)
	at scala.meta.internal.pc.JavaPresentationCompiler.hover(JavaPresentationCompiler.scala:80)
	at scala.meta.internal.metals.Compilers.$anonfun$hover$1(Compilers.scala:1134)
	at scala.meta.internal.metals.Compilers.$anonfun$withPCAndAdjustLsp$12(Compilers.scala:1628)
	at scala.Option.map(Option.scala:242)
	at scala.meta.internal.metals.Compilers.$anonfun$withPCAndAdjustLsp$10(Compilers.scala:1628)
	at scala.Option.flatMap(Option.scala:283)
	at scala.meta.internal.metals.Compilers.withPCAndAdjustLsp(Compilers.scala:1610)
	at scala.meta.internal.metals.Compilers.hover(Compilers.scala:1129)
	at scala.meta.internal.metals.MetalsLspService.$anonfun$hover$1(MetalsLspService.scala:996)
	at scala.meta.internal.metals.CancelTokens$.future(CancelTokens.scala:38)
	at scala.meta.internal.metals.MetalsLspService.hover(MetalsLspService.scala:994)
	at scala.meta.internal.metals.WorkspaceLspService.hover(WorkspaceLspService.scala:526)
	at scala.meta.metals.lsp.DelegatingScalaService.hover(DelegatingScalaService.scala:78)
	at java.base/jdk.internal.reflect.DirectMethodHandleAccessor.invoke(DirectMethodHandleAccessor.java:104)
	at java.base/java.lang.reflect.Method.invoke(Method.java:565)
	at org.eclipse.lsp4j.jsonrpc.services.GenericEndpoint.lambda$recursiveFindRpcMethods$0(GenericEndpoint.java:65)
	at org.eclipse.lsp4j.jsonrpc.services.GenericEndpoint.request(GenericEndpoint.java:128)
	at org.eclipse.lsp4j.jsonrpc.RemoteEndpoint.handleRequest(RemoteEndpoint.java:265)
	at org.eclipse.lsp4j.jsonrpc.RemoteEndpoint.consume(RemoteEndpoint.java:195)
	at org.eclipse.lsp4j.jsonrpc.json.StreamMessageProducer.handleMessage(StreamMessageProducer.java:189)
	at org.eclipse.lsp4j.jsonrpc.json.StreamMessageProducer.listen(StreamMessageProducer.java:97)
	at org.eclipse.lsp4j.jsonrpc.json.ConcurrentMessageProcessor.run(ConcurrentMessageProcessor.java:97)
	at java.base/java.util.concurrent.Executors$RunnableAdapter.call(Executors.java:545)
	at java.base/java.util.concurrent.FutureTask.run(FutureTask.java:328)
	at java.base/java.util.concurrent.ThreadPoolExecutor.runWorker(ThreadPoolExecutor.java:1090)
	at java.base/java.util.concurrent.ThreadPoolExecutor$Worker.run(ThreadPoolExecutor.java:614)
	at java.base/java.lang.Thread.run(Thread.java:1474)

set. 20, 2026 5:22:22 P. M. scala.meta.internal.mtags.SymbolIndexBucket addMtagsSourceFile
WARNING: Error indexing C:\CARMOVO_PROY\CARMOVO\backend\src\main\java\com\carmovo\modulos\vehiculos\VehiculoControlador.java
java.nio.file.NoSuchFileException: C:\CARMOVO_PROY\CARMOVO\backend\src\main\java\com\carmovo\modulos\vehiculos\VehiculoControlador.java
	at java.base/sun.nio.fs.WindowsException.translateToIOException(WindowsException.java:85)
	at java.base/sun.nio.fs.WindowsException.rethrowAsIOException(WindowsException.java:103)
	at java.base/sun.nio.fs.WindowsException.rethrowAsIOException(WindowsException.java:108)
	at java.base/sun.nio.fs.WindowsFileSystemProvider.newByteChannel(WindowsFileSystemProvider.java:231)
	at java.base/java.nio.file.Files.newByteChannel(Files.java:357)
	at java.base/java.nio.file.Files.newByteChannel(Files.java:399)
	at java.base/java.nio.file.Files.readAllBytes(Files.java:2973)
	at scala.meta.internal.io.PlatformFileIO$.slurp(PlatformFileIO.scala:38)
	at scala.meta.internal.io.FileIO$.slurp(FileIO.scala:18)
	at scala.meta.internal.mtags.ScalametaCommonEnrichments$XtensionAbsolutePath.toInput(ScalametaCommonEnrichments.scala:512)
	at scala.meta.internal.mtags.Mtags.index(Mtags.scala:101)
	at scala.meta.internal.mtags.Mtags.allSymbols(Mtags.scala:21)
	at scala.meta.internal.mtags.SymbolIndexBucket.allSymbols(SymbolIndexBucket.scala:293)
	at scala.meta.internal.mtags.SymbolIndexBucket.addMtagsSourceFile(SymbolIndexBucket.scala:304)
	at scala.meta.internal.mtags.SymbolIndexBucket.$anonfun$query0$1(SymbolIndexBucket.scala:220)
	at scala.meta.internal.mtags.SymbolIndexBucket.$anonfun$query0$1$adapted(SymbolIndexBucket.scala:220)
	at scala.collection.immutable.Set$Set2.foreach(Set.scala:210)
	at scala.meta.internal.mtags.SymbolIndexBucket.query0(SymbolIndexBucket.scala:220)
	at scala.meta.internal.mtags.SymbolIndexBucket.$anonfun$query0$8(SymbolIndexBucket.scala:242)
	at scala.collection.immutable.List.flatMap(List.scala:283)
	at scala.meta.internal.mtags.SymbolIndexBucket.query0(SymbolIndexBucket.scala:242)
	at scala.meta.internal.mtags.SymbolIndexBucket.query(SymbolIndexBucket.scala:193)
	at scala.meta.internal.mtags.OnDemandSymbolIndex.$anonfun$findSymbolDefinition$1(OnDemandSymbolIndex.scala:143)
	at scala.collection.immutable.List.flatMap(List.scala:283)
	at scala.meta.internal.mtags.OnDemandSymbolIndex.findSymbolDefinition(OnDemandSymbolIndex.scala:143)
	at scala.meta.internal.mtags.OnDemandSymbolIndex.definition(OnDemandSymbolIndex.scala:48)
	at scala.meta.internal.metals.Docstrings.indexSymbol(Docstrings.scala:138)
	at scala.meta.internal.metals.Docstrings.documentation(Docstrings.scala:49)
	at scala.meta.internal.metals.MetalsSymbolSearch.documentation(MetalsSymbolSearch.scala:47)
	at scala.meta.internal.pc.JavaMetalsGlobal.documentation(JavaMetalsGlobal.scala:187)
	at scala.meta.internal.pc.JavaHoverProvider.$anonfun$hoverOffset$1(JavaHoverProvider.scala:67)
	at scala.Option.map(Option.scala:242)
	at scala.meta.internal.pc.JavaHoverProvider.hoverOffset(JavaHoverProvider.scala:57)
	at scala.meta.internal.pc.JavaHoverProvider.hover(JavaHoverProvider.scala:37)
	at scala.meta.internal.pc.JavaPresentationCompiler.hover(JavaPresentationCompiler.scala:80)
	at scala.meta.internal.metals.Compilers.$anonfun$hover$1(Compilers.scala:1134)
	at scala.meta.internal.metals.Compilers.$anonfun$withPCAndAdjustLsp$12(Compilers.scala:1628)
	at scala.Option.map(Option.scala:242)
	at scala.meta.internal.metals.Compilers.$anonfun$withPCAndAdjustLsp$10(Compilers.scala:1628)
	at scala.Option.flatMap(Option.scala:283)
	at scala.meta.internal.metals.Compilers.withPCAndAdjustLsp(Compilers.scala:1610)
	at scala.meta.internal.metals.Compilers.hover(Compilers.scala:1129)
	at scala.meta.internal.metals.MetalsLspService.$anonfun$hover$1(MetalsLspService.scala:996)
	at scala.meta.internal.metals.CancelTokens$.future(CancelTokens.scala:38)
	at scala.meta.internal.metals.MetalsLspService.hover(MetalsLspService.scala:994)
	at scala.meta.internal.metals.WorkspaceLspService.hover(WorkspaceLspService.scala:526)
	at scala.meta.metals.lsp.DelegatingScalaService.hover(DelegatingScalaService.scala:78)
	at java.base/jdk.internal.reflect.DirectMethodHandleAccessor.invoke(DirectMethodHandleAccessor.java:104)
	at java.base/java.lang.reflect.Method.invoke(Method.java:565)
	at org.eclipse.lsp4j.jsonrpc.services.GenericEndpoint.lambda$recursiveFindRpcMethods$0(GenericEndpoint.java:65)
	at org.eclipse.lsp4j.jsonrpc.services.GenericEndpoint.request(GenericEndpoint.java:128)
	at org.eclipse.lsp4j.jsonrpc.RemoteEndpoint.handleRequest(RemoteEndpoint.java:265)
	at org.eclipse.lsp4j.jsonrpc.RemoteEndpoint.consume(RemoteEndpoint.java:195)
	at org.eclipse.lsp4j.jsonrpc.json.StreamMessageProducer.handleMessage(StreamMessageProducer.java:189)
	at org.eclipse.lsp4j.jsonrpc.json.StreamMessageProducer.listen(StreamMessageProducer.java:97)
	at org.eclipse.lsp4j.jsonrpc.json.ConcurrentMessageProcessor.run(ConcurrentMessageProcessor.java:97)
	at java.base/java.util.concurrent.Executors$RunnableAdapter.call(Executors.java:545)
	at java.base/java.util.concurrent.FutureTask.run(FutureTask.java:328)
	at java.base/java.util.concurrent.ThreadPoolExecutor.runWorker(ThreadPoolExecutor.java:1090)
	at java.base/java.util.concurrent.ThreadPoolExecutor$Worker.run(ThreadPoolExecutor.java:614)
	at java.base/java.lang.Thread.run(Thread.java:1474)

set. 20, 2026 5:22:22 P. M. scala.meta.internal.mtags.SymbolIndexBucket addMtagsSourceFile
WARNING: Error indexing C:\CARMOVO_PROY\CARMOVO\backend\src\main\java\com\carmovo\modulos\vehiculos\VehiculoControlador.java
java.nio.file.NoSuchFileException: C:\CARMOVO_PROY\CARMOVO\backend\src\main\java\com\carmovo\modulos\vehiculos\VehiculoControlador.java
	at java.base/sun.nio.fs.WindowsException.translateToIOException(WindowsException.java:85)
	at java.base/sun.nio.fs.WindowsException.rethrowAsIOException(WindowsException.java:103)
	at java.base/sun.nio.fs.WindowsException.rethrowAsIOException(WindowsException.java:108)
	at java.base/sun.nio.fs.WindowsFileSystemProvider.newByteChannel(WindowsFileSystemProvider.java:231)
	at java.base/java.nio.file.Files.newByteChannel(Files.java:357)
	at java.base/java.nio.file.Files.newByteChannel(Files.java:399)
	at java.base/java.nio.file.Files.readAllBytes(Files.java:2973)
	at scala.meta.internal.io.PlatformFileIO$.slurp(PlatformFileIO.scala:38)
	at scala.meta.internal.io.FileIO$.slurp(FileIO.scala:18)
	at scala.meta.internal.mtags.ScalametaCommonEnrichments$XtensionAbsolutePath.toInput(ScalametaCommonEnrichments.scala:512)
	at scala.meta.internal.mtags.Mtags.index(Mtags.scala:101)
	at scala.meta.internal.mtags.Mtags.allSymbols(Mtags.scala:21)
	at scala.meta.internal.mtags.SymbolIndexBucket.allSymbols(SymbolIndexBucket.scala:293)
	at scala.meta.internal.mtags.SymbolIndexBucket.addMtagsSourceFile(SymbolIndexBucket.scala:304)
	at scala.meta.internal.mtags.SymbolIndexBucket.addMtagsSourceFile(SymbolIndexBucket.scala:315)
	at scala.meta.internal.mtags.SymbolIndexBucket.$anonfun$query0$1(SymbolIndexBucket.scala:220)
	at scala.meta.internal.mtags.SymbolIndexBucket.$anonfun$query0$1$adapted(SymbolIndexBucket.scala:220)
	at scala.collection.immutable.Set$Set2.foreach(Set.scala:210)
	at scala.meta.internal.mtags.SymbolIndexBucket.query0(SymbolIndexBucket.scala:220)
	at scala.meta.internal.mtags.SymbolIndexBucket.$anonfun$query0$8(SymbolIndexBucket.scala:242)
	at scala.collection.immutable.List.flatMap(List.scala:283)
	at scala.meta.internal.mtags.SymbolIndexBucket.query0(SymbolIndexBucket.scala:242)
	at scala.meta.internal.mtags.SymbolIndexBucket.query(SymbolIndexBucket.scala:193)
	at scala.meta.internal.mtags.OnDemandSymbolIndex.$anonfun$findSymbolDefinition$1(OnDemandSymbolIndex.scala:143)
	at scala.collection.immutable.List.flatMap(List.scala:283)
	at scala.meta.internal.mtags.OnDemandSymbolIndex.findSymbolDefinition(OnDemandSymbolIndex.scala:143)
	at scala.meta.internal.mtags.OnDemandSymbolIndex.definition(OnDemandSymbolIndex.scala:48)
	at scala.meta.internal.metals.Docstrings.indexSymbol(Docstrings.scala:138)
	at scala.meta.internal.metals.Docstrings.documentation(Docstrings.scala:49)
	at scala.meta.internal.metals.MetalsSymbolSearch.documentation(MetalsSymbolSearch.scala:47)
	at scala.meta.internal.pc.JavaMetalsGlobal.documentation(JavaMetalsGlobal.scala:187)
	at scala.meta.internal.pc.JavaHoverProvider.$anonfun$hoverOffset$1(JavaHoverProvider.scala:67)
	at scala.Option.map(Option.scala:242)
	at scala.meta.internal.pc.JavaHoverProvider.hoverOffset(JavaHoverProvider.scala:57)
	at scala.meta.internal.pc.JavaHoverProvider.hover(JavaHoverProvider.scala:37)
	at scala.meta.internal.pc.JavaPresentationCompiler.hover(JavaPresentationCompiler.scala:80)
	at scala.meta.internal.metals.Compilers.$anonfun$hover$1(Compilers.scala:1134)
	at scala.meta.internal.metals.Compilers.$anonfun$withPCAndAdjustLsp$12(Compilers.scala:1628)
	at scala.Option.map(Option.scala:242)
	at scala.meta.internal.metals.Compilers.$anonfun$withPCAndAdjustLsp$10(Compilers.scala:1628)
	at scala.Option.flatMap(Option.scala:283)
	at scala.meta.internal.metals.Compilers.withPCAndAdjustLsp(Compilers.scala:1610)
	at scala.meta.internal.metals.Compilers.hover(Compilers.scala:1129)
	at scala.meta.internal.metals.MetalsLspService.$anonfun$hover$1(MetalsLspService.scala:996)
	at scala.meta.internal.metals.CancelTokens$.future(CancelTokens.scala:38)
	at scala.meta.internal.metals.MetalsLspService.hover(MetalsLspService.scala:994)
	at scala.meta.internal.metals.WorkspaceLspService.hover(WorkspaceLspService.scala:526)
	at scala.meta.metals.lsp.DelegatingScalaService.hover(DelegatingScalaService.scala:78)
	at java.base/jdk.internal.reflect.DirectMethodHandleAccessor.invoke(DirectMethodHandleAccessor.java:104)
	at java.base/java.lang.reflect.Method.invoke(Method.java:565)
	at org.eclipse.lsp4j.jsonrpc.services.GenericEndpoint.lambda$recursiveFindRpcMethods$0(GenericEndpoint.java:65)
	at org.eclipse.lsp4j.jsonrpc.services.GenericEndpoint.request(GenericEndpoint.java:128)
	at org.eclipse.lsp4j.jsonrpc.RemoteEndpoint.handleRequest(RemoteEndpoint.java:265)
	at org.eclipse.lsp4j.jsonrpc.RemoteEndpoint.consume(RemoteEndpoint.java:195)
	at org.eclipse.lsp4j.jsonrpc.json.StreamMessageProducer.handleMessage(StreamMessageProducer.java:189)
	at org.eclipse.lsp4j.jsonrpc.json.StreamMessageProducer.listen(StreamMessageProducer.java:97)
	at org.eclipse.lsp4j.jsonrpc.json.ConcurrentMessageProcessor.run(ConcurrentMessageProcessor.java:97)
	at java.base/java.util.concurrent.Executors$RunnableAdapter.call(Executors.java:545)
	at java.base/java.util.concurrent.FutureTask.run(FutureTask.java:328)
	at java.base/java.util.concurrent.ThreadPoolExecutor.runWorker(ThreadPoolExecutor.java:1090)
	at java.base/java.util.concurrent.ThreadPoolExecutor$Worker.run(ThreadPoolExecutor.java:614)
	at java.base/java.lang.Thread.run(Thread.java:1474)

set. 20, 2026 5:22:26 P. M. org.eclipse.lsp4j.jsonrpc.RemoteEndpoint handleCancellation
WARNING: Unmatched cancel notification for request id 161
set. 20, 2026 5:22:29 P. M. org.eclipse.lsp4j.jsonrpc.RemoteEndpoint handleCancellation
WARNING: Unmatched cancel notification for request id 176
2026.09.20 17:22:29 INFO  compiling backend (10 java sources)
2026.09.20 17:22:31 WARN  javac exited with exit code 1
2026.09.20 17:22:31 INFO  time: compiled backend in 1.92s
2026.09.20 17:22:37 INFO  compiling backend (10 java sources)
2026.09.20 17:22:39 WARN  javac exited with exit code 1
2026.09.20 17:22:39 INFO  time: compiled backend in 1.88s
set. 20, 2026 5:22:39 P. M. scala.meta.internal.mtags.SymbolIndexBucket addMtagsSourceFile
WARNING: Error indexing C:\CARMOVO_PROY\CARMOVO\backend\src\main\java\com\carmovo\modulos\vehiculos\VehiculoControlador.java
java.nio.file.NoSuchFileException: C:\CARMOVO_PROY\CARMOVO\backend\src\main\java\com\carmovo\modulos\vehiculos\VehiculoControlador.java
	at java.base/sun.nio.fs.WindowsException.translateToIOException(WindowsException.java:85)
	at java.base/sun.nio.fs.WindowsException.rethrowAsIOException(WindowsException.java:103)
	at java.base/sun.nio.fs.WindowsException.rethrowAsIOException(WindowsException.java:108)
	at java.base/sun.nio.fs.WindowsFileSystemProvider.newByteChannel(WindowsFileSystemProvider.java:231)
	at java.base/java.nio.file.Files.newByteChannel(Files.java:357)
	at java.base/java.nio.file.Files.newByteChannel(Files.java:399)
	at java.base/java.nio.file.Files.readAllBytes(Files.java:2973)
	at scala.meta.internal.io.PlatformFileIO$.slurp(PlatformFileIO.scala:38)
	at scala.meta.internal.io.FileIO$.slurp(FileIO.scala:18)
	at scala.meta.internal.mtags.ScalametaCommonEnrichments$XtensionAbsolutePath.toInput(ScalametaCommonEnrichments.scala:512)
	at scala.meta.internal.mtags.Mtags.index(Mtags.scala:101)
	at scala.meta.internal.mtags.Mtags.allSymbols(Mtags.scala:21)
	at scala.meta.internal.mtags.SymbolIndexBucket.allSymbols(SymbolIndexBucket.scala:293)
	at scala.meta.internal.mtags.SymbolIndexBucket.addMtagsSourceFile(SymbolIndexBucket.scala:304)
	at scala.meta.internal.mtags.SymbolIndexBucket.$anonfun$query0$1(SymbolIndexBucket.scala:220)
	at scala.meta.internal.mtags.SymbolIndexBucket.$anonfun$query0$1$adapted(SymbolIndexBucket.scala:220)
	at scala.collection.immutable.Set$Set2.foreach(Set.scala:210)
	at scala.meta.internal.mtags.SymbolIndexBucket.query0(SymbolIndexBucket.scala:220)
	at scala.meta.internal.mtags.SymbolIndexBucket.query(SymbolIndexBucket.scala:193)
	at scala.meta.internal.mtags.OnDemandSymbolIndex.$anonfun$findSymbolDefinition$1(OnDemandSymbolIndex.scala:143)
	at scala.collection.immutable.List.flatMap(List.scala:283)
	at scala.meta.internal.mtags.OnDemandSymbolIndex.findSymbolDefinition(OnDemandSymbolIndex.scala:143)
	at scala.meta.internal.mtags.OnDemandSymbolIndex.definition(OnDemandSymbolIndex.scala:48)
	at scala.meta.internal.metals.Docstrings.indexSymbol(Docstrings.scala:138)
	at scala.meta.internal.metals.Docstrings.documentation(Docstrings.scala:49)
	at scala.meta.internal.metals.MetalsSymbolSearch.documentation(MetalsSymbolSearch.scala:47)
	at scala.meta.internal.pc.JavaMetalsGlobal.documentation(JavaMetalsGlobal.scala:187)
	at scala.meta.internal.pc.JavaHoverProvider.$anonfun$hoverOffset$1(JavaHoverProvider.scala:67)
	at scala.Option.map(Option.scala:242)
	at scala.meta.internal.pc.JavaHoverProvider.hoverOffset(JavaHoverProvider.scala:57)
	at scala.meta.internal.pc.JavaHoverProvider.hover(JavaHoverProvider.scala:37)
	at scala.meta.internal.pc.JavaPresentationCompiler.hover(JavaPresentationCompiler.scala:80)
	at scala.meta.internal.metals.Compilers.$anonfun$hover$1(Compilers.scala:1134)
	at scala.meta.internal.metals.Compilers.$anonfun$withPCAndAdjustLsp$12(Compilers.scala:1628)
	at scala.Option.map(Option.scala:242)
	at scala.meta.internal.metals.Compilers.$anonfun$withPCAndAdjustLsp$10(Compilers.scala:1628)
	at scala.Option.flatMap(Option.scala:283)
	at scala.meta.internal.metals.Compilers.withPCAndAdjustLsp(Compilers.scala:1610)
	at scala.meta.internal.metals.Compilers.hover(Compilers.scala:1129)
	at scala.meta.internal.metals.MetalsLspService.$anonfun$hover$1(MetalsLspService.scala:996)
	at scala.meta.internal.metals.CancelTokens$.future(CancelTokens.scala:38)
	at scala.meta.internal.metals.MetalsLspService.hover(MetalsLspService.scala:994)
	at scala.meta.internal.metals.WorkspaceLspService.hover(WorkspaceLspService.scala:526)
	at scala.meta.metals.lsp.DelegatingScalaService.hover(DelegatingScalaService.scala:78)
	at java.base/jdk.internal.reflect.DirectMethodHandleAccessor.invoke(DirectMethodHandleAccessor.java:104)
	at java.base/java.lang.reflect.Method.invoke(Method.java:565)
	at org.eclipse.lsp4j.jsonrpc.services.GenericEndpoint.lambda$recursiveFindRpcMethods$0(GenericEndpoint.java:65)
	at org.eclipse.lsp4j.jsonrpc.services.GenericEndpoint.request(GenericEndpoint.java:128)
	at org.eclipse.lsp4j.jsonrpc.RemoteEndpoint.handleRequest(RemoteEndpoint.java:265)
	at org.eclipse.lsp4j.jsonrpc.RemoteEndpoint.consume(RemoteEndpoint.java:195)
	at org.eclipse.lsp4j.jsonrpc.json.StreamMessageProducer.handleMessage(StreamMessageProducer.java:189)
	at org.eclipse.lsp4j.jsonrpc.json.StreamMessageProducer.listen(StreamMessageProducer.java:97)
	at org.eclipse.lsp4j.jsonrpc.json.ConcurrentMessageProcessor.run(ConcurrentMessageProcessor.java:97)
	at java.base/java.util.concurrent.Executors$RunnableAdapter.call(Executors.java:545)
	at java.base/java.util.concurrent.FutureTask.run(FutureTask.java:328)
	at java.base/java.util.concurrent.ThreadPoolExecutor.runWorker(ThreadPoolExecutor.java:1090)
	at java.base/java.util.concurrent.ThreadPoolExecutor$Worker.run(ThreadPoolExecutor.java:614)
	at java.base/java.lang.Thread.run(Thread.java:1474)

set. 20, 2026 5:22:39 P. M. scala.meta.internal.mtags.SymbolIndexBucket addMtagsSourceFile
WARNING: Error indexing C:\CARMOVO_PROY\CARMOVO\backend\src\main\java\com\carmovo\modulos\vehiculos\VehiculoControlador.java
java.nio.file.NoSuchFileException: C:\CARMOVO_PROY\CARMOVO\backend\src\main\java\com\carmovo\modulos\vehiculos\VehiculoControlador.java
	at java.base/sun.nio.fs.WindowsException.translateToIOException(WindowsException.java:85)
	at java.base/sun.nio.fs.WindowsException.rethrowAsIOException(WindowsException.java:103)
	at java.base/sun.nio.fs.WindowsException.rethrowAsIOException(WindowsException.java:108)
	at java.base/sun.nio.fs.WindowsFileSystemProvider.newByteChannel(WindowsFileSystemProvider.java:231)
	at java.base/java.nio.file.Files.newByteChannel(Files.java:357)
	at java.base/java.nio.file.Files.newByteChannel(Files.java:399)
	at java.base/java.nio.file.Files.readAllBytes(Files.java:2973)
	at scala.meta.internal.io.PlatformFileIO$.slurp(PlatformFileIO.scala:38)
	at scala.meta.internal.io.FileIO$.slurp(FileIO.scala:18)
	at scala.meta.internal.mtags.ScalametaCommonEnrichments$XtensionAbsolutePath.toInput(ScalametaCommonEnrichments.scala:512)
	at scala.meta.internal.mtags.Mtags.index(Mtags.scala:101)
	at scala.meta.internal.mtags.Mtags.allSymbols(Mtags.scala:21)
	at scala.meta.internal.mtags.SymbolIndexBucket.allSymbols(SymbolIndexBucket.scala:293)
	at scala.meta.internal.mtags.SymbolIndexBucket.addMtagsSourceFile(SymbolIndexBucket.scala:304)
	at scala.meta.internal.mtags.SymbolIndexBucket.addMtagsSourceFile(SymbolIndexBucket.scala:315)
	at scala.meta.internal.mtags.SymbolIndexBucket.$anonfun$query0$1(SymbolIndexBucket.scala:220)
	at scala.meta.internal.mtags.SymbolIndexBucket.$anonfun$query0$1$adapted(SymbolIndexBucket.scala:220)
	at scala.collection.immutable.Set$Set2.foreach(Set.scala:210)
	at scala.meta.internal.mtags.SymbolIndexBucket.query0(SymbolIndexBucket.scala:220)
	at scala.meta.internal.mtags.SymbolIndexBucket.query(SymbolIndexBucket.scala:193)
	at scala.meta.internal.mtags.OnDemandSymbolIndex.$anonfun$findSymbolDefinition$1(OnDemandSymbolIndex.scala:143)
	at scala.collection.immutable.List.flatMap(List.scala:283)
	at scala.meta.internal.mtags.OnDemandSymbolIndex.findSymbolDefinition(OnDemandSymbolIndex.scala:143)
	at scala.meta.internal.mtags.OnDemandSymbolIndex.definition(OnDemandSymbolIndex.scala:48)
	at scala.meta.internal.metals.Docstrings.indexSymbol(Docstrings.scala:138)
	at scala.meta.internal.metals.Docstrings.documentation(Docstrings.scala:49)
	at scala.meta.internal.metals.MetalsSymbolSearch.documentation(MetalsSymbolSearch.scala:47)
	at scala.meta.internal.pc.JavaMetalsGlobal.documentation(JavaMetalsGlobal.scala:187)
	at scala.meta.internal.pc.JavaHoverProvider.$anonfun$hoverOffset$1(JavaHoverProvider.scala:67)
	at scala.Option.map(Option.scala:242)
	at scala.meta.internal.pc.JavaHoverProvider.hoverOffset(JavaHoverProvider.scala:57)
	at scala.meta.internal.pc.JavaHoverProvider.hover(JavaHoverProvider.scala:37)
	at scala.meta.internal.pc.JavaPresentationCompiler.hover(JavaPresentationCompiler.scala:80)
	at scala.meta.internal.metals.Compilers.$anonfun$hover$1(Compilers.scala:1134)
	at scala.meta.internal.metals.Compilers.$anonfun$withPCAndAdjustLsp$12(Compilers.scala:1628)
	at scala.Option.map(Option.scala:242)
	at scala.meta.internal.metals.Compilers.$anonfun$withPCAndAdjustLsp$10(Compilers.scala:1628)
	at scala.Option.flatMap(Option.scala:283)
	at scala.meta.internal.metals.Compilers.withPCAndAdjustLsp(Compilers.scala:1610)
	at scala.meta.internal.metals.Compilers.hover(Compilers.scala:1129)
	at scala.meta.internal.metals.MetalsLspService.$anonfun$hover$1(MetalsLspService.scala:996)
	at scala.meta.internal.metals.CancelTokens$.future(CancelTokens.scala:38)
	at scala.meta.internal.metals.MetalsLspService.hover(MetalsLspService.scala:994)
	at scala.meta.internal.metals.WorkspaceLspService.hover(WorkspaceLspService.scala:526)
	at scala.meta.metals.lsp.DelegatingScalaService.hover(DelegatingScalaService.scala:78)
	at java.base/jdk.internal.reflect.DirectMethodHandleAccessor.invoke(DirectMethodHandleAccessor.java:104)
	at java.base/java.lang.reflect.Method.invoke(Method.java:565)
	at org.eclipse.lsp4j.jsonrpc.services.GenericEndpoint.lambda$recursiveFindRpcMethods$0(GenericEndpoint.java:65)
	at org.eclipse.lsp4j.jsonrpc.services.GenericEndpoint.request(GenericEndpoint.java:128)
	at org.eclipse.lsp4j.jsonrpc.RemoteEndpoint.handleRequest(RemoteEndpoint.java:265)
	at org.eclipse.lsp4j.jsonrpc.RemoteEndpoint.consume(RemoteEndpoint.java:195)
	at org.eclipse.lsp4j.jsonrpc.json.StreamMessageProducer.handleMessage(StreamMessageProducer.java:189)
	at org.eclipse.lsp4j.jsonrpc.json.StreamMessageProducer.listen(StreamMessageProducer.java:97)
	at org.eclipse.lsp4j.jsonrpc.json.ConcurrentMessageProcessor.run(ConcurrentMessageProcessor.java:97)
	at java.base/java.util.concurrent.Executors$RunnableAdapter.call(Executors.java:545)
	at java.base/java.util.concurrent.FutureTask.run(FutureTask.java:328)
	at java.base/java.util.concurrent.ThreadPoolExecutor.runWorker(ThreadPoolExecutor.java:1090)
	at java.base/java.util.concurrent.ThreadPoolExecutor$Worker.run(ThreadPoolExecutor.java:614)
	at java.base/java.lang.Thread.run(Thread.java:1474)

set. 20, 2026 5:23:10 P. M. org.eclipse.lsp4j.jsonrpc.RemoteEndpoint handleCancellation
WARNING: Unmatched cancel notification for request id 234
2026.09.20 17:23:42 INFO  compiling backend (10 java sources)
2026.09.20 17:23:44 WARN  javac exited with exit code 1
2026.09.20 17:23:44 INFO  time: compiled backend in 1.67s
2026.09.20 17:23:59 INFO  compiling backend (10 java sources)
2026.09.20 17:24:02 WARN  javac exited with exit code 1
2026.09.20 17:24:02 INFO  time: compiled backend in 2.77s
2026.09.20 17:24:02 INFO  compiling backend (10 java sources)
2026.09.20 17:24:03 WARN  javac exited with exit code 1
2026.09.20 17:24:03 INFO  time: compiled backend in 1.44s
2026.09.20 17:25:12 INFO  compiling backend (10 java sources)
set. 20, 2026 5:25:14 P. M. scala.meta.internal.mtags.SymbolIndexBucket addMtagsSourceFile
WARNING: Error indexing C:\CARMOVO_PROY\CARMOVO\backend\src\main\java\com\carmovo\modulos\vehiculos\VehiculoService.java
java.nio.file.NoSuchFileException: C:\CARMOVO_PROY\CARMOVO\backend\src\main\java\com\carmovo\modulos\vehiculos\VehiculoService.java
	at java.base/sun.nio.fs.WindowsException.translateToIOException(WindowsException.java:85)
	at java.base/sun.nio.fs.WindowsException.rethrowAsIOException(WindowsException.java:103)
	at java.base/sun.nio.fs.WindowsException.rethrowAsIOException(WindowsException.java:108)
	at java.base/sun.nio.fs.WindowsFileSystemProvider.newByteChannel(WindowsFileSystemProvider.java:231)
	at java.base/java.nio.file.Files.newByteChannel(Files.java:357)
	at java.base/java.nio.file.Files.newByteChannel(Files.java:399)
	at java.base/java.nio.file.Files.readAllBytes(Files.java:2973)
	at scala.meta.internal.io.PlatformFileIO$.slurp(PlatformFileIO.scala:38)
	at scala.meta.internal.io.FileIO$.slurp(FileIO.scala:18)
	at scala.meta.internal.mtags.ScalametaCommonEnrichments$XtensionAbsolutePath.toInput(ScalametaCommonEnrichments.scala:512)
	at scala.meta.internal.mtags.Mtags.index(Mtags.scala:101)
	at scala.meta.internal.mtags.Mtags.allSymbols(Mtags.scala:21)
	at scala.meta.internal.mtags.SymbolIndexBucket.allSymbols(SymbolIndexBucket.scala:293)
	at scala.meta.internal.mtags.SymbolIndexBucket.addMtagsSourceFile(SymbolIndexBucket.scala:304)
	at scala.meta.internal.mtags.SymbolIndexBucket.$anonfun$query0$1(SymbolIndexBucket.scala:220)
	at scala.meta.internal.mtags.SymbolIndexBucket.$anonfun$query0$1$adapted(SymbolIndexBucket.scala:220)
	at scala.collection.immutable.Set$Set2.foreach(Set.scala:210)
	at scala.meta.internal.mtags.SymbolIndexBucket.query0(SymbolIndexBucket.scala:220)
	at scala.meta.internal.mtags.SymbolIndexBucket.query(SymbolIndexBucket.scala:193)
	at scala.meta.internal.mtags.OnDemandSymbolIndex.$anonfun$findSymbolDefinition$1(OnDemandSymbolIndex.scala:143)
	at scala.collection.immutable.List.flatMap(List.scala:283)
	at scala.meta.internal.mtags.OnDemandSymbolIndex.findSymbolDefinition(OnDemandSymbolIndex.scala:143)
	at scala.meta.internal.mtags.OnDemandSymbolIndex.definition(OnDemandSymbolIndex.scala:48)
	at scala.meta.internal.metals.Docstrings.indexSymbol(Docstrings.scala:138)
	at scala.meta.internal.metals.Docstrings.documentation(Docstrings.scala:49)
	at scala.meta.internal.metals.MetalsSymbolSearch.documentation(MetalsSymbolSearch.scala:47)
	at scala.meta.internal.pc.JavaMetalsGlobal.documentation(JavaMetalsGlobal.scala:187)
	at scala.meta.internal.pc.JavaHoverProvider.$anonfun$hoverOffset$1(JavaHoverProvider.scala:67)
	at scala.Option.map(Option.scala:242)
	at scala.meta.internal.pc.JavaHoverProvider.hoverOffset(JavaHoverProvider.scala:57)
	at scala.meta.internal.pc.JavaHoverProvider.hover(JavaHoverProvider.scala:37)
	at scala.meta.internal.pc.JavaPresentationCompiler.hover(JavaPresentationCompiler.scala:80)
	at scala.meta.internal.metals.Compilers.$anonfun$hover$1(Compilers.scala:1134)
	at scala.meta.internal.metals.Compilers.$anonfun$withPCAndAdjustLsp$12(Compilers.scala:1628)
	at scala.Option.map(Option.scala:242)
	at scala.meta.internal.metals.Compilers.$anonfun$withPCAndAdjustLsp$10(Compilers.scala:1628)
	at scala.Option.flatMap(Option.scala:283)
	at scala.meta.internal.metals.Compilers.withPCAndAdjustLsp(Compilers.scala:1610)
	at scala.meta.internal.metals.Compilers.hover(Compilers.scala:1129)
	at scala.meta.internal.metals.MetalsLspService.$anonfun$hover$1(MetalsLspService.scala:996)
	at scala.meta.internal.metals.CancelTokens$.future(CancelTokens.scala:38)
	at scala.meta.internal.metals.MetalsLspService.hover(MetalsLspService.scala:994)
	at scala.meta.internal.metals.WorkspaceLspService.hover(WorkspaceLspService.scala:526)
	at scala.meta.metals.lsp.DelegatingScalaService.hover(DelegatingScalaService.scala:78)
	at java.base/jdk.internal.reflect.DirectMethodHandleAccessor.invoke(DirectMethodHandleAccessor.java:104)
	at java.base/java.lang.reflect.Method.invoke(Method.java:565)
	at org.eclipse.lsp4j.jsonrpc.services.GenericEndpoint.lambda$recursiveFindRpcMethods$0(GenericEndpoint.java:65)
	at org.eclipse.lsp4j.jsonrpc.services.GenericEndpoint.request(GenericEndpoint.java:128)
	at org.eclipse.lsp4j.jsonrpc.RemoteEndpoint.handleRequest(RemoteEndpoint.java:265)
	at org.eclipse.lsp4j.jsonrpc.RemoteEndpoint.consume(RemoteEndpoint.java:195)
	at org.eclipse.lsp4j.jsonrpc.json.StreamMessageProducer.handleMessage(StreamMessageProducer.java:189)
	at org.eclipse.lsp4j.jsonrpc.json.StreamMessageProducer.listen(StreamMessageProducer.java:97)
	at org.eclipse.lsp4j.jsonrpc.json.ConcurrentMessageProcessor.run(ConcurrentMessageProcessor.java:97)
	at java.base/java.util.concurrent.Executors$RunnableAdapter.call(Executors.java:545)
	at java.base/java.util.concurrent.FutureTask.run(FutureTask.java:328)
	at java.base/java.util.concurrent.ThreadPoolExecutor.runWorker(ThreadPoolExecutor.java:1090)
	at java.base/java.util.concurrent.ThreadPoolExecutor$Worker.run(ThreadPoolExecutor.java:614)
	at java.base/java.lang.Thread.run(Thread.java:1474)

set. 20, 2026 5:25:14 P. M. scala.meta.internal.mtags.SymbolIndexBucket addMtagsSourceFile
WARNING: Error indexing C:\CARMOVO_PROY\CARMOVO\backend\src\main\java\com\carmovo\modulos\vehiculos\VehiculoService.java
java.nio.file.NoSuchFileException: C:\CARMOVO_PROY\CARMOVO\backend\src\main\java\com\carmovo\modulos\vehiculos\VehiculoService.java
	at java.base/sun.nio.fs.WindowsException.translateToIOException(WindowsException.java:85)
	at java.base/sun.nio.fs.WindowsException.rethrowAsIOException(WindowsException.java:103)
	at java.base/sun.nio.fs.WindowsException.rethrowAsIOException(WindowsException.java:108)
	at java.base/sun.nio.fs.WindowsFileSystemProvider.newByteChannel(WindowsFileSystemProvider.java:231)
	at java.base/java.nio.file.Files.newByteChannel(Files.java:357)
	at java.base/java.nio.file.Files.newByteChannel(Files.java:399)
	at java.base/java.nio.file.Files.readAllBytes(Files.java:2973)
	at scala.meta.internal.io.PlatformFileIO$.slurp(PlatformFileIO.scala:38)
	at scala.meta.internal.io.FileIO$.slurp(FileIO.scala:18)
	at scala.meta.internal.mtags.ScalametaCommonEnrichments$XtensionAbsolutePath.toInput(ScalametaCommonEnrichments.scala:512)
	at scala.meta.internal.mtags.Mtags.index(Mtags.scala:101)
	at scala.meta.internal.mtags.Mtags.allSymbols(Mtags.scala:21)
	at scala.meta.internal.mtags.SymbolIndexBucket.allSymbols(SymbolIndexBucket.scala:293)
	at scala.meta.internal.mtags.SymbolIndexBucket.addMtagsSourceFile(SymbolIndexBucket.scala:304)
	at scala.meta.internal.mtags.SymbolIndexBucket.addMtagsSourceFile(SymbolIndexBucket.scala:315)
	at scala.meta.internal.mtags.SymbolIndexBucket.$anonfun$query0$1(SymbolIndexBucket.scala:220)
	at scala.meta.internal.mtags.SymbolIndexBucket.$anonfun$query0$1$adapted(SymbolIndexBucket.scala:220)
	at scala.collection.immutable.Set$Set2.foreach(Set.scala:210)
	at scala.meta.internal.mtags.SymbolIndexBucket.query0(SymbolIndexBucket.scala:220)
	at scala.meta.internal.mtags.SymbolIndexBucket.query(SymbolIndexBucket.scala:193)
	at scala.meta.internal.mtags.OnDemandSymbolIndex.$anonfun$findSymbolDefinition$1(OnDemandSymbolIndex.scala:143)
	at scala.collection.immutable.List.flatMap(List.scala:283)
	at scala.meta.internal.mtags.OnDemandSymbolIndex.findSymbolDefinition(OnDemandSymbolIndex.scala:143)
	at scala.meta.internal.mtags.OnDemandSymbolIndex.definition(OnDemandSymbolIndex.scala:48)
	at scala.meta.internal.metals.Docstrings.indexSymbol(Docstrings.scala:138)
	at scala.meta.internal.metals.Docstrings.documentation(Docstrings.scala:49)
	at scala.meta.internal.metals.MetalsSymbolSearch.documentation(MetalsSymbolSearch.scala:47)
	at scala.meta.internal.pc.JavaMetalsGlobal.documentation(JavaMetalsGlobal.scala:187)
	at scala.meta.internal.pc.JavaHoverProvider.$anonfun$hoverOffset$1(JavaHoverProvider.scala:67)
	at scala.Option.map(Option.scala:242)
	at scala.meta.internal.pc.JavaHoverProvider.hoverOffset(JavaHoverProvider.scala:57)
	at scala.meta.internal.pc.JavaHoverProvider.hover(JavaHoverProvider.scala:37)
	at scala.meta.internal.pc.JavaPresentationCompiler.hover(JavaPresentationCompiler.scala:80)
	at scala.meta.internal.metals.Compilers.$anonfun$hover$1(Compilers.scala:1134)
	at scala.meta.internal.metals.Compilers.$anonfun$withPCAndAdjustLsp$12(Compilers.scala:1628)
	at scala.Option.map(Option.scala:242)
	at scala.meta.internal.metals.Compilers.$anonfun$withPCAndAdjustLsp$10(Compilers.scala:1628)
	at scala.Option.flatMap(Option.scala:283)
	at scala.meta.internal.metals.Compilers.withPCAndAdjustLsp(Compilers.scala:1610)
	at scala.meta.internal.metals.Compilers.hover(Compilers.scala:1129)
	at scala.meta.internal.metals.MetalsLspService.$anonfun$hover$1(MetalsLspService.scala:996)
	at scala.meta.internal.metals.CancelTokens$.future(CancelTokens.scala:38)
	at scala.meta.internal.metals.MetalsLspService.hover(MetalsLspService.scala:994)
	at scala.meta.internal.metals.WorkspaceLspService.hover(WorkspaceLspService.scala:526)
	at scala.meta.metals.lsp.DelegatingScalaService.hover(DelegatingScalaService.scala:78)
	at java.base/jdk.internal.reflect.DirectMethodHandleAccessor.invoke(DirectMethodHandleAccessor.java:104)
	at java.base/java.lang.reflect.Method.invoke(Method.java:565)
	at org.eclipse.lsp4j.jsonrpc.services.GenericEndpoint.lambda$recursiveFindRpcMethods$0(GenericEndpoint.java:65)
	at org.eclipse.lsp4j.jsonrpc.services.GenericEndpoint.request(GenericEndpoint.java:128)
	at org.eclipse.lsp4j.jsonrpc.RemoteEndpoint.handleRequest(RemoteEndpoint.java:265)
	at org.eclipse.lsp4j.jsonrpc.RemoteEndpoint.consume(RemoteEndpoint.java:195)
	at org.eclipse.lsp4j.jsonrpc.json.StreamMessageProducer.handleMessage(StreamMessageProducer.java:189)
	at org.eclipse.lsp4j.jsonrpc.json.StreamMessageProducer.listen(StreamMessageProducer.java:97)
	at org.eclipse.lsp4j.jsonrpc.json.ConcurrentMessageProcessor.run(ConcurrentMessageProcessor.java:97)
	at java.base/java.util.concurrent.Executors$RunnableAdapter.call(Executors.java:545)
	at java.base/java.util.concurrent.FutureTask.run(FutureTask.java:328)
	at java.base/java.util.concurrent.ThreadPoolExecutor.runWorker(ThreadPoolExecutor.java:1090)
	at java.base/java.util.concurrent.ThreadPoolExecutor$Worker.run(ThreadPoolExecutor.java:614)
	at java.base/java.lang.Thread.run(Thread.java:1474)

set. 20, 2026 5:25:14 P. M. scala.meta.internal.mtags.SymbolIndexBucket addMtagsSourceFile
WARNING: Error indexing C:\CARMOVO_PROY\CARMOVO\backend\src\main\java\com\carmovo\modulos\vehiculos\VehiculoService.java
java.nio.file.NoSuchFileException: C:\CARMOVO_PROY\CARMOVO\backend\src\main\java\com\carmovo\modulos\vehiculos\VehiculoService.java
	at java.base/sun.nio.fs.WindowsException.translateToIOException(WindowsException.java:85)
	at java.base/sun.nio.fs.WindowsException.rethrowAsIOException(WindowsException.java:103)
	at java.base/sun.nio.fs.WindowsException.rethrowAsIOException(WindowsException.java:108)
	at java.base/sun.nio.fs.WindowsFileSystemProvider.newByteChannel(WindowsFileSystemProvider.java:231)
	at java.base/java.nio.file.Files.newByteChannel(Files.java:357)
	at java.base/java.nio.file.Files.newByteChannel(Files.java:399)
	at java.base/java.nio.file.Files.readAllBytes(Files.java:2973)
	at scala.meta.internal.io.PlatformFileIO$.slurp(PlatformFileIO.scala:38)
	at scala.meta.internal.io.FileIO$.slurp(FileIO.scala:18)
	at scala.meta.internal.mtags.ScalametaCommonEnrichments$XtensionAbsolutePath.toInput(ScalametaCommonEnrichments.scala:512)
	at scala.meta.internal.mtags.Mtags.index(Mtags.scala:101)
	at scala.meta.internal.mtags.Mtags.allSymbols(Mtags.scala:21)
	at scala.meta.internal.mtags.SymbolIndexBucket.allSymbols(SymbolIndexBucket.scala:293)
	at scala.meta.internal.mtags.SymbolIndexBucket.addMtagsSourceFile(SymbolIndexBucket.scala:304)
	at scala.meta.internal.mtags.SymbolIndexBucket.$anonfun$query0$1(SymbolIndexBucket.scala:220)
	at scala.meta.internal.mtags.SymbolIndexBucket.$anonfun$query0$1$adapted(SymbolIndexBucket.scala:220)
	at scala.collection.immutable.Set$Set2.foreach(Set.scala:210)
	at scala.meta.internal.mtags.SymbolIndexBucket.query0(SymbolIndexBucket.scala:220)
	at scala.meta.internal.mtags.SymbolIndexBucket.$anonfun$query0$8(SymbolIndexBucket.scala:242)
	at scala.collection.immutable.List.flatMap(List.scala:283)
	at scala.meta.internal.mtags.SymbolIndexBucket.query0(SymbolIndexBucket.scala:242)
	at scala.meta.internal.mtags.SymbolIndexBucket.query(SymbolIndexBucket.scala:193)
	at scala.meta.internal.mtags.OnDemandSymbolIndex.$anonfun$findSymbolDefinition$1(OnDemandSymbolIndex.scala:143)
	at scala.collection.immutable.List.flatMap(List.scala:283)
	at scala.meta.internal.mtags.OnDemandSymbolIndex.findSymbolDefinition(OnDemandSymbolIndex.scala:143)
	at scala.meta.internal.mtags.OnDemandSymbolIndex.definition(OnDemandSymbolIndex.scala:48)
	at scala.meta.internal.metals.Docstrings.indexSymbol(Docstrings.scala:138)
	at scala.meta.internal.metals.Docstrings.documentation(Docstrings.scala:49)
	at scala.meta.internal.metals.MetalsSymbolSearch.documentation(MetalsSymbolSearch.scala:47)
	at scala.meta.internal.pc.JavaMetalsGlobal.documentation(JavaMetalsGlobal.scala:187)
	at scala.meta.internal.pc.JavaHoverProvider.$anonfun$hoverOffset$1(JavaHoverProvider.scala:67)
	at scala.Option.map(Option.scala:242)
	at scala.meta.internal.pc.JavaHoverProvider.hoverOffset(JavaHoverProvider.scala:57)
	at scala.meta.internal.pc.JavaHoverProvider.hover(JavaHoverProvider.scala:37)
	at scala.meta.internal.pc.JavaPresentationCompiler.hover(JavaPresentationCompiler.scala:80)
	at scala.meta.internal.metals.Compilers.$anonfun$hover$1(Compilers.scala:1134)
	at scala.meta.internal.metals.Compilers.$anonfun$withPCAndAdjustLsp$12(Compilers.scala:1628)
	at scala.Option.map(Option.scala:242)
	at scala.meta.internal.metals.Compilers.$anonfun$withPCAndAdjustLsp$10(Compilers.scala:1628)
	at scala.Option.flatMap(Option.scala:283)
	at scala.meta.internal.metals.Compilers.withPCAndAdjustLsp(Compilers.scala:1610)
	at scala.meta.internal.metals.Compilers.hover(Compilers.scala:1129)
	at scala.meta.internal.metals.MetalsLspService.$anonfun$hover$1(MetalsLspService.scala:996)
	at scala.meta.internal.metals.CancelTokens$.future(CancelTokens.scala:38)
	at scala.meta.internal.metals.MetalsLspService.hover(MetalsLspService.scala:994)
	at scala.meta.internal.metals.WorkspaceLspService.hover(WorkspaceLspService.scala:526)
	at scala.meta.metals.lsp.DelegatingScalaService.hover(DelegatingScalaService.scala:78)
	at java.base/jdk.internal.reflect.DirectMethodHandleAccessor.invoke(DirectMethodHandleAccessor.java:104)
	at java.base/java.lang.reflect.Method.invoke(Method.java:565)
	at org.eclipse.lsp4j.jsonrpc.services.GenericEndpoint.lambda$recursiveFindRpcMethods$0(GenericEndpoint.java:65)
	at org.eclipse.lsp4j.jsonrpc.services.GenericEndpoint.request(GenericEndpoint.java:128)
	at org.eclipse.lsp4j.jsonrpc.RemoteEndpoint.handleRequest(RemoteEndpoint.java:265)
	at org.eclipse.lsp4j.jsonrpc.RemoteEndpoint.consume(RemoteEndpoint.java:195)
	at org.eclipse.lsp4j.jsonrpc.json.StreamMessageProducer.handleMessage(StreamMessageProducer.java:189)
	at org.eclipse.lsp4j.jsonrpc.json.StreamMessageProducer.listen(StreamMessageProducer.java:97)
	at org.eclipse.lsp4j.jsonrpc.json.ConcurrentMessageProcessor.run(ConcurrentMessageProcessor.java:97)
	at java.base/java.util.concurrent.Executors$RunnableAdapter.call(Executors.java:545)
	at java.base/java.util.concurrent.FutureTask.run(FutureTask.java:328)
	at java.base/java.util.concurrent.ThreadPoolExecutor.runWorker(ThreadPoolExecutor.java:1090)
	at java.base/java.util.concurrent.ThreadPoolExecutor$Worker.run(ThreadPoolExecutor.java:614)
	at java.base/java.lang.Thread.run(Thread.java:1474)

set. 20, 2026 5:25:14 P. M. scala.meta.internal.mtags.SymbolIndexBucket addMtagsSourceFile
WARNING: Error indexing C:\CARMOVO_PROY\CARMOVO\backend\src\main\java\com\carmovo\modulos\vehiculos\VehiculoService.java
java.nio.file.NoSuchFileException: C:\CARMOVO_PROY\CARMOVO\backend\src\main\java\com\carmovo\modulos\vehiculos\VehiculoService.java
	at java.base/sun.nio.fs.WindowsException.translateToIOException(WindowsException.java:85)
	at java.base/sun.nio.fs.WindowsException.rethrowAsIOException(WindowsException.java:103)
	at java.base/sun.nio.fs.WindowsException.rethrowAsIOException(WindowsException.java:108)
	at java.base/sun.nio.fs.WindowsFileSystemProvider.newByteChannel(WindowsFileSystemProvider.java:231)
	at java.base/java.nio.file.Files.newByteChannel(Files.java:357)
	at java.base/java.nio.file.Files.newByteChannel(Files.java:399)
	at java.base/java.nio.file.Files.readAllBytes(Files.java:2973)
	at scala.meta.internal.io.PlatformFileIO$.slurp(PlatformFileIO.scala:38)
	at scala.meta.internal.io.FileIO$.slurp(FileIO.scala:18)
	at scala.meta.internal.mtags.ScalametaCommonEnrichments$XtensionAbsolutePath.toInput(ScalametaCommonEnrichments.scala:512)
	at scala.meta.internal.mtags.Mtags.index(Mtags.scala:101)
	at scala.meta.internal.mtags.Mtags.allSymbols(Mtags.scala:21)
	at scala.meta.internal.mtags.SymbolIndexBucket.allSymbols(SymbolIndexBucket.scala:293)
	at scala.meta.internal.mtags.SymbolIndexBucket.addMtagsSourceFile(SymbolIndexBucket.scala:304)
	at scala.meta.internal.mtags.SymbolIndexBucket.addMtagsSourceFile(SymbolIndexBucket.scala:315)
	at scala.meta.internal.mtags.SymbolIndexBucket.$anonfun$query0$1(SymbolIndexBucket.scala:220)
	at scala.meta.internal.mtags.SymbolIndexBucket.$anonfun$query0$1$adapted(SymbolIndexBucket.scala:220)
	at scala.collection.immutable.Set$Set2.foreach(Set.scala:210)
	at scala.meta.internal.mtags.SymbolIndexBucket.query0(SymbolIndexBucket.scala:220)
	at scala.meta.internal.mtags.SymbolIndexBucket.$anonfun$query0$8(SymbolIndexBucket.scala:242)
	at scala.collection.immutable.List.flatMap(List.scala:283)
	at scala.meta.internal.mtags.SymbolIndexBucket.query0(SymbolIndexBucket.scala:242)
	at scala.meta.internal.mtags.SymbolIndexBucket.query(SymbolIndexBucket.scala:193)
	at scala.meta.internal.mtags.OnDemandSymbolIndex.$anonfun$findSymbolDefinition$1(OnDemandSymbolIndex.scala:143)
	at scala.collection.immutable.List.flatMap(List.scala:283)
	at scala.meta.internal.mtags.OnDemandSymbolIndex.findSymbolDefinition(OnDemandSymbolIndex.scala:143)
	at scala.meta.internal.mtags.OnDemandSymbolIndex.definition(OnDemandSymbolIndex.scala:48)
	at scala.meta.internal.metals.Docstrings.indexSymbol(Docstrings.scala:138)
	at scala.meta.internal.metals.Docstrings.documentation(Docstrings.scala:49)
	at scala.meta.internal.metals.MetalsSymbolSearch.documentation(MetalsSymbolSearch.scala:47)
	at scala.meta.internal.pc.JavaMetalsGlobal.documentation(JavaMetalsGlobal.scala:187)
	at scala.meta.internal.pc.JavaHoverProvider.$anonfun$hoverOffset$1(JavaHoverProvider.scala:67)
	at scala.Option.map(Option.scala:242)
	at scala.meta.internal.pc.JavaHoverProvider.hoverOffset(JavaHoverProvider.scala:57)
	at scala.meta.internal.pc.JavaHoverProvider.hover(JavaHoverProvider.scala:37)
	at scala.meta.internal.pc.JavaPresentationCompiler.hover(JavaPresentationCompiler.scala:80)
	at scala.meta.internal.metals.Compilers.$anonfun$hover$1(Compilers.scala:1134)
	at scala.meta.internal.metals.Compilers.$anonfun$withPCAndAdjustLsp$12(Compilers.scala:1628)
	at scala.Option.map(Option.scala:242)
	at scala.meta.internal.metals.Compilers.$anonfun$withPCAndAdjustLsp$10(Compilers.scala:1628)
	at scala.Option.flatMap(Option.scala:283)
	at scala.meta.internal.metals.Compilers.withPCAndAdjustLsp(Compilers.scala:1610)
	at scala.meta.internal.metals.Compilers.hover(Compilers.scala:1129)
	at scala.meta.internal.metals.MetalsLspService.$anonfun$hover$1(MetalsLspService.scala:996)
	at scala.meta.internal.metals.CancelTokens$.future(CancelTokens.scala:38)
	at scala.meta.internal.metals.MetalsLspService.hover(MetalsLspService.scala:994)
	at scala.meta.internal.metals.WorkspaceLspService.hover(WorkspaceLspService.scala:526)
	at scala.meta.metals.lsp.DelegatingScalaService.hover(DelegatingScalaService.scala:78)
	at java.base/jdk.internal.reflect.DirectMethodHandleAccessor.invoke(DirectMethodHandleAccessor.java:104)
	at java.base/java.lang.reflect.Method.invoke(Method.java:565)
	at org.eclipse.lsp4j.jsonrpc.services.GenericEndpoint.lambda$recursiveFindRpcMethods$0(GenericEndpoint.java:65)
	at org.eclipse.lsp4j.jsonrpc.services.GenericEndpoint.request(GenericEndpoint.java:128)
	at org.eclipse.lsp4j.jsonrpc.RemoteEndpoint.handleRequest(RemoteEndpoint.java:265)
	at org.eclipse.lsp4j.jsonrpc.RemoteEndpoint.consume(RemoteEndpoint.java:195)
	at org.eclipse.lsp4j.jsonrpc.json.StreamMessageProducer.handleMessage(StreamMessageProducer.java:189)
	at org.eclipse.lsp4j.jsonrpc.json.StreamMessageProducer.listen(StreamMessageProducer.java:97)
	at org.eclipse.lsp4j.jsonrpc.json.ConcurrentMessageProcessor.run(ConcurrentMessageProcessor.java:97)
	at java.base/java.util.concurrent.Executors$RunnableAdapter.call(Executors.java:545)
	at java.base/java.util.concurrent.FutureTask.run(FutureTask.java:328)
	at java.base/java.util.concurrent.ThreadPoolExecutor.runWorker(ThreadPoolExecutor.java:1090)
	at java.base/java.util.concurrent.ThreadPoolExecutor$Worker.run(ThreadPoolExecutor.java:614)
	at java.base/java.lang.Thread.run(Thread.java:1474)

2026.09.20 17:25:17 WARN  javac exited with exit code 1
2026.09.20 17:25:17 WARN  Invalid text document uri received from build server: file:///C:/CARMOVO_PROY/CARMOVO/backend/src/main/java/com/carmovo/modulos/vehiculos/VehiculoService.java
2026.09.20 17:25:17 INFO  time: compiled backend in 4.48s
2026.09.20 17:25:17 INFO  compiling backend (10 java sources)
2026.09.20 17:25:19 WARN  javac exited with exit code 1
2026.09.20 17:25:19 INFO  time: compiled backend in 2.39s
2026.09.20 17:25:19 INFO  compiling backend (10 java sources)
2026.09.20 17:25:23 WARN  Unexpected javac output: WARNING: A terminally deprecated method in sun.misc.Unsafe has been called
WARNING: sun.misc.Unsafe::arrayBaseOffset has been called by com.sourcegraph.shaded.com.google.protobuf.UnsafeUtil$MemoryAccessor (file:/C:/Users/hp/AppData/Local/bloop/cache/semanticdb/com.sourcegraph.semanticdb-javac.0.12.3/semanticdb-javac-0.12.3.jar)
WARNING: Please consider reporting this to the maintainers of class com.sourcegraph.shaded.com.google.protobuf.UnsafeUtil$MemoryAccessor
WARNING: sun.misc.Unsafe::arrayBaseOffset will be removed in a future release.
2026.09.20 17:25:23 INFO  time: compiled backend in 3.4s
set. 20, 2026 5:26:21 P. M. org.eclipse.lsp4j.jsonrpc.services.GenericEndpoint notify
INFO: Unsupported notification method: $/setTrace
set. 20, 2026 5:26:23 P. M. org.eclipse.lsp4j.jsonrpc.services.GenericEndpoint notify
INFO: Unsupported notification method: $/setTrace
2026.09.20 17:28:43 INFO  compiling backend (1 java source)
2026.09.20 17:28:44 WARN  Unexpected javac output: WARNING: A terminally deprecated method in sun.misc.Unsafe has been called
WARNING: sun.misc.Unsafe::arrayBaseOffset has been called by com.sourcegraph.shaded.com.google.protobuf.UnsafeUtil$MemoryAccessor (file:/C:/Users/hp/AppData/Local/bloop/cache/semanticdb/com.sourcegraph.semanticdb-javac.0.12.3/semanticdb-javac-0.12.3.jar)
WARNING: Please consider reporting this to the maintainers of class com.sourcegraph.shaded.com.google.protobuf.UnsafeUtil$MemoryAccessor
WARNING: sun.misc.Unsafe::arrayBaseOffset will be removed in a future release.
2026.09.20 17:28:44 INFO  time: compiled backend in 1.4s
set. 20, 2026 5:33:20 P. M. org.eclipse.lsp4j.jsonrpc.RemoteEndpoint handleCancellation
WARNING: Unmatched cancel notification for request id 453
2026.09.20 17:34:20 INFO  compiling backend (10 java sources)
2026.09.20 17:34:22 WARN  Unexpected javac output: WARNING: A terminally deprecated method in sun.misc.Unsafe has been called
WARNING: sun.misc.Unsafe::arrayBaseOffset has been called by com.sourcegraph.shaded.com.google.protobuf.UnsafeUtil$MemoryAccessor (file:/C:/Users/hp/AppData/Local/bloop/cache/semanticdb/com.sourcegraph.semanticdb-javac.0.12.3/semanticdb-javac-0.12.3.jar)
WARNING: Please consider reporting this to the maintainers of class com.sourcegraph.shaded.com.google.protobuf.UnsafeUtil$MemoryAccessor
WARNING: sun.misc.Unsafe::arrayBaseOffset will be removed in a future release.
2026.09.20 17:34:22 INFO  time: compiled backend in 2.45s
set. 20, 2026 5:51:44 P. M. org.eclipse.lsp4j.jsonrpc.RemoteEndpoint handleCancellation
WARNING: Unmatched cancel notification for request id 505
set. 20, 2026 5:51:44 P. M. org.eclipse.lsp4j.jsonrpc.RemoteEndpoint handleCancellation
WARNING: Unmatched cancel notification for request id 506
2026.09.20 17:53:11 INFO  compiling backend (3 java sources)
set. 20, 2026 5:53:11 P. M. org.eclipse.lsp4j.jsonrpc.RemoteEndpoint handleCancellation
WARNING: Unmatched cancel notification for request id 540
2026.09.20 17:53:16 WARN  javac exited with exit code 1
2026.09.20 17:53:16 INFO  time: compiled backend in 4.96s
2026.09.20 17:53:16 INFO  compiling backend (3 java sources)
2026.09.20 17:53:17 WARN  javac exited with exit code 1
2026.09.20 17:53:17 INFO  time: compiled backend in 1.59s
2026.09.20 17:53:19 INFO  compiling backend (1 java source)
2026.09.20 17:53:24 WARN  Unexpected javac output: C:\CARMOVO_PROY\CARMOVO\backend\src\main\java\com\carmovo\modulos\vehiculos\dto\VehiculoDTO.java:13: error: class Vehiculo is public, should be declared in a file named Vehiculo.java
    private String transmision;
                    ^
C:\CARMOVO_PROY\CARMOVO\backend\src\main\java\com\carmovo\modulos\vehiculos\dto\VehiculoDTO.java:1: error: semanticdb-javac: com.sourcegraph.shaded.com.sourcegraph.semanticdb_javac.CompilationUnitException: file:///C:/CARMOVO_PROY/CARMOVO/backend/src/main/java/com/carmovo/modulos/vehiculos/dto/VehiculoDTO.java

package com.carmovo.modulos.vehiculos.dto;
^
  Caused by: java.lang.StringIndexOutOfBoundsException: Index 3323 out of bounds for length 1884

  	at java.base/jdk.internal.util.Preconditions$1.apply(Preconditions.java:55)

  	at java.base/jdk.internal.util.Preconditions$1.apply(Preconditions.java:52)

  	at java.base/jdk.internal.util.Preconditions$4.apply(Preconditions.java:213)

  	at java.base/jdk.internal.util.Preconditions$4.apply(Preconditions.java:210)

  	at java.base/jdk.internal.util.Preconditions.outOfBounds(Preconditions.java:98)

  	at java.base/jdk.internal.util.Preconditions.outOfBoundsCheckIndex(Preconditions.java:106)

  	at java.base/jdk.internal.util.Preconditions.checkIndex(Preconditions.java:302)

  	at java.base/java.lang.String.checkIndex(String.java:4904)

  	at java.base/java.lang.StringLatin1.charAt(StringLatin1.java:45)

  	at java.base/java.lang.String.charAt(String.java:1624)

  	at com.sourcegraph.shaded.com.sourcegraph.semanticdb_javac.SemanticdbVisitor.correctForTabs(SemanticdbVisitor.java:457)

  	at com.sourcegraph.shaded.com.sourcegraph.semanticdb_javac.SemanticdbVisitor.semanticdbRange(SemanticdbVisitor.java:442)

  	at com.sourcegraph.shaded.com.sourcegraph.semanticdb_javac.SemanticdbVisitor.emitSymbolOccurrence(SemanticdbVisitor.java:112)

  	at com.sourcegraph.shaded.com.sourcegraph.semanticdb_javac.SemanticdbVisitor.resolveClassTree(SemanticdbVisitor.java:263)

  	at com.sourcegraph.shaded.com.sourcegraph.semanticdb_javac.SemanticdbVisitor.resolveNodes(SemanticdbVisitor.java:222)

  	at com.sourcegraph.shaded.com.sourcegraph.semanticdb_javac.SemanticdbVisitor.buildTextDocument(SemanticdbVisitor.java:96)

  	at com.sourcegraph.shaded.com.sourcegraph.semanticdb_javac.SemanticdbTaskListener.onFinishedAnalyze(SemanticdbTaskListener.java:116)

  	at com.sourcegraph.shaded.com.sourcegraph.semanticdb_javac.SemanticdbTaskListener.finished(SemanticdbTaskListener.java:79)

  	at jdk.compiler/com.sun.tools.javac.api.ClientCodeWrapper$WrappedTaskListener.finished(ClientCodeWrapper.java:876)

  	at jdk.compiler/com.sun.tools.javac.api.MultiTaskListener.finished(MultiTaskListener.java:133)

  	at jdk.compiler/com.sun.tools.javac.main.JavaCompiler.flow(JavaCompiler.java:1423)

  	at jdk.compiler/com.sun.tools.javac.main.JavaCompiler.flow(JavaCompiler.java:1380)

  	at jdk.compiler/com.sun.tools.javac.main.JavaCompiler.compile(JavaCompiler.java:968)

  	at jdk.compiler/com.sun.tools.javac.main.Main.compile(Main.java:319)

  	at jdk.compiler/com.sun.tools.javac.main.Main.compile(Main.java:178)

  	at jdk.compiler/com.sun.tools.javac.Main.compile(Main.java:66)

  	at jdk.compiler/com.sun.tools.javac.Main.main(Main.java:52)

2 errors.
2026.09.20 17:53:24 WARN  javac exited with exit code 1
2026.09.20 17:53:24 INFO  time: compiled backend in 5.6s
2026.09.20 17:56:39 INFO  compiling backend (1 java source)
2026.09.20 17:56:41 WARN  Unexpected javac output: WARNING: A terminally deprecated method in sun.misc.Unsafe has been called
WARNING: sun.misc.Unsafe::arrayBaseOffset has been called by com.sourcegraph.shaded.com.google.protobuf.UnsafeUtil$MemoryAccessor (file:/C:/Users/hp/AppData/Local/bloop/cache/semanticdb/com.sourcegraph.semanticdb-javac.0.12.3/semanticdb-javac-0.12.3.jar)
WARNING: Please consider reporting this to the maintainers of class com.sourcegraph.shaded.com.google.protobuf.UnsafeUtil$MemoryAccessor
WARNING: sun.misc.Unsafe::arrayBaseOffset will be removed in a future release.
2026.09.20 17:56:41 INFO  time: compiled backend in 2.02s
2026.09.20 17:56:48 INFO  compiling backend (1 java source)
2026.09.20 17:56:48 WARN  Could not load snapshot text for C:\CARMOVO_PROY\CARMOVO\backend\src\main\java\com\carmovo\modulos\vehiculos\Vehiculo.java
2026.09.20 17:56:50 WARN  Unexpected javac output: WARNING: A terminally deprecated method in sun.misc.Unsafe has been called
WARNING: sun.misc.Unsafe::arrayBaseOffset has been called by com.sourcegraph.shaded.com.google.protobuf.UnsafeUtil$MemoryAccessor (file:/C:/Users/hp/AppData/Local/bloop/cache/semanticdb/com.sourcegraph.semanticdb-javac.0.12.3/semanticdb-javac-0.12.3.jar)
WARNING: Please consider reporting this to the maintainers of class com.sourcegraph.shaded.com.google.protobuf.UnsafeUtil$MemoryAccessor
WARNING: sun.misc.Unsafe::arrayBaseOffset will be removed in a future release.
2026.09.20 17:56:50 INFO  time: compiled backend in 2.6s
